day,upside_members,upside_MRR,upside_retained_MRR,upside_spend,upside_cash,upside_reserve_held,central_members,central_MRR,central_retained_MRR,central_spend,central_cash,central_reserve_held,profitable6_members,profitable6_MRR,profitable6_retained_MRR,profitable6_spend,profitable6_cash,profitable6_reserve_held,profitable12_members,profitable12_MRR,profitable12_retained_MRR,profitable12_spend,profitable12_cash,profitable12_reserve_held,r7_central_MRR,r7_upside_MRR,r7_central_cash,r7_upside_cash,r20_MRR,r21_MRR,r22_MRR,r23_MRR,r24_MRR,r25_MRR,r26_MRR,r20_cash,r21_cash,r22_cash,r23_cash,r24_cash,r25_cash,r26_cash,r20_views,r20_posts,r30_MRR,r31_MRR,r32_MRR,r33_MRR,r34_MRR,r35_MRR,r30_cash,r31_cash,r32_cash,r33_cash,r34_cash,r35_cash,r30_views,r31_views,r32_views,r33_views,r34_views,r35_views,r30_posts,r31_posts,r32_posts,r33_posts,r34_posts,r35_posts
1,87,2485.72,1296.87,8000,-9588.18,371.16,65,1552.83,792.15,8000,-9571.58,249.08,0,0,0,0,-1076.7,74.99,0,0,0,1500,-2690.55,118.01,503.2,693.69,-4274.73,-4288.89,959.06,3244.73,0.00,1734.74,1734.74,1150.84,893.61,-15505.76,-15651.30,-15516.60,-16787.60,-16787.60,-15511.90,-15503.67,211526,37.2,1175.71,5865.07,1796.31,1820.99,1866.80,2749.34,-15591.63,-15820.59,-16266.36,-16267.15,-16268.62,-16296.87,334753,873813,624854,649849,649849,649849,94.6,113.2,208.0,208.0,208.0,208.0
2,174,4946.21,2580.59,8000,-19179.21,738.03,114,2702.19,1378.49,8000,-19132.88,424.46,0,0,0,0,-2120.71,78.86,0,0,0,1500,-5348.41,164.9,790.93,1375.53,-8527.6,-8577.71,1270.05,4830.51,21.92,3045.16,3045.16,1495.10,1193.24,-16558.17,-16758.66,-16570.93,-19429.40,-19429.40,-16565.70,-16555.60,219195,38.1,1646.38,9313.63,2689.47,2735.73,2828.80,4256.35,-16664.64,-17008.78,-17414.77,-17416.29,-17419.35,-17466.55,346498,903678,641330,670730,670730,670730,95.8,115.6,210.0,210.0,210.0,210.0
3,267,7618.97,3975.05,8600,-29379.37,1133.36,181,4302.98,2195.11,8600,-29310.58,678.44,0,0,0,0,-3190.88,139.62,0,0,0,2100,-8642.85,287.5,1319.74,2157.15,-13406.24,-13477.22,1930.04,6819.03,42.73,4974.13,4974.13,2317.28,1797.87,-17622.83,-17882.69,-17640.95,-22727.69,-22727.69,-17635.93,-17618.35,227053,39.0,2438.76,12796.29,3806.13,3873.55,4015.39,5785.62,-17749.47,-18205.35,-18572.95,-18575.23,-18580.00,-18640.60,358530,934120,658169,692210,692210,692210,97.0,118.0,212.0,212.0,212.0,212.0
4,357,10169.37,5305.66,9200,-40180.06,1500.17,229,5430.89,2770.49,6800,-37531.86,850.54,0,0,0,0,-4234.89,143.49,0,0,0,2700,-12521.55,372.01,1744.89,2881.24,-18874.81,-18972.39,2105.52,7643.65,70.48,6662.79,6662.79,2528.15,1961.27,-18673.45,-18973.55,-18690.40,-26621.92,-26621.92,-18688.34,-18668.36,233415,39.6,2724.64,14769.04,4307.24,4395.63,4588.77,6522.65,-18822.94,-19363.37,-19716.47,-19719.53,-19726.19,-19795.03,383893,1022249,685487,724991,724991,724991,111.6,133.2,226.0,226.0,226.0,226.0
5,456,13009.94,6787.68,9800,-51592.09,1908.71,282,6687.46,3411.51,7400,-46359.17,1042.28,0,0,0,0,-5278.9,147.35,0,0,0,3300,-17010.69,475.33,2238.74,3741.73,-24951.25,-25081.85,2274.90,8438.05,92.06,8345.35,8345.35,2733.86,2118.25,-19724.53,-20065.56,-19739.97,-30519.19,-30519.19,-19741.31,-19718.80,239920,40.2,3001.75,16677.84,4786.80,4898.06,5143.61,7216.57,-19896.97,-20523.40,-20860.15,-20864.10,-20872.76,-20949.34,392774,1047227,696311,740577,740577,740577,112.2,134.4,226.0,226.0,226.0,226.0
6,579,16501.68,8609.42,10400,-60464.07,2420.47,352,8355.1,4262.24,8000,-53683.12,1305.24,0,0,0,0,-5756.54,201.0,0,0,0,3900,-21211.69,647.24,2952.11,4908.3,-30382.01,-30179.95,2800.97,9865.38,108.62,10384.59,10384.59,3409.00,2593.44,-20084.75,-19139.19,-19878.00,-33304.56,-33304.56,-20142.97,-20040.45,246573,40.8,3633.48,19192.73,5610.24,5746.38,6045.47,8218.59,-20161.95,-18235.12,-20855.51,-20846.96,-20832.74,-20443.05,401841,1070494,707306,756497,756497,756497,112.8,135.6,226.0,226.0,226.0,226.0
7,689,19632.43,10242.83,10400,-69367.98,2870.75,410,9740.31,4968.88,8000,-61628.32,1516.61,0,0,0,0,-6770.7,204.87,0,0,0,3900,-25949.22,769.37,3514.67,5905.19,-36401.07,-35295.25,2962.13,10614.79,130.87,12058.92,12058.92,3608.40,2741.55,-20967.46,-19368.62,-20667.04,-36492.80,-36492.80,-21068.40,-20897.97,252531,41.1,3908.20,21100.16,6067.76,6231.66,6586.95,8860.56,-20984.10,-17523.58,-21516.09,-21496.88,-21459.15,-20778.74,427175,1156885,735399,790964,790964,790964,127.1,150.2,240.0,240.0,240.0,240.0
8,814,23185.59,12226.31,10400,-78051.57,3427.92,466,11065.81,5740.13,8000,-68910.72,1747.3,19,451.4,279.87,0,-7338.11,253.87,32,760.38,471.44,3900,-30098.87,973.99,4552.57,7683.09,-41784.49,-40234.89,3063.24,11154.97,148.04,13985.35,13985.35,3737.21,2833.20,-21516.50,-19163.93,-21041.49,-39214.15,-39214.15,-21626.93,-21429.78,258615,41.4,4108.94,22627.72,6406.63,6599.14,7009.10,9315.18,-21487.64,-16580.53,-21911.52,-21881.99,-21820.08,-20966.19,436017,1179958,747011,807968,807968,807968,127.4,150.8,240.0,240.0,240.0,240.0
9,935,26658.32,14166.5,10400,-86981.47,3970.96,534,12681.81,6634.87,8000,-76899.92,2022.21,20,479.16,297.08,0,-8372.7,303.19,46,1097.13,680.22,3900,-34571.0,1178.92,5533.78,9412.82,-47506.14,-45393.64,3511.36,12348.74,158.80,16245.35,16245.35,4319.33,3235.58,-22483.77,-19829.06,-21945.07,-42223.43,-42223.43,-22616.29,-22385.07,264829,41.7,4659.59,24845.69,7101.08,7324.85,7790.62,10121.12,-22421.57,-16697.71,-22796.76,-22757.15,-22669.78,-21732.22,445032,1203359,758807,825337,825337,825337,127.7,151.4,240.0,240.0,240.0,240.0
10,1046,29802.62,15946.43,10400,-95552.69,4461.63,590,14003.29,7406.99,8000,-84717.19,2253.17,36,845.83,524.41,0,-9388.45,343.98,80,1907.87,1182.88,3900,-38879.81,1388.83,6594.71,11075.36,-53057.11,-50241.44,3635.31,12961.27,175.17,18165.02,18165.02,4477.01,3348.02,-23445.63,-20495.32,-22845.58,-45230.37,-45230.37,-23596.12,-23336.73,271174,42.0,4887.51,26499.98,7473.55,7731.18,8253.93,10625.59,-23351.72,-16836.08,-23685.12,-23634.52,-23521.24,-22513.62,454223,1227103,770789,843080,843080,843080,128.0,152.0,240.0,240.0,240.0,240.0
11,1157,32961.38,17727.51,10400,-103249.03,4952.62,648,15383.25,8180.01,8000,-91930.74,2484.39,37,873.58,541.62,0,-10012.83,351.12,106,2514.79,1559.17,3900,-42652.99,1578.61,6961.65,15049.5,-56446.44,-59625.86,3794.28,13648.88,186.52,20105.05,20105.05,4680.23,3491.88,-24087.87,-20629.38,-23346.86,-47920.71,-47920.71,-24236.15,-23970.40,275456,42.0,5151.86,28247.57,7885.97,8180.16,8761.03,11175.33,-23963.56,-16458.64,-24261.19,-24198.65,-24058.98,-23008.62,461395,1246479,782959,861204,861204,861204,128.0,152.0,240.0,240.0,240.0,240.0
12,1266,36093.33,19509.74,10400,-111473.96,5443.92,705,16749.5,8953.9,8000,-99585.94,2715.87,38,901.34,558.83,0,-11029.0,358.52,137,3256.79,2019.21,3900,-46819.18,1782.15,7387.88,19131.4,-60258.81,-69471.34,3960.12,14346.34,196.60,22051.96,22051.96,4893.18,3641.64,-25055.51,-21323.61,-24253.84,-50939.47,-50939.47,-25220.07,-24928.94,279806,42.0,5423.60,30007.49,8304.30,8637.73,9277.97,11728.51,-24896.68,-16604.70,-25163.59,-25087.68,-24920.30,-23820.57,468681,1266161,795323,879718,879718,879718,128.0,152.0,240.0,240.0,240.0,240.0
13,1385,39471.79,21454.56,10400,-119158.29,5988.24,771,18310.23,9852.18,8000,-107371.29,2991.84,52,1225.65,759.9,0,-11696.77,438.51,187,4430.42,2746.86,3900,-50334.98,2071.78,8003.59,23761.79,-63681.81,-78312.69,4421.25,15580.39,206.46,24294.15,24294.15,5493.39,4055.31,-26035.18,-22045.80,-25180.72,-53777.41,-53777.41,-26218.56,-25898.85,284224,42.0,5991.32,32308.68,9017.70,9393.17,10094.05,12561.00,-25842.53,-16787.95,-26082.97,-25992.60,-25796.98,-24655.47,476081,1286154,807881,898629,898629,898629,128.0,152.0,240.0,240.0,240.0,240.0
14,1506,42922.47,23418.22,10400,-126965.33,6538.65,828,19664.51,10627.84,8000,-114701.39,3223.86,53,1253.41,777.11,0,-12355.57,446.42,223,5307.51,3290.66,3900,-53843.85,2289.33,8489.12,28297.0,-66859.33,-87272.96,4601.94,16303.45,221.74,26255.91,26255.91,5726.94,4217.95,-26730.57,-22289.31,-25752.43,-56334.10,-56334.10,-26913.02,-26586.63,288712,42.0,6278.89,34100.01,9450.51,9870.87,10633.61,13126.74,-26504.59,-16499.22,-26722.18,-26616.15,-26391.78,-25229.66,483599,1306463,820637,917948,917948,917948,128.0,152.0,240.0,240.0,240.0,240.0
15,1613,45964.95,25203.92,10400,-135245.17,7030.92,884,21005.32,11404.39,8000,-122490.8,3456.13,54,1281.17,794.32,0,-13071.45,454.58,262,6230.95,3863.19,3900,-57300.33,2511.78,9010.08,32680.07,-70246.65,-96562.4,4780.30,16989.75,235.00,28193.81,28193.81,5961.06,4377.28,-27699.70,-22999.09,-26663.48,-59167.52,-59167.52,-27897.90,-27547.23,293271,42.0,6560.64,35808.02,9862.42,10330.28,11156.21,13644.22,-27440.58,-16679.54,-27637.86,-27514.94,-27261.28,-26069.68,491235,1327092,833595,937681,937681,937681,128.0,152.0,240.0,240.0,240.0,240.0
16,1720,49017.94,26990.78,10400,-143509.23,7523.49,940,22318.82,12181.82,8000,-130193.76,3688.67,66,1563.11,969.13,0,-14063.0,488.41,312,7408.56,4593.31,3900,-60923.83,2759.89,9642.61,37035.17,-74103.34,-104037.08,4949.74,17666.37,246.93,30122.80,30122.80,6183.42,4528.67,-28666.66,-23708.75,-27574.64,-62001.75,-62001.75,-28880.85,-28505.57,297901,42.0,6835.25,37524.09,10269.79,10788.32,11678.80,14163.37,-28374.55,-16863.43,-28553.49,-28412.40,-28128.89,-26912.85,498992,1348047,846758,957839,957839,957839,128.0,152.0,240.0,240.0,240.0,240.0
17,1828,52103.86,28778.79,10400,-151816.89,8016.39,996,23662.9,12960.13,8000,-137920.5,3921.48,67,1592.69,987.47,0,-15052.91,497.26,351,8333.82,5166.97,3900,-64436.66,2983.02,10164.37,41280.75,-77916.12,-111438.51,5147.00,18400.15,257.29,32079.60,32079.60,6442.11,4704.95,-29631.24,-24417.01,-28482.12,-64836.61,-64836.61,-29861.81,-29461.40,302605,42.0,7139.45,39315.09,10709.31,11281.77,12238.18,14719.06,-29306.21,-17047.98,-29468.32,-29307.72,-28993.81,-27757.63,506871,1369333,860128,978430,978430,978430,128.0,152.0,240.0,240.0,240.0,240.0
18,1937,55191.78,30567.96,10400,-159770.93,8509.61,1053,25008.49,13739.33,8000,-145346.26,4154.55,68,1624.09,1006.93,0,-15462.91,506.54,390,9260.89,5741.75,3900,-67260.6,3206.59,11091.44,44368.66,-81255.48,-118219.84,5353.54,19157.52,267.69,34045.69,34045.69,6712.91,4889.56,-30316.64,-24653.39,-29035.57,-67395.28,-67395.28,-30547.59,-30138.72,307384,42.0,7454.72,41147.59,11162.38,11792.15,12815.91,15293.64,-29958.61,-16761.35,-30105.05,-29923.55,-29578.66,-28339.81,514874,1390955,873710,999464,999464,999464,128.0,152.0,240.0,240.0,240.0,240.0
19,2045,58281.68,32358.28,10400,-167625.74,9003.15,1110,26355.61,14519.42,8000,-153097.04,4387.89,70,1657.3,1027.53,0,-16449.54,516.26,429,10189.78,6317.66,3900,-70662.68,3430.6,12020.33,47458.57,-85024.94,-125049.69,5569.38,19938.47,278.43,36021.07,36021.07,6995.82,5082.51,-31276.01,-25355.61,-29928.48,-70230.90,-70230.90,-31524.39,-31088.89,312237,42.0,7781.10,43021.69,11629.01,12319.56,13412.12,15887.17,-30884.81,-16940.05,-31016.42,-30812.59,-30436.13,-29183.88,523004,1412918,887506,1020950,1020950,1020950,128.0,152.0,240.0,240.0,240.0,240.0
20,2161,61600.49,34284.28,10400,-176084.24,9540.91,1174,27876.94,15403.29,8000,-160877.68,4658.34,82,1946.52,1206.84,0,-17451.4,587.4,479,11374.67,7052.3,3900,-74043.56,3716.01,13205.22,50777.37,-88785.36,-132248.75,6034.05,21179.30,289.61,38245.28,38245.28,7604.47,5498.03,-32246.42,-26096.88,-30836.56,-73080.54,-73080.54,-32513.69,-32049.97,317167,42.0,8358.11,45373.82,12348.74,13103.66,14266.49,16727.29,-31824.22,-17186.09,-31949.78,-31722.34,-31313.72,-30065.24,531263,1435228,901520,1042898,1042898,1042898,128.0,152.0,240.0,240.0,240.0,240.0
21,2269,64660.05,36076.91,10400,-184526.21,10035.08,1231,29227.12,16185.14,8000,-168696.82,4892.2,84,1983.38,1229.69,0,-18227.62,597.99,518,12307.2,7630.47,3900,-77200.13,3940.89,14137.75,53836.94,-92448.34,-139465.23,6268.51,22007.52,306.13,40239.29,40239.29,7911.68,5707.67,-33205.30,-26814.69,-31727.51,-75921.64,-75921.64,-33490.03,-32999.87,322176,42.0,8706.76,47331.64,12842.57,13665.55,14900.17,17359.04,-32751.41,-17401.75,-32870.03,-32617.40,-32176.01,-30931.69,539651,1457891,915755,1065318,1065318,1065318,128.0,152.0,240.0,240.0,240.0,240.0
22,2377,67755.94,37870.7,10400,-192925.99,10529.57,1288,30578.81,16967.88,8000,-176472.25,5126.33,85,2022.05,1253.67,0,-19208.5,609.02,558,13241.55,8209.76,3900,-80563.04,4166.2,15072.1,56932.82,-96191.72,-146765.26,6512.93,22862.59,321.30,42243.25,42243.25,8231.69,5926.28,-34160.55,-27523.39,-32612.86,-78762.10,-78762.10,-34463.76,-33945.65,327263,42.0,9067.49,49338.06,13351.85,14246.71,15554.67,18013.54,-33674.26,-17601.28,-33785.03,-33505.59,-33030.80,-31790.63,548172,1480911,930215,1088220,1088220,1088220,128.0,152.0,240.0,240.0,240.0,240.0
23,2486,70853.82,39665.64,10400,-201328.1,11024.38,1345,31932.03,17751.5,8000,-184248.33,5360.72,87,2062.54,1278.78,0,-20186.34,620.48,597,14177.72,8790.19,3900,-83924.44,4391.94,16008.27,60030.7,-99555.52,-155155.47,6766.61,23741.00,335.76,44256.47,44256.47,8563.84,6153.17,-35112.23,-28223.06,-33491.08,-81601.98,-81601.98,-35434.99,-34887.35,332430,42.0,9439.31,51386.00,13874.57,14845.25,16228.11,18686.98,-34592.82,-17784.64,-34694.83,-34386.90,-33878.07,-32642.06,556828,1504295,944903,1111614,1111614,1111614,128.0,152.0,240.0,240.0,240.0,240.0
24,2595,73953.69,41461.74,10400,-209732.56,11519.51,1402,33286.78,18536.0,8000,-192025.05,5595.38,89,2104.86,1305.01,0,-21161.17,632.37,636,15115.71,9371.74,3900,-87284.34,4618.12,16946.26,63130.58,-102917.82,-163548.03,7029.59,24642.94,350.15,46279.00,46279.00,8908.16,6388.39,-36060.42,-28913.77,-34361.92,-84441.35,-84441.35,-36403.79,-35825.05,337679,42.0,9822.31,53475.94,14410.84,15461.39,16920.77,19379.64,-35507.16,-17951.80,-35599.46,-35261.33,-34717.80,-33485.95,565621,1528048,959823,1135511,1135511,1135511,128.0,152.0,240.0,240.0,240.0,240.0
25,2704,77055.56,43258.99,10400,-217809.59,12014.96,1459,34643.05,19321.39,8000,-199533.05,5830.3,90,2148.99,1332.37,0,-21645.33,644.7,676,16055.52,9954.42,3900,-90155.1,4844.73,17886.07,66232.44,-105790.98,-171613.15,7301.92,25568.57,364.43,48310.87,48310.87,9264.72,6631.97,-36774.64,-29204.50,-34934.35,-87049.74,-87049.74,-37126.00,-36528.98,343011,42.0,10216.54,55608.33,14960.77,16095.36,17632.90,20091.77,-36186.78,-17711.63,-36268.43,-35898.31,-35319.42,-34103.26,574552,1552176,974979,1159922,1159922,1159922,128.0,152.0,240.0,240.0,240.0,240.0
26,2813,80159.42,45057.4,10400,-226268.21,12510.72,1516,36000.84,20107.66,8000,-207311.15,6065.48,92,2194.94,1360.86,0,-22614.17,657.47,716,16997.14,10538.23,3900,-93512.07,5071.78,18827.69,69336.3,-109150.34,-180059.86,7583.62,26518.07,378.96,50352.12,50352.12,9633.56,6883.94,-37716.04,-29877.55,-35786.34,-89888.28,-89888.28,-38090.25,-37458.81,348428,42.0,10622.08,57783.64,15524.47,16747.40,18364.78,20823.65,-37092.82,-17846.28,-37162.85,-36758.91,-36143.99,-34931.97,583624,1576685,990374,1184857,1184857,1184857,128.0,152.0,240.0,240.0,240.0,240.0
27,2930,83497.33,46991.49,10400,-234686.71,13050.72,1581,37537.68,20997.72,8000,-215096.38,6337.78,103,2454.53,1521.81,0,-23596.8,727.42,764,18152.41,11254.49,3900,-96884.31,5356.01,19982.96,72674.21,-112524.98,-188466.45,8117.37,27933.53,393.87,52645.40,52645.40,10332.40,7361.33,-38662.36,-30556.88,-36643.42,-92734.74,-92734.74,-39063.15,-38392.16,353929,42.0,11281.61,60444.27,16344.65,17660.35,19359.30,21806.04,-38003.02,-17979.62,-38060.45,-37620.82,-36969.16,-35760.88,592840,1601581,1006012,1210329,1210329,1210329,128.0,152.0,240.0,240.0,240.0,240.0
28,3039,86605.17,48792.21,10400,-243101.15,13547.12,1638,38898.53,21785.76,8000,-222876.21,6573.5,105,2504.12,1552.55,0,-24560.14,741.05,804,19097.67,11840.56,3900,-100238.79,5583.93,20928.22,75782.06,-115881.86,-196868.97,8417.95,28931.31,414.22,54705.54,54705.54,10725.96,7630.19,-39597.63,-31213.31,-37482.74,-95573.13,-95573.13,-40023.76,-39314.72,359518,42.0,11709.97,62706.88,16936.20,18349.25,20131.50,22578.24,-38901.39,-18082.35,-38945.22,-38467.95,-37778.84,-36574.70,602201,1626870,1021897,1236348,1236348,1236348,128.0,152.0,240.0,240.0,240.0,240.0
29,3148,89715.01,50594.08,10400,-251518.05,14043.84,1695,40260.9,22574.68,8000,-230656.8,6809.47,108,2555.53,1584.43,0,-25520.56,755.13,844,20044.75,12427.75,3900,-103591.88,5812.29,21875.3,78891.9,-119237.34,-205273.95,8728.05,29953.51,433.13,56775.17,56775.17,11131.97,7907.54,-40529.73,-31861.17,-38314.94,-98411.32,-98411.32,-40982.42,-40233.54,365195,42.0,12149.85,65013.89,17541.85,19056.95,20924.30,23371.04,-39795.79,-18168.68,-39825.01,-39308.10,-38580.83,-37380.81,611709,1652559,1038033,1262926,1262926,1262926,128.0,152.0,240.0,240.0,240.0,240.0
30,3257,92826.84,52397.11,10400,-259937.45,14540.88,1753,41624.79,23364.48,8000,-238438.15,7045.72,110,2608.75,1617.43,0,-26478.07,769.63,884,20993.66,13016.07,3900,-106943.59,6041.08,22824.21,82003.73,-122591.44,-213681.42,9047.68,31000.32,451.25,58854.35,58854.35,11550.47,8193.43,-41458.72,-32500.54,-39140.03,-101249.40,-101249.40,-41939.23,-41148.67,370961,42.0,12601.33,67365.78,18161.71,19783.70,21738.00,24184.73,-40686.28,-18238.55,-40699.87,-40141.26,-39375.08,-38179.19,621368,1678653,1054424,1290076,1290076,1290076,128.0,152.0,240.0,240.0,240.0,240.0
31,3304,94158.78,53762.2,6400,-264095.52,15046.88,1772,42052.98,23986.93,5200,-243238.65,7300.92,112,2663.8,1651.56,0,-27433.95,786.9,924,21944.38,13605.52,3900,-110295.23,6272.62,23598.99,84013.54,-125945.19,-217828.51,8953.19,30867.76,469.23,60176.71,60176.71,11473.08,8093.10,-42383.20,-33128.38,-39957.69,-104085.98,-104085.98,-42892.50,-42058.82,376819,42.0,12545.04,67586.49,18002.29,19725.27,21748.13,23804.96,-41571.40,-18287.47,-41567.82,-40965.44,-40159.60,-38967.01,631180,1705159,1071073,1317809,1317809,1317809,128.0,152.0,240.0,240.0,240.0,240.0
32,3351,95502.26,55128.45,6400,-267916.33,15551.88,1797,42622.87,24601.21,5200,-247761.81,7535.89,115,2720.67,1686.81,0,-27933.94,804.59,964,22896.92,14196.09,3900,-113192.53,6504.6,24450.9,86029.83,-128844.44,-221639.31,9154.57,31375.65,479.45,61696.03,61696.03,11764.56,8263.73,-43073.64,-33355.15,-40476.82,-106690.92,-106690.92,-43599.24,-42735.08,382769,42.0,12811.90,68749.54,18256.19,20086.67,22179.35,23995.34,-42221.50,-17926.01,-42199.31,-41550.99,-40704.71,-39526.40,641146,1732084,1087986,1346139,1346139,1346139,128.0,152.0,240.0,240.0,240.0,240.0
33,3395,96767.43,56495.85,6400,-272074.23,16068.28,1816,43037.27,25226.32,5200,-252560.96,7794.28,117,2779.35,1723.2,0,-28884.06,822.72,1004,23851.28,14787.79,3900,-116541.53,6737.02,25220.33,88010.36,-132195.08,-225788.2,9211.42,31759.17,490.31,62951.65,62951.65,11857.53,8308.25,-43990.58,-33962.66,-41275.20,-109524.83,-109524.83,-44547.25,-43636.60,388813,42.0,12948.41,69946.17,18425.84,20369.31,22533.11,24197.58,-43097.26,-17936.25,-43055.15,-42358.67,-41471.16,-40295.27,651270,1759434,1105165,1375078,1375078,1375078,128.0,152.0,240.0,240.0,240.0,240.0
34,3441,98055.1,57864.41,6400,-276232.04,16578.61,1841,43593.3,25841.73,5200,-257359.54,8028.88,128,3051.68,1892.04,0,-29832.03,862.47,1053,25019.28,15511.95,3900,-119889.63,6991.05,26239.61,89988.87,-135544.58,-229938.0,9476.50,32571.68,499.14,64307.53,64307.53,12212.97,8542.49,-44904.24,-34560.90,-42067.40,-112357.36,-112357.36,-45493.26,-44534.24,394952,42.0,13305.04,71721.72,18866.56,20928.56,23164.33,24757.15,-43968.79,-17928.07,-43905.47,-43158.54,-42228.95,-41055.30,661554,1787216,1122616,1404639,1404639,1404639,128.0,152.0,240.0,240.0,240.0,240.0
35,3483,99260.78,59234.12,6400,-280389.66,17104.39,1865,44130.26,26460.82,5200,-262157.55,8270.41,131,3114.0,1930.68,0,-30777.18,881.48,1094,25977.28,16105.91,3900,-123236.46,7224.33,27024.84,91943.56,-138892.52,-234088.67,9769.52,33449.15,509.67,65691.22,65691.22,12603.73,8802.14,-45814.74,-35150.01,-42852.87,-115188.61,-115188.61,-46437.41,-45428.12,401189,42.0,13693.00,73596.61,19347.06,21532.37,23841.66,25372.88,-44836.19,-17901.48,-44750.35,-43950.59,-42978.08,-41806.51,672000,1815436,1140342,1434835,1434835,1434835,128.0,152.0,240.0,240.0,240.0,240.0
36,3517,100204.51,60587.36,6400,-284476.68,17721.13,1883,44520.76,27084.83,5200,-266798.84,8574.82,134,3178.14,1970.45,0,-31701.61,900.91,1134,26937.1,16701.0,3900,-126564.13,7458.05,27732.5,93780.77,-142002.94,-238964.03,9911.90,34106.32,522.72,66921.87,66921.87,12796.50,8927.32,-46347.23,-34261.39,-43631.06,-117341.25,-117341.25,-46929.80,-45969.02,407523,42.0,13932.83,75274.35,19685.21,21998.64,24382.88,25867.09,-45240.15,-15202.38,-44888.38,-44023.74,-42989.55,-41475.57,682611,1844102,1158349,1465680,1465680,1465680,128.0,152.0,240.0,240.0,240.0,240.0
37,3555,101286.96,61941.93,6400,-288574.53,18318.77,1905,45012.17,27704.66,5200,-271612.99,8854.39,137,3244.1,2011.34,0,-32623.25,920.79,1175,27898.73,17297.21,3900,-129890.57,7692.21,28495.79,95684.22,-145204.84,-243845.47,10227.23,35046.70,534.43,68324.69,68324.69,13214.71,9207.54,-47128.79,-34112.07,-44392.66,-119656.90,-119656.90,-47734.35,-46737.30,413958,42.0,14344.58,77234.33,20202.69,22648.94,25109.09,26547.11,-45914.23,-13573.95,-45372.00,-44441.17,-43343.82,-41618.29,693389,1873221,1176639,1497189,1497189,1497189,128.0,152.0,240.0,240.0,240.0,240.0
38,3588,102200.24,63296.15,6400,-292577.79,18956.57,1928,45507.23,28326.65,5200,-276230.62,9152.88,134,3167.3,2073.99,0,-33541.61,970.78,1205,28607.23,17922.22,3900,-133215.34,7975.67,29085.22,97350.58,-148300.31,-248683.19,10552.53,36017.27,548.51,69578.10,69578.10,13645.12,9496.96,-47770.90,-33770.53,-45147.05,-121728.63,-121728.63,-48350.48,-47382.69,420495,42.0,14769.10,79253.68,20739.48,23323.65,25861.31,27260.41,-46458.37,-11909.09,-45762.33,-44762.87,-43600.81,-41742.15,704338,1902799,1195218,1529375,1529375,1529375,128.0,152.0,240.0,240.0,240.0,240.0
39,3622,103147.77,64652.39,6400,-296671.82,19587.58,1947,45921.09,28956.33,5200,-281087.92,9451.45,137,3243.61,2128.07,0,-34284.04,994.95,1242,29468.83,18538.65,3900,-136365.5,8233.32,29707.41,99037.92,-151265.37,-253583.89,10753.07,36812.62,564.51,70705.89,70705.89,13911.47,9675.04,-48598.04,-33944.71,-45890.71,-123890.90,-123890.90,-49202.24,-48195.67,427134,42.0,15071.51,81125.49,21160.23,23887.54,26504.38,27877.59,-47195.06,-10905.78,-46386.25,-45315.58,-44086.86,-42164.59,715460,1932845,1214091,1562253,1562253,1562253,128.0,152.0,240.0,240.0,240.0,240.0
40,3660,104211.43,66007.73,6400,-300599.92,20209.49,1970,46419.52,29581.05,5200,-285851.37,9741.59,136,3200.69,2191.01,0,-35196.47,1040.59,1272,30162.92,19166.99,3900,-139687.23,8520.86,30291.23,100748.02,-154371.83,-258387.69,11097.56,37841.40,579.18,71977.49,71977.49,14365.74,9982.07,-49424.51,-34123.12,-46629.95,-126052.80,-126052.80,-50054.37,-49007.47,433879,42.0,15520.35,83256.20,21732.77,24608.57,27306.29,28651.64,-47930.98,-9911.19,-47012.84,-45867.48,-44570.67,-42594.15,726757,1963365,1233262,1595837,1595837,1595837,128.0,152.0,240.0,240.0,240.0,240.0
41,3698,105271.63,67359.61,6400,-303752.16,20846.68,1993,46917.45,30205.28,5200,-290078.62,10043.17,139,3280.61,2247.32,0,-36106.18,1065.66,1305,30931.58,19791.77,3900,-143007.45,8796.24,31123.43,101586.34,-157276.07,-262906.7,11448.40,38892.89,595.88,73255.31,73255.31,14827.83,10294.94,-49903.86,-33201.63,-47363.07,-127702.10,-127702.10,-50475.80,-49500.52,440730,42.0,15977.93,85434.69,22318.52,25348.29,28128.63,29450.32,-48273.13,-7168.42,-47115.72,-45886.76,-44510.60,-42306.29,738233,1994366,1252735,1630144,1630144,1630144,128.0,152.0,240.0,240.0,240.0,240.0
42,3736,106335.54,68715.2,6400,-307068.9,21476.08,2015,47417.14,30831.25,5200,-294519.18,10337.67,143,3362.36,2304.77,0,-37013.19,1091.16,1336,31653.78,20420.71,3900,-146326.07,9080.49,31934.08,102381.43,-160288.95,-267502.47,11807.54,39970.79,613.82,74541.28,74541.28,15300.39,10615.37,-50660.81,-32988.16,-48080.53,-129581.50,-129581.50,-51253.32,-50244.21,447689,42.0,16446.10,87663.59,22919.02,26108.39,28973.11,30274.62,-48900.81,-5278.54,-47548.37,-46232.45,-44774.56,-42414.27,749889,2025858,1272516,1665188,1665188,1665188,128.0,152.0,240.0,240.0,240.0,240.0
43,3770,107278.82,70067.19,6400,-309925.37,22137.34,2035,47833.08,31463.02,5200,-298726.85,10648.38,142,3338.23,2368.33,0,-37673.25,1150.18,1361,32220.59,21057.61,3900,-149241.41,9416.73,32667.28,102955.32,-162965.75,-271537.98,12036.91,40862.81,632.61,75696.28,75696.28,15602.68,10819.84,-51340.61,-32671.49,-48792.26,-131186.80,-131186.80,-51927.03,-50919.70,454758,42.0,16786.75,89730.32,23395.90,26750.66,29701.57,30992.73,-49456.44,-3371.83,-47931.41,-46524.73,-44979.19,-42510.01,761730,2057846,1292609,1700986,1700986,1700986,128.0,152.0,240.0,240.0,240.0,240.0
44,3804,108211.0,71420.92,6400,-312842.08,22798.91,2058,48333.23,32089.46,5200,-302937.11,10953.68,146,3423.48,2427.9,0,-38546.41,1177.48,1391,32896.73,21690.45,3900,-152370.68,9721.33,33455.38,103574.13,-165714.21,-275607.26,12409.10,41985.15,649.82,76993.96,76993.96,16091.69,11152.16,-52000.81,-32383.39,-49495.82,-132720.30,-132720.30,-52571.93,-51578.58,461939,42.0,17272.43,92050.60,24021.52,27547.58,30586.54,31863.11,-49996.18,-1571.99,-48322.70,-46821.26,-45183.86,-42653.78,773758,2090340,1313020,1737553,1737553,1737553,128.0,152.0,240.0,240.0,240.0,240.0
45,3842,109276.39,72777.98,6400,-315837.69,23436.01,2080,48834.99,32717.5,5200,-307220.09,11253.01,149,3509.23,2487.27,0,-39244.04,1216.24,1420,33556.23,22323.58,3900,-155256.33,10044.7,34230.6,104243.3,-168380.95,-279665.76,12793.53,43151.14,668.48,78303.74,78303.74,16595.06,11495.99,-52777.57,-32345.25,-50190.35,-134370.32,-134370.32,-53370.75,-52341.09,469233,42.0,17774.50,94457.72,24673.70,28377.33,31506.21,32782.41,-50651.90,-21.00,-48833.14,-47232.37,-45498.67,-42910.33,785976,2123347,1333753,1774906,1774906,1774906,128.0,152.0,240.0,240.0,240.0,240.0
46,3880,110342.92,74136.19,6400,-318704.43,24073.59,2103,49337.58,33346.38,5200,-311406.33,11552.84,149,3507.32,2554.88,0,-40111.27,1260.2,1445,34127.5,22964.37,3900,-158243.61,10377.74,34965.74,104908.19,-171313.3,-282639.17,13184.00,44336.38,688.31,79619.44,79619.44,17106.35,11845.22,-53472.96,-32138.65,-50879.66,-135938.94,-135938.94,-54064.49,-53030.17,476642,42.0,18284.47,96903.71,25336.15,29223.58,32444.33,33720.17,-51225.42,1702.31,-49263.28,-47558.43,-45725.31,-43090.23,798387,2156875,1354813,1813062,1813062,1813062,128.0,152.0,240.0,240.0,240.0,240.0
47,3918,111410.59,75495.53,6400,-321640.69,24711.66,2126,49841.0,33976.09,5200,-315655.32,11853.19,153,3597.36,2617.86,0,-40975.86,1288.94,1474,34790.13,23599.93,3900,-161159.97,10700.02,35747.47,105621.69,-174241.12,-285586.38,13580.56,45541.03,709.01,80941.08,80941.08,17625.61,12199.90,-54241.03,-32087.28,-51560.27,-137580.18,-137580.18,-54854.99,-53783.54,484169,42.0,18802.41,99389.03,26009.00,30086.62,33401.19,34676.72,-51868.52,3299.92,-49764.18,-47950.19,-46014.18,-43334.99,810993,2190932,1376205,1852038,1852038,1852038,128.0,152.0,240.0,240.0,240.0,240.0
48,3957,112477.2,76853.82,6400,-324307.2,25357.26,2149,50344.47,34605.85,5200,-319768.34,12160.52,157,3687.41,2680.84,0,-41560.43,1327.88,1503,35452.19,24234.92,3900,-163641.61,11036.95,36411.26,106684.31,-176910.11,-288037.39,13982.31,46763.34,730.44,82267.78,82267.78,18151.66,12559.23,-54883.28,-31770.39,-52234.21,-139018.93,-139018.93,-55482.47,-54423.62,491814,42.0,19327.46,103214.55,26691.41,30965.79,34376.21,35651.48,-52384.51,5172.04,-50138.55,-48210.32,-46167.48,-43455.81,823799,2225527,1397936,1891853,1891853,1891853,128.0,152.0,240.0,240.0,240.0,240.0
49,3995,113544.71,78213.01,6400,-326973.75,26004.12,2172,50849.55,35237.22,5200,-323928.03,12461.87,161,3779.79,2746.15,0,-42411.84,1357.72,1532,36116.52,24872.18,3900,-166390.53,11364.85,37076.76,107748.41,-179684.77,-290558.93,14391.14,48007.38,752.36,83601.43,83601.43,18686.98,12924.89,-55574.68,-31556.17,-52898.18,-140506.77,-140506.77,-56176.18,-55106.87,499579,42.0,19861.53,107104.77,27385.32,31863.23,35371.55,36646.53,-52948.18,6952.82,-50560.66,-48512.93,-46360.07,-43617.88,836807,2260669,1420010,1932523,1932523,1932523,128.0,152.0,240.0,240.0,240.0,240.0
50,4030,114516.05,79574.62,6400,-329851.11,26656.77,2192,51283.59,35873.01,5200,-328140.63,12773.78,161,3782.54,2818.42,0,-43165.36,1403.64,1558,36690.99,25516.18,3900,-168980.87,11710.41,37652.41,108715.5,-182397.25,-293129.0,14684.87,49083.80,774.72,84819.84,84819.84,19071.58,13187.60,-56328.29,-31486.73,-53553.39,-142057.07,-142057.07,-56952.04,-55845.34,507468,42.0,20282.48,110865.83,27968.70,32657.06,36265.38,37545.87,-53574.27,8577.26,-51050.75,-48878.28,-46612.20,-43850.89,850020,2296365,1442432,1974067,1974067,1974067,128.0,152.0,240.0,240.0,240.0,240.0
51,4068,115583.85,80936.21,6400,-332726.75,27296.14,2215,51786.85,36504.26,5200,-332350.6,13075.64,165,3876.24,2885.05,0,-43881.22,1442.37,1587,37356.36,26154.48,3900,-171496.22,12048.83,38319.47,109779.19,-185197.97,-295286.86,15091.53,50341.48,795.38,86151.05,86151.05,19604.06,13551.32,-57073.82,-31395.46,-54201.65,-143599.27,-143599.27,-57719.55,-56575.67,515481,42.0,20818.38,114846.99,28669.57,33575.51,37285.99,38566.29,-54190.27,10241.93,-51528.87,-49226.02,-46842.79,-44064.20,863442,2332625,1465208,2016505,2016505,2016505,128.0,152.0,240.0,240.0,240.0,240.0
52,4107,116650.57,82297.79,6400,-335600.67,27935.67,2238,52289.22,37135.46,5200,-336557.92,13377.74,170,3972.09,2953.84,0,-44722.89,1473.18,1616,38023.83,26794.88,3900,-174100.04,12379.41,38988.13,110842.29,-188041.97,-297473.94,15497.17,51606.19,816.91,87481.09,87481.09,20135.18,13914.12,-57811.10,-31281.44,-54842.07,-145133.16,-145133.16,-58478.51,-57297.67,523620,42.0,21355.28,118874.63,29374.04,34504.89,38319.71,39599.82,-54795.90,11948.77,-51994.52,-49555.51,-47051.81,-44257.49,877076,2369458,1488344,2059855,2059855,2059855,128.0,152.0,240.0,240.0,240.0,240.0
53,4145,117716.22,83659.35,6400,-338412.21,28575.37,2261,52790.68,37766.6,5200,-340706.93,13680.09,174,4069.11,3023.79,0,-45478.03,1504.36,1645,38692.41,27436.39,3900,-176579.98,12710.41,39656.6,111907.94,-190653.82,-299994.54,15901.81,52878.14,838.99,88810.01,88810.01,20665.01,14276.04,-58473.76,-31004.01,-55474.13,-146592.41,-146592.41,-59142.07,-57951.98,531888,42.0,21893.26,122949.59,30082.24,35445.51,39366.91,40646.84,-55324.74,13839.36,-52381.09,-49799.95,-47172.40,-44366.97,890925,2406872,1511845,2104137,2104137,2104137,128.0,152.0,240.0,240.0,240.0,240.0
54,4183,118780.8,85020.9,6400,-341215.37,29215.23,2283,53291.23,38397.69,5200,-344908.96,13982.67,178,4167.29,3094.9,0,-46312.39,1535.88,1674,39362.09,28079.01,3900,-179139.55,13041.84,40326.18,112972.52,-193303.86,-302548.19,16305.51,54157.53,861.33,90137.85,90137.85,21193.60,14637.11,-59194.03,-30842.11,-56095.93,-148109.23,-148109.23,-59883.39,-58656.84,540287,42.0,22432.39,127072.71,30794.26,36397.69,40427.96,41707.70,-55908.92,15635.60,-52820.57,-50091.13,-47336.31,-44517.58,904993,2444877,1535717,2149371,2149371,2149371,128.0,152.0,240.0,240.0,240.0,240.0
55,4221,119842.47,86380.6,6400,-343972.59,29861.14,2306,53790.24,39028.08,5200,-349023.35,14290.89,182,4265.63,3166.17,0,-47015.43,1576.03,1704,40031.89,28721.74,3900,-181555.24,13381.94,40995.87,114034.19,-195811.69,-304996.27,16707.54,55442.94,883.90,91463.89,91463.89,21720.00,14996.69,-59811.00,-30462.66,-56715.07,-149522.74,-149522.74,-60489.53,-59269.25,548818,42.0,22971.99,131243.22,31509.48,37355.49,41496.13,42775.72,-56388.46,17657.80,-53156.03,-50271.87,-47385.55,-44565.39,919283,2483482,1559966,2183953,2183953,2183953,128.0,152.0,240.0,240.0,240.0,240.0
56,4259,120904.89,87742.11,6400,-346844.95,30501.33,2329,54289.0,39659.06,5200,-353224.43,14593.96,186,4366.13,3239.6,0,-47775.21,1608.28,1733,40703.79,29366.57,3900,-184028.07,13714.21,41667.67,115096.61,-198412.19,-307569.01,17109.48,56737.82,906.53,93706.99,93706.99,22246.28,15356.18,-60523.28,-30275.29,-57328.99,-151032.14,-151032.14,-61221.34,-59966.53,557484,42.0,23513.65,135465.24,32229.53,38320.24,42572.75,43852.16,-56960.78,19512.61,-53581.07,-50535.43,-47514.01,-44687.32,933799,2522696,1584599,2218438,2218438,2218438,128.0,152.0,240.0,240.0,240.0,240.0
57,4294,121868.93,89103.61,6400,-349718.11,31155.15,2349,54716.92,40294.47,5200,-357424.97,14907.58,188,4390.3,3317.89,0,-48603.47,1653.84,1760,41299.32,30016.21,3900,-186569.99,14059.87,42263.09,116060.65,-201046.51,-310177.81,17397.00,57867.12,929.18,95837.19,95837.19,22622.76,15613.35,-61229.66,-30066.72,-57940.82,-152536.60,-152536.60,-61946.32,-60658.17,566287,42.0,23943.11,139564.67,32840.19,39177.72,43543.60,44828.52,-57524.76,21413.50,-53994.59,-50780.57,-47620.44,-44787.25,948543,2562530,1609620,2253467,2253467,2253467,128.0,152.0,240.0,240.0,240.0,240.0
58,4332,122929.65,90465.09,6400,-352592.21,31795.68,2371,55214.28,40925.34,5200,-361625.08,15211.14,192,4489.47,3391.37,0,-49429.53,1686.45,1789,41969.78,30660.99,3900,-189110.11,14392.64,42933.45,117121.36,-203586.54,-313045.86,17798.21,59179.93,949.87,98082.60,98082.60,23148.08,15972.19,-61930.67,-29837.29,-58550.12,-154036.33,-154036.33,-62665.16,-61344.63,575229,42.0,24488.48,143891.32,33569.62,40156.09,44636.85,45921.59,-58080.76,23360.69,-54396.84,-51007.26,-47704.70,-44865.01,963521,2602993,1635036,2289050,2289050,2289050,128.0,152.0,240.0,240.0,240.0,240.0
59,4370,123989.51,91826.56,6400,-355467.25,32436.37,2394,55710.94,41556.16,5200,-365824.78,15514.95,196,4587.97,3464.88,0,-50253.39,1719.24,1818,42639.54,31305.75,3900,-191648.43,14725.65,43603.1,118181.23,-206124.76,-315914.84,18199.13,60502.05,971.34,100329.27,100329.27,23673.03,16330.77,-62626.21,-29586.72,-59156.44,-155531.27,-155531.27,-63377.78,-62025.83,584312,42.0,25035.84,148271.67,34303.93,41141.45,45738.63,47023.19,-58628.68,25354.86,-54787.65,-51215.11,-47766.31,-44920.13,978735,2644094,1660853,2325194,2325194,2325194,128.0,152.0,240.0,240.0,240.0,240.0
60,4408,125048.52,93188.01,6400,-358292.69,33077.23,2416,56206.92,42186.92,5200,-369977.65,15819.0,200,4685.82,3538.43,0,-51004.0,1752.2,1847,43308.58,31950.49,3900,-194113.9,15058.89,44272.04,119240.24,-208590.14,-318734.22,18599.80,61833.71,993.33,102577.29,102577.29,24197.66,16689.14,-63261.06,-29198.18,-59759.69,-156966.22,-156966.22,-64011.85,-62652.35,593538,42.0,25585.26,152706.64,35043.25,42133.93,46849.09,48133.47,-59113.23,27513.22,-55111.70,-51351.59,-47753.07,-44903.17,994190,2685845,1687078,2361910,2361910,2361910,128.0,152.0,240.0,240.0,240.0,240.0
61,4453,126294.71,94367.41,6400,-361172.61,33789.26,2440,56728.81,42684.85,5200,-374177.31,16167.57,204,4783.01,3612.0,0,-51825.43,1789.04,1877,43976.91,32595.21,3900,-196650.65,15396.09,44895.65,120658.34,-211126.72,-321608.33,18922.38,62869.38,1015.59,104685.81,104685.81,24628.55,16974.75,-63945.02,-28903.29,-60358.30,-158451.09,-158451.09,-64711.22,-63322.40,602910,42.0,26041.32,156644.49,35641.79,42985.73,47816.72,49029.22,-59644.18,29604.84,-55478.58,-51526.38,-47703.33,-44813.01,1009888,2728255,1713718,2399205,2399205,2399205,128.0,152.0,240.0,240.0,240.0,240.0
62,4498,127540.63,95547.37,6400,-363939.23,34506.32,2465,57284.93,43217.65,5200,-378289.1,16506.01,209,4878.7,3684.78,0,-52538.03,1832.95,1906,44643.7,33239.08,3900,-199079.04,15740.41,45536.81,122074.89,-213554.88,-324369.41,19296.67,64069.69,1036.20,106829.49,106829.49,25123.75,17307.77,-64522.41,-28373.11,-60953.97,-159830.05,-159830.05,-65272.02,-63896.74,612430,42.0,26556.11,160864.85,36318.18,43918.05,48866.40,50034.46,-60065.79,31959.06,-55732.53,-51583.56,-47566.38,-44653.49,1025834,2771334,1740777,2437088,2437088,2437088,128.0,152.0,240.0,240.0,240.0,240.0
63,4541,128767.17,96708.79,6400,-366820.9,35226.15,2488,57801.22,43711.25,5200,-382487.28,16856.94,213,4974.57,3758.42,0,-53357.72,1870.15,1935,45310.6,33883.76,3900,-201614.98,16078.09,46156.72,123482.85,-216090.52,-327245.81,19643.28,65243.88,1057.03,108925.25,108925.25,25581.00,17616.62,-65194.22,-28032.24,-61544.01,-161304.12,-161304.12,-65957.48,-64555.12,622101,42.0,27047.84,165141.06,36982.58,44840.85,49908.10,51048.13,-60579.04,34151.57,-56074.52,-51724.01,-47500.44,-44567.61,1042032,2815094,1768265,2475570,2475570,2475570,128.0,152.0,240.0,240.0,240.0,240.0
64,4586,130004.59,97881.93,6400,-369703.43,35941.26,2513,58358.51,44246.49,5200,-386684.83,17189.62,214,4994.11,3836.92,0,-54176.22,1920.67,1961,45901.14,34533.24,3900,-204150.44,16429.15,46709.43,124895.47,-218625.6,-330123.34,20029.19,66538.19,1077.33,111042.16,111042.16,26087.83,17961.25,-65860.08,-27668.43,-62131.47,-162772.80,-162772.80,-66636.13,-65207.76,631924,42.0,27583.12,169617.96,37702.51,45821.65,51009.28,52135.81,-61083.48,36395.11,-56404.04,-51847.07,-47436.77,-44490.80,1058486,2859545,1796186,2514660,2514660,2514660,128.0,152.0,240.0,240.0,240.0,240.0
65,4629,131213.32,99027.22,6400,-372586.78,36668.14,2538,58903.76,44770.34,5200,-390881.71,17527.56,218,5088.65,3910.6,0,-54993.89,1958.24,1990,46566.61,35177.87,3900,-206685.56,16767.33,47330.99,126294.15,-221160.26,-333001.98,20415.59,67846.04,1098.31,113161.26,113161.26,26595.08,18306.41,-66519.90,-27281.35,-62715.99,-164236.02,-164236.02,-67307.89,-65854.58,641902,42.0,28121.60,174160.33,38429.87,46812.17,52121.80,53236.83,-61578.99,38690.40,-56720.91,-51952.44,-47352.26,-44394.06,1075200,2904698,1824548,2554367,2554367,2554367,128.0,152.0,240.0,240.0,240.0,240.0
66,4670,132364.7,100116.0,6400,-374867.77,37402.02,2561,59413.37,45259.19,5200,-394702.85,17871.18,222,5182.52,3984.32,0,-55782.09,1995.98,2019,47231.37,35822.48,3900,-209191.67,17105.74,47932.36,127668.59,-223498.98,-335886.92,20773.07,69105.21,1119.78,115253.17,115253.17,27064.27,18625.76,-66887.14,-25747.00,-63297.10,-165175.84,-165175.84,-67628.87,-66228.63,652037,42.0,28633.86,178706.05,39135.11,47782.87,53216.13,54322.82,-61714.35,43069.13,-56488.67,-51496.15,-46675.21,-43442.83,1092177,2950563,1853358,2594701,2594701,2594701,128.0,152.0,240.0,240.0,240.0,240.0
67,4712,133549.86,101239.39,6400,-377107.55,38121.65,2585,59947.18,45772.88,5200,-398610.44,18204.0,226,5275.73,4058.07,0,-56510.25,2033.9,2048,47895.42,36467.06,3900,-211638.24,17444.39,48546.39,129058.45,-225849.42,-338726.43,21160.30,70439.44,1140.79,117376.59,117376.59,27572.23,18971.77,-67386.33,-24646.10,-63867.58,-166181.32,-166181.32,-68111.18,-66724.52,662333,42.0,29177.79,183370.50,39876.03,48791.46,54349.90,55448.21,-61995.65,46781.98,-56457.58,-51236.64,-46204.23,-42801.02,1109423,2997153,1882623,2635672,2635672,2635672,128.0,152.0,240.0,240.0,240.0,240.0
68,4752,134658.98,102298.4,6400,-379326.49,38868.26,2608,60466.1,46275.35,5200,-402414.37,18542.01,229,5340.61,4100.38,0,-57296.65,2097.15,2075,48497.98,37047.05,3900,-214143.54,17823.12,49123.75,130344.11,-228178.59,-341583.55,21547.88,71786.51,1162.29,119473.03,119473.03,28080.52,19318.16,-67830.15,-23497.79,-64433.33,-167051.40,-167051.40,-68515.78,-67172.60,672792,42.0,29724.77,188100.13,40623.94,49809.31,55494.60,56585.76,-62226.68,50444.78,-56401.61,-50946.91,-45698.73,-42182.81,1126941,3044479,1912349,2677289,2677289,2677289,128.0,152.0,240.0,240.0,240.0,240.0
69,4792,135775.21,103365.35,6400,-381587.6,39611.71,2631,60962.98,46756.44,5200,-406374.04,18889.72,233,5449.39,4187.28,0,-57974.28,2147.33,2104,49144.37,37671.56,3900,-216540.44,18188.86,49710.78,131633.85,-230433.54,-344461.06,21910.64,73093.08,1184.16,121546.47,121546.47,28556.19,19642.38,-68411.97,-22727.42,-64993.42,-167987.07,-167987.07,-69095.28,-67746.00,683415,42.0,30249.62,192841.98,41353.62,50811.19,56625.02,57711.33,-62599.20,53640.38,-56515.74,-50821.77,-45340.61,-41766.48,1144736,3092551,1942546,2719564,2719564,2719564,128.0,152.0,240.0,240.0,240.0,240.0
70,4832,136920.06,104461.75,6400,-383750.95,40343.06,2654,61480.35,47258.66,5200,-410290.48,19228.28,237,5522.02,4238.72,0,-58758.87,2206.92,2130,49740.09,38246.09,3900,-219044.75,18570.48,50283.9,132926.64,-232773.03,-347293.25,22298.29,74464.12,1205.61,123646.65,123646.65,29064.35,19988.90,-68989.09,-21942.50,-65551.93,-168918.44,-168918.44,-69668.89,-68315.04,694206,42.0,30802.08,197701.44,42114.77,51846.77,57790.87,58871.95,-62964.70,56869.86,-56622.65,-50683.11,-44975.96,-41350.76,1162811,3141383,1973219,2762506,2762506,2762506,128.0,152.0,240.0,240.0,240.0,240.0
71,4873,138063.84,105557.92,6400,-385859.0,41074.66,2678,61996.88,47760.68,5200,-414161.58,19567.14,241,5630.3,4326.5,0,-59542.72,2250.58,2157,50356.91,38842.42,3900,-221548.62,18942.68,50920.82,133998.28,-235039.27,-350187.24,22685.78,75846.91,1227.48,125748.56,125748.56,29572.21,20335.30,-69453.15,-20913.09,-66108.13,-169737.17,-169737.17,-70094.84,-68782.75,705168,42.0,31357.10,202626.44,42882.23,52890.90,58966.99,60043.60,-63214.58,60366.03,-56613.07,-50421.48,-44483.33,-40818.99,1181172,3190986,2004376,2806127,2806127,2806127,128.0,152.0,240.0,240.0,240.0,240.0
72,4914,139206.55,106653.87,6400,-388090.21,41806.52,2701,62512.57,48262.49,5200,-418125.41,19906.31,246,5737.91,4414.31,0,-60325.81,2294.43,2184,50958.55,39424.25,3900,-224052.03,19321.55,51549.77,135055.27,-237355.0,-353139.24,23073.12,77241.47,1249.58,127852.22,127852.22,30079.80,20681.59,-70019.38,-20092.62,-66658.49,-170658.50,-170658.50,-70655.10,-69341.58,716303,42.0,31914.73,207617.56,43656.02,53943.59,60153.43,61226.21,-63561.05,63709.65,-56698.62,-50248.09,-44073.29,-40370.02,1199823,3241372,2036026,2850436,2850436,2850436,128.0,152.0,240.0,240.0,240.0,240.0
73,4954,140318.52,107719.91,6400,-390109.96,42550.99,2723,63006.07,48742.76,5200,-422051.24,20255.25,249,5813.02,4470.31,0,-60901.46,2353.09,2209,51513.13,39959.72,3900,-226227.71,19721.74,52154.82,136051.03,-239433.16,-355787.98,23435.16,78594.68,1271.81,129932.55,129932.55,30554.20,21005.28,-70579.42,-19250.95,-67206.33,-171467.12,-171467.12,-71207.88,-69894.59,727613,42.0,32449.84,212622.29,44411.04,54979.70,61325.07,62395.82,-63898.38,67102.27,-56773.08,-50056.74,-43628.10,-39891.23,1218768,3292554,2068175,2895445,2895445,2895445,128.0,152.0,240.0,240.0,240.0,240.0
74,4993,141426.16,108782.46,6400,-392158.48,43297.08,2747,63520.07,49244.17,5200,-425896.23,20595.03,254,5919.24,4558.1,0,-61582.45,2397.84,2235,52098.76,40526.93,3900,-228508.93,20108.1,52775.03,137059.36,-241491.35,-358454.41,23822.24,80012.94,1293.56,132039.90,132039.90,31061.34,21351.39,-71040.60,-18191.05,-67751.12,-172177.32,-172177.32,-71631.93,-70358.85,739102,42.0,33012.81,217747.70,45197.66,56049.61,62532.31,63600.23,-64133.69,70743.14,-56743.12,-49753.90,-43077.72,-39315.32,1238013,3344544,2100832,2941164,2941164,2941164,128.0,152.0,240.0,240.0,240.0,240.0
75,5034,142565.68,109877.73,6400,-394311.9,44029.7,2770,64033.22,49745.37,5200,-429820.01,20935.12,259,6024.79,4645.93,0,-62189.54,2442.77,2261,52678.7,41089.14,3900,-230663.7,20496.92,53390.2,138075.24,-243558.14,-361136.19,24210.08,81448.12,1315.61,134150.02,134150.02,31569.16,21698.27,-71585.27,-17297.22,-68289.85,-172971.44,-172971.44,-72166.10,-70897.42,750773,42.0,33579.73,222951.50,45993.22,57130.67,63752.52,64820.23,-64449.18,74249.91,-56790.58,-49521.20,-42592.96,-38804.89,1257561,3397355,2134004,2987606,2987606,2987606,128.0,152.0,240.0,240.0,240.0,240.0
76,5074,143704.13,110972.76,6400,-396465.25,44762.57,2793,64545.54,50246.37,5200,-433742.48,21275.52,262,6102.45,4706.54,0,-62927.95,2499.96,2285,53230.67,41624.07,3900,-232897.31,20898.08,53991.02,139093.94,-245864.45,-363038.12,24597.74,82894.72,1337.89,136262.03,136262.03,32076.76,22045.00,-72121.07,-16374.48,-68825.50,-173757.18,-173757.18,-72689.55,-71427.69,762628,42.0,34149.30,228223.02,46795.03,58220.15,64982.98,66050.48,-64752.37,77818.77,-56822.28,-49265.28,-42078.97,-38268.00,1277418,3451000,2167700,3034780,3034780,3034780,128.0,152.0,240.0,240.0,240.0,240.0
77,5115,144841.51,112067.57,6400,-398618.51,45495.7,2816,65057.01,50747.17,5200,-437663.66,21616.22,267,6206.48,4794.23,0,-63665.57,2545.34,2311,53808.95,42186.0,3900,-235077.53,21287.52,54604.64,140125.96,-248143.86,-364893.27,24985.30,84353.03,1360.31,138376.01,138376.01,32584.22,22391.63,-72647.75,-15421.47,-69357.29,-174534.28,-174534.28,-73202.00,-71949.38,774670,42.0,34721.62,233563.42,47603.25,59318.18,66223.86,67291.15,-65042.88,81452.67,-56837.52,-48985.22,-41534.72,-37703.21,1297589,3505492,2201929,3082700,3082700,3082700,128.0,152.0,240.0,240.0,240.0,240.0
78,5156,145977.83,113162.15,6400,-400666.71,46229.09,2839,65567.63,51247.77,5200,-441503.41,21957.23,271,6309.65,4881.74,0,-64281.97,2590.98,2337,54386.31,42747.7,3900,-237083.9,21677.3,55181.88,141262.28,-250333.73,-366538.99,25372.80,85823.33,1382.86,140492.07,140492.07,33091.60,22738.22,-73072.61,-14241.67,-69884.79,-175210.08,-175210.08,-73582.12,-72379.59,786902,42.0,35296.80,238430.93,48418.06,60424.90,67475.33,68542.40,-65227.88,85350.16,-56743.22,-48587.75,-40866.81,-37021.38,1318078,3560844,2236697,3131376,3131376,3131376,128.0,152.0,240.0,240.0,240.0,240.0
79,5196,147113.08,114256.5,6400,-402703.31,46962.72,2862,66077.41,51748.17,5200,-445421.94,22298.54,275,6411.97,4969.09,0,-65013.28,2636.9,2362,54962.74,43309.17,3900,-239205.3,22067.43,55758.2,142397.53,-252580.83,-368230.96,25760.31,87305.92,1405.47,142610.29,142610.29,33598.99,23084.81,-73580.28,-13224.54,-70405.67,-175969.21,-175969.21,-74071.74,-72883.40,799327,42.0,35874.95,243360.34,49239.60,61540.48,68737.54,69804.41,-65491.91,89123.13,-56723.67,-48256.92,-40259.16,-36396.91,1338891,3617070,2272015,3180821,3180821,3180821,128.0,152.0,240.0,240.0,240.0,240.0
80,5236,148223.37,115325.88,6400,-404856.27,47706.81,2884,66569.17,52230.54,5200,-449339.13,22647.95,279,6486.19,5029.04,0,-65743.64,2695.16,2387,55511.01,43843.17,3900,-241307.83,22469.99,56306.35,143507.82,-254811.47,-369956.03,26130.14,88761.71,1428.13,144713.03,144713.03,34083.24,23415.59,-74081.09,-12191.65,-70922.69,-176722.10,-176722.10,-74552.54,-73380.95,811949,42.0,36438.43,248315.50,50050.31,62647.30,69992.93,71060.64,-65746.54,92932.30,-56694.73,-47908.54,-39617.59,-35748.64,1360032,3674184,2307891,3231047,3231047,3231047,128.0,152.0,240.0,240.0,240.0,240.0
81,5276,149358.17,116419.78,6400,-407009.13,48440.72,2907,67078.47,52730.45,5200,-453255.01,22989.7,283,6586.78,5116.05,0,-66373.95,2741.61,2412,56085.59,44404.17,3900,-243310.41,22860.82,56880.82,144642.62,-256991.85,-371694.3,26524.29,91172.13,1450.40,146842.33,146842.33,34599.33,23768.12,-74571.48,-11123.66,-71435.49,-177465.12,-177465.12,-75020.99,-73868.63,824769,42.0,37029.27,253386.12,50892.28,63787.45,71283.60,72351.10,-65986.57,96822.06,-56645.81,-47531.61,-38950.70,-35074.57,1381507,3732200,2344333,3282066,3282066,3282066,128.0,152.0,240.0,240.0,240.0,240.0
82,5317,150492.74,117513.44,6400,-409161.89,49174.77,2930,67587.53,53230.12,5200,-457169.58,23331.66,287,6686.52,5202.89,0,-67101.91,2788.33,2438,56659.25,44964.93,3900,-245410.75,23252.0,57454.36,145777.18,-259220.81,-373481.7,26921.86,93611.60,1473.01,148977.31,148977.31,35119.89,24123.70,-75051.34,-10020.13,-71943.74,-178198.19,-178198.19,-75476.98,-74346.37,837793,42.0,37626.63,258529.06,51744.73,64940.11,72588.76,73656.05,-66211.81,100793.56,-56576.65,-47125.68,-38248.03,-34364.73,1403322,3791132,2381350,3333890,3333890,3333890,128.0,152.0,240.0,240.0,240.0,240.0
83,5357,151627.08,118606.88,6400,-411314.56,49908.97,2953,68096.35,53729.55,5200,-461082.84,23673.84,292,6785.4,5289.57,0,-67828.35,2835.31,2464,57231.99,45525.47,3900,-247509.66,23643.53,58026.98,146911.52,-261319.2,-375629.59,27322.91,96080.59,1495.90,151118.09,151118.09,35645.01,24482.40,-75520.58,-8880.65,-72447.20,-178921.20,-178921.20,-75920.40,-74814.06,851022,42.0,38230.62,263707.99,52607.83,66105.44,73908.57,74975.66,-66422.10,105480.64,-56486.99,-46690.25,-37508.95,-33618.50,1425480,3850995,2418952,3386533,3386533,3386533,128.0,152.0,240.0,240.0,240.0,240.0
84,5398,152761.19,119700.09,6400,-413467.12,50643.3,2976,68604.93,54228.74,5200,-464994.79,24016.23,296,6883.42,5376.08,0,-68553.24,2882.56,2489,57803.8,46085.77,3900,-249607.14,24035.4,58598.68,148045.64,-263416.15,-377777.39,27727.50,98579.59,1519.04,153264.77,153264.77,36174.78,24844.28,-75979.10,-7704.79,-72945.61,-179634.07,-179634.07,-76351.12,-75271.60,864459,42.0,38841.36,268960.93,53481.76,67283.58,75243.21,76310.09,-66617.28,110262.76,-56376.58,-46224.83,-36732.82,-32835.25,1447989,3911803,2457148,3440007,3440007,3440007,128.0,152.0,240.0,240.0,240.0,240.0
85,5438,153895.09,120793.08,6400,-415533.09,51377.72,2999,69113.27,54727.7,5200,-468839.42,24358.8,300,6980.58,5462.42,0,-69177.35,2930.08,2514,58374.69,46645.85,3900,-251603.94,24427.62,59169.46,149179.54,-265412.43,-379838.57,28135.73,101109.13,1542.43,155417.47,155417.47,36709.30,25209.40,-76352.60,-6335.33,-73438.83,-180262.52,-180262.52,-76671.90,-75652.53,878109,42.0,39458.98,274289.27,54366.73,68477.14,76595.68,77662.36,-66722.97,115295.57,-56170.97,-45654.74,-35844.83,-31943.99,1470853,3973571,2495946,3494325,3494325,3494325,128.0,152.0,240.0,240.0,240.0,240.0
86,5478,155028.77,121885.87,6400,-417687.41,52112.23,3022,69621.38,55226.43,5200,-472750.21,24701.53,304,7076.88,5548.6,0,-69899.1,2977.87,2540,58944.66,47205.69,3900,-253698.5,24820.19,59739.31,150313.22,-267506.47,-381988.12,28547.66,103669.73,1566.04,157118.00,157118.00,37248.67,25577.84,-76795.02,-5097.31,-73924.99,-180960.10,-180960.10,-77084.34,-76094.53,891975,42.0,40083.60,279694.22,55262.91,69686.51,77966.42,79032.89,-66893.05,120254.96,-56023.93,-45133.53,-34998.38,-31090.44,1494078,4036314,2535358,3549501,3549501,3549501,128.0,152.0,240.0,240.0,240.0,240.0
87,5518,156137.51,122953.71,6400,-419842.56,52857.13,3045,70111.48,55707.13,5200,-476660.41,25052.32,308,7150.27,5611.87,0,-70619.16,3035.87,2564,59491.66,47742.56,3900,-255791.57,25223.06,60286.19,151421.96,-269599.02,-384138.49,28942.40,106217.59,1589.87,158802.99,158802.99,37765.53,25930.89,-77229.15,-3827.41,-74406.56,-181649.67,-181649.67,-77487.33,-76528.53,906059,42.0,40694.37,285132.71,56149.52,70890.97,79334.75,80402.06,-67050.27,125305.10,-55858.14,-44583.61,-34105.89,-30191.36,1517669,4100048,2575391,3605548,3605548,3605548,128.0,152.0,240.0,240.0,240.0,240.0
88,5558,157270.78,124046.07,6400,-421998.59,53591.82,3067,70619.12,56205.39,5200,-480570.05,25395.39,312,7246.15,5697.62,0,-71337.66,3083.97,2590,60061.08,48301.85,3900,-257883.2,25616.1,60855.49,152555.22,-271690.14,-386289.74,29361.93,108841.83,1613.41,160514.47,160514.47,38314.85,26306.12,-77655.00,-2525.36,-74883.24,-182331.18,-182331.18,-77880.93,-76954.54,920366,42.0,41333.35,290694.58,57068.69,72132.70,80742.89,81810.00,-67194.52,130447.25,-55673.39,-44004.55,-33186.47,-29264.88,1541634,4164788,2616057,3662480,3662480,3662480,128.0,152.0,240.0,240.0,240.0,240.0
89,5599,158403.83,125138.21,6400,-424155.49,54326.59,3090,71126.53,56703.41,5200,-484479.13,25738.63,316,7341.82,5783.16,0,-72054.6,3132.23,2615,60630.22,48860.87,3900,-259973.38,26009.37,61424.52,153688.27,-273779.82,-388441.85,29785.38,111498.67,1637.37,162231.58,162231.58,38869.30,26684.86,-78072.47,-1190.69,-75354.74,-183004.54,-183004.54,-78265.02,-77372.44,934899,42.0,41979.70,296336.80,57999.65,73391.01,82170.19,83237.10,-67325.65,135682.84,-55469.41,-43395.80,-32229.58,-28300.95,1565976,4230551,2657365,3720311,3720311,3720311,128.0,152.0,240.0,240.0,240.0,240.0
90,5639,159536.66,126230.15,6400,-426313.69,55061.46,3113,71633.7,57201.2,5200,-488388.05,26082.04,320,7437.28,5868.5,0,-72769.98,3180.64,2640,61199.09,49419.61,3900,-262062.13,26402.88,61993.28,154821.11,-275868.06,-390595.27,30212.81,114188.65,1661.67,163954.42,163954.42,39428.95,27067.15,-78483.01,173.79,-75820.96,-183671.21,-183671.21,-78641.54,-77783.54,949661,42.0,42633.54,302060.67,58942.58,74666.18,83616.97,84683.67,-67445.02,141009.99,-55247.50,-42760.56,-31238.58,-27302.91,1590703,4297352,2699325,3779055,3779055,3779055,128.0,152.0,240.0,240.0,240.0,240.0
91,5682,160743.03,127353.77,6400,-428477.67,55507.58,3137,72163.49,57711.1,5200,-492298.08,26224.28,324,7532.53,5953.62,0,-73486.96,3160.15,2666,61767.69,49978.09,3900,-264152.71,26684.55,62546.34,156127.76,-277958.11,-392754.61,30627.01,116846.06,1686.25,165649.31,165649.31,39973.19,27436.97,-78886.43,1568.83,-76281.74,-183944.35,-183944.35,-79010.26,-78187.65,964656,42.0,43273.83,307747.72,59865.35,75925.67,85049.91,87034.19,-67552.37,146430.55,-55007.25,-42098.36,-30212.05,-26270.31,1615821,4365208,2741948,3838727,3838727,3838727,128.0,152.0,240.0,240.0,240.0,240.0
92,5725,161950.6,128478.59,6400,-430555.56,55957.22,3162,72704.47,58232.18,5200,-496141.25,26425.91,329,7627.58,6038.54,0,-74120.47,3210.88,2691,62336.03,50536.29,3900,-266160.06,27037.51,63105.74,157434.86,-279964.91,-394828.02,31057.00,119571.55,1710.50,167352.73,167352.73,40537.34,27821.18,-79205.64,3157.56,-76736.96,-184132.81,-184132.81,-79270.26,-78515.80,979888,42.0,43934.56,313568.35,60816.74,77218.88,87444.40,89425.06,-67570.53,152108.59,-54671.41,-41331.77,-29074.20,-25129.96,1641335,4434135,2785244,3899341,3899341,3899341,128.0,152.0,240.0,240.0,240.0,240.0
93,5768,163146.07,129591.32,6400,-432722.31,56385.77,3185,73232.42,58740.24,5200,-500051.03,26565.35,333,7722.43,6123.26,0,-74835.89,3204.8,2716,62904.1,51094.24,3900,-268249.54,27314.94,63657.48,158736.16,-282053.82,-396990.46,31484.91,122323.60,1735.04,169058.28,169058.28,41098.38,28203.64,-79594.54,4615.04,-77184.69,-184390.49,-184390.49,-79623.08,-78905.65,995361,42.0,44597.37,319473.88,61776.70,78525.74,89870.61,91848.91,-67653.33,157720.18,-54393.70,-40614.33,-27978.38,-24027.61,1667252,4504151,2829223,3960913,3960913,3960913,128.0,152.0,240.0,240.0,240.0,240.0
94,5811,164348.18,130710.69,6400,-434890.46,56838.74,3210,73773.53,59261.45,5200,-503960.72,26769.83,336,7794.38,6185.08,0,-75550.4,3265.79,2741,63449.2,51629.22,3900,-270338.44,27640.69,64189.43,160040.47,-284142.14,-399154.44,31925.82,125134.78,1759.63,170771.41,170771.41,41676.03,28597.88,-79976.08,6104.35,-77627.37,-184640.28,-184640.28,-79967.84,-79288.25,1011078,42.0,45277.32,325497.24,62760.52,79861.64,92334.28,94311.34,-67723.61,163429.42,-54096.89,-39868.60,-26847.27,-22889.87,1693578,4575272,2873897,4023456,4023456,4023456,128.0,152.0,240.0,240.0,240.0,240.0
95,5853,165533.84,131813.6,6400,-437059.96,57260.03,3234,74310.75,59778.78,5200,-507870.32,26959.48,340,7888.82,6269.4,0,-76264.15,3316.81,2766,64016.74,52186.63,3900,-272426.81,27937.75,64741.7,161336.94,-286229.9,-401319.96,32371.19,127982.51,1784.66,172490.79,172490.79,42259.48,28996.12,-80350.13,7626.01,-78064.69,-184882.08,-184882.08,-80304.42,-79663.50,1027043,42.0,45965.58,331610.28,63757.74,81216.15,94832.25,96808.23,-67781.19,169237.85,-53780.66,-39095.27,-25681.61,-21717.50,1720320,4647516,2919276,4086987,4086987,4086987,128.0,152.0,240.0,240.0,240.0,240.0
96,5894,166682.09,132879.1,6400,-438160.06,57603.05,3258,74836.01,60284.15,5200,-511126.27,27093.53,344,7983.05,6353.51,0,-76856.28,3318.14,2791,64584.01,52743.77,3900,-274350.77,28166.39,65286.97,162615.3,-287963.35,-403109.94,32814.57,130853.84,1810.07,174214.25,174214.25,42840.27,29392.60,-80359.21,10498.50,-78380.73,-184468.52,-184468.52,-80225.80,-79687.81,1043260,42.0,46655.74,337800.75,64761.98,82582.96,97362.77,99337.90,-67392.47,177504.05,-52793.53,-37634.08,-23804.80,-19497.17,1747484,4720901,2965372,4151521,4151521,4151521,128.0,152.0,240.0,240.0,240.0,240.0
97,5936,167850.32,133964.59,6400,-439273.15,57995.22,3282,75369.03,60797.28,5200,-514578.43,27269.21,348,8077.09,6437.42,0,-77519.27,3369.35,2816,65151.02,53300.65,3900,-276345.82,28444.99,65836.6,163902.94,-289835.47,-404908.76,33269.03,133776.15,1835.56,175946.41,175946.41,43435.53,29799.00,-80608.70,12715.69,-78767.09,-184220.55,-184220.55,-80431.92,-79938.96,1059733,42.0,47360.76,344094.87,65786.25,84846.80,99930.80,101905.09,-67258.73,184883.79,-52123.94,-36484.53,-22220.68,-17709.31,1775077,4795445,3012196,4217074,4217074,4217074,128.0,152.0,240.0,240.0,240.0,240.0
98,5975,168963.48,135012.31,6400,-440297.07,58303.65,3306,75893.35,61306.58,5200,-517814.53,27430.28,353,8184.76,6528.89,0,-78125.19,3401.75,2842,65719.62,53853.06,3900,-278265.16,28680.85,66396.86,165119.09,-291556.16,-406655.05,33728.12,136736.48,1861.45,177682.89,177682.89,44036.83,30209.56,-80711.26,15151.59,-79096.76,-183724.11,-183724.11,-80450.05,-80056.67,1076467,42.0,48074.42,350482.26,66824.38,87141.77,102534.70,104508.24,-66982.15,192406.27,-51338.92,-35212.52,-20502.56,-15861.25,1803106,4871166,3059759,4283663,4283663,4283663,128.0,152.0,240.0,240.0,240.0,240.0
99,6015,170081.08,136064.47,6400,-441386.48,58623.45,3329,76410.58,61808.79,5200,-521276.08,27556.01,358,8308.64,6636.56,0,-78705.21,3415.62,2868,66304.38,54421.6,3900,-280139.91,28898.27,66961.09,166337.9,-293264.73,-408445.92,34186.35,139723.84,1887.70,179424.08,179424.08,44636.96,30619.34,-80992.42,17135.73,-79482.00,-183322.38,-183322.38,-80682.81,-80341.76,1093464,42.0,48791.26,356952.70,67870.96,89466.40,105173.09,107146.05,-66886.33,199411.10,-50765.76,-34145.17,-18985.44,-14277.96,1831577,4948082,3108073,4351302,4351302,4351302,128.0,152.0,240.0,240.0,240.0,240.0
100,6056,171215.66,137133.6,6400,-442350.74,58985.15,3353,76934.37,62317.56,5200,-524678.69,27717.24,363,8419.18,6730.9,0,-79367.74,3452.77,2893,66870.49,54971.51,3900,-282078.5,29131.39,67519.79,167558.78,-295015.53,-410161.66,34654.78,142761.56,1914.06,181173.94,181173.94,45250.44,31038.27,-81267.65,19143.01,-79864.09,-182914.08,-182914.08,-80908.44,-80621.24,1110730,42.0,49522.42,363530.30,68937.21,91825.01,107850.36,109822.71,-66779.86,206498.06,-50179.17,-33056.24,-17437.57,-12672.73,1860498,5026213,3157150,4420010,4420010,4420010,128.0,152.0,240.0,240.0,240.0,240.0
101,6096,172349.9,138202.39,6400,-443001.88,59346.7,3377,77457.87,62826.04,5200,-527879.03,27878.45,369,8542.65,6838.17,0,-79980.4,3509.01,2919,67444.22,55529.04,3900,-283948.5,29376.01,68100.71,168650.94,-296628.8,-411676.14,35127.96,145838.77,1940.80,182930.66,182930.66,45870.11,31461.45,-81394.98,21458.75,-80191.97,-182353.55,-182353.55,-80951.23,-80763.98,1128269,42.0,50262.50,370205.08,70017.75,94216.16,110565.13,112536.94,-66520.45,213956.35,-49436.05,-31802.44,-15711.76,-10904.30,1889875,5105578,3207002,4489803,4489803,4489803,128.0,152.0,240.0,240.0,240.0,240.0
102,6137,173483.8,139270.85,6400,-443821.09,59708.09,3400,77981.08,63334.23,5200,-531216.64,28039.63,374,8665.92,6945.23,0,-80642.75,3565.09,2944,68012.45,56081.07,3900,-285868.28,29612.89,68678.73,169734.84,-298339.16,-413296.54,35605.95,148956.08,1967.86,184694.34,184694.34,46496.06,31888.93,-81656.54,23520.18,-80561.68,-181930.25,-181930.25,-81160.85,-81030.42,1146084,42.0,51011.62,376978.47,71112.80,96640.36,113318.00,115289.32,-66386.68,221262.94,-48814.19,-30656.15,-14091.89,-9240.93,1919717,5186196,3257641,4560697,4560697,4560697,128.0,152.0,240.0,240.0,240.0,240.0
103,6177,174600.06,140321.66,6400,-444363.74,60027.28,3424,78497.15,63835.28,5200,-534503.63,28165.25,379,8777.38,7040.49,0,-81044.24,3562.38,2969,68563.57,56615.99,3900,-287380.02,29783.39,69248.02,170783.3,-299744.92,-414531.53,36083.25,152102.57,1995.22,186463.17,186463.17,47121.10,32315.81,-81910.51,25612.72,-80927.05,-181369.16,-181369.16,-81361.71,-81289.55,1164181,42.0,51764.35,383840.42,72216.98,99096.18,116107.61,118078.58,-66239.71,228671.14,-48174.13,-29482.99,-12435.16,-7546.11,1950029,5268087,3309080,4632712,4632712,4632712,128.0,152.0,240.0,240.0,240.0,240.0
104,6216,175714.08,141370.24,6400,-444945.97,60341.7,3447,79019.78,64342.9,5200,-537672.57,28326.38,384,8900.13,7147.04,0,-81595.99,3619.03,2994,69125.91,57162.12,3900,-289042.06,30013.34,69822.78,171839.39,-301163.86,-415796.24,36571.09,155301.91,2022.69,188241.15,188241.15,47759.94,32752.12,-82035.32,27981.09,-81244.29,-180675.01,-180675.01,-81403.32,-81429.11,1182564,42.0,52531.98,390815.50,73341.67,101588.02,118938.46,120909.00,-65957.74,236428.75,-47393.52,-28157.18,-10615.79,-5699.46,1980821,5351271,3361331,4705863,4705863,4705863,128.0,152.0,240.0,240.0,240.0,240.0
105,6257,176846.97,142437.69,6400,-445671.48,60702.63,3471,79542.13,64850.23,5200,-540958.34,28487.48,390,9022.68,7253.38,0,-82035.56,3675.52,3019,69686.17,57706.19,3900,-290530.4,30240.59,70395.7,172900.16,-302557.38,-417113.3,37064.18,158544.26,2050.52,190026.54,190026.54,48405.57,33193.14,-82270.28,30147.94,-81594.95,-180093.32,-180093.32,-81582.27,-81669.99,1201237,42.0,53309.37,397895.92,74482.07,104114.67,121809.40,123779.73,-65779.86,244061.28,-46710.95,-26923.33,-8878.23,-3932.34,2012098,5435768,3414406,4780169,4780169,4780169,128.0,152.0,240.0,240.0,240.0,240.0
106,6297,177979.53,143504.8,6400,-446397.28,61063.41,3495,80064.19,65357.27,5200,-544243.1,28648.55,395,9135.16,7349.67,0,-82629.15,3717.42,3044,70236.31,58240.12,3900,-292111.23,30453.34,70963.43,173962.87,-304223.42,-417559.61,37562.39,161829.08,2078.68,191819.37,191819.37,49057.90,33638.74,-82494.31,32355.51,-81939.77,-179499.88,-179499.88,-81748.64,-81900.37,1220204,42.0,54096.35,405080.76,75637.79,106676.45,124720.84,126690.96,-65584.81,251812.97,-46004.30,-25655.91,-7096.82,-2124.69,2043870,5521600,3468321,4855649,4855649,4855649,128.0,152.0,240.0,240.0,240.0,240.0
107,6338,179111.75,144571.58,6400,-447123.39,61424.03,3518,80585.96,65864.02,5200,-547526.87,28809.59,400,9257.23,7455.53,0,-83222.38,3773.5,3069,70795.96,58783.57,3900,-293630.14,30680.35,71535.78,175033.63,-305858.37,-417954.2,38065.80,165157.06,2107.17,193619.80,193619.80,49717.04,34089.00,-82707.09,34605.54,-82277.70,-178894.34,-178894.34,-81902.12,-82119.94,1239471,42.0,54893.09,412371.70,76809.09,109273.93,127673.43,129643.33,-65372.07,259687.99,-45272.65,-24353.77,-5270.21,-274.68,2076143,5608787,3523086,4932320,4932320,4932320,128.0,152.0,240.0,240.0,240.0,240.0
108,6378,180243.64,145638.02,6400,-447706.82,61784.51,3542,81107.45,66370.48,5200,-550691.79,28970.61,405,9379.01,7561.11,0,-83629.93,3829.32,3094,71355.26,59326.66,3900,-294901.8,30907.19,72094.96,176165.51,-307344.48,-418089.61,38574.51,168528.90,2135.97,195427.94,195427.94,50383.13,34544.00,-82787.18,37141.99,-82565.05,-178152.09,-178152.09,-81892.30,-82216.54,1259043,42.0,55699.76,419632.57,77996.22,111907.66,130667.81,132637.50,-65020.02,267932.74,-44394.01,-22891.51,-3272.86,1737.46,2108925,5697350,3578716,5010202,5010202,5010202,128.0,152.0,240.0,240.0,240.0,240.0
109,6418,181375.19,146704.13,6400,-448274.87,62144.82,3565,81628.64,66876.66,5200,-553973.54,29131.6,411,9500.53,7666.42,0,-84214.92,3884.89,3119,71914.21,59869.41,3900,-296350.89,31133.86,72653.8,177297.06,-308940.49,-418274.22,39088.62,171945.33,2165.06,197243.94,197243.94,51056.29,35003.82,-82976.56,39481.60,-82885.04,-177521.41,-177521.41,-82019.05,-82413.55,1278923,42.0,56516.53,427000.59,79199.44,114578.22,133704.65,135674.12,-64770.48,276066.14,-43609.86,-21516.69,-1352.15,3677.13,2142225,5787312,3635224,5089314,5089314,5089314,128.0,152.0,240.0,240.0,240.0,240.0
110,6458,182492.19,147755.68,6400,-449001.84,62469.85,3589,82144.0,67376.99,5200,-557254.29,29262.89,416,9611.91,7761.61,0,-84799.48,3890.2,3144,72462.97,60401.97,3900,-297778.45,31310.37,73202.44,178414.06,-310517.73,-418524.81,39604.17,175398.72,2194.46,199066.90,199066.90,51731.32,35464.93,-83157.41,41847.53,-83198.96,-176881.43,-176881.43,-82135.38,-82602.59,1299118,42.0,57339.51,434469.66,81195.89,117285.17,136783.58,138752.93,-64507.04,284291.75,-42810.30,-20114.93,606.31,5642.90,2176052,5878695,3692625,5169675,5169675,5169675,128.0,152.0,240.0,240.0,240.0,240.0
111,6499,183623.49,148821.54,6400,-449729.11,62829.68,3612,82664.92,67882.9,5200,-560534.04,29423.68,421,9732.87,7866.37,0,-85267.8,3945.25,3169,73021.23,60944.03,3900,-299089.75,31536.7,73760.58,179545.36,-312036.7,-418790.54,40130.56,178536.05,2224.02,200900.21,200900.21,52420.54,35935.74,-83325.39,44265.44,-83505.14,-176227.66,-176227.66,-82237.19,-82779.16,1319631,42.0,58178.16,442060.74,83221.80,120032.34,139908.53,141877.66,-64223.40,292661.39,-41982.66,-18672.79,2616.02,7659.94,2210412,5971520,3750932,5251305,5251305,5251305,128.0,152.0,240.0,240.0,240.0,240.0
112,6539,184754.67,149887.27,6400,-450456.67,63189.27,3636,83185.72,68388.68,5200,-563812.79,29584.39,426,9853.56,7970.85,0,-85850.75,4000.05,3194,73579.15,61485.75,3900,-300515.67,31762.86,74318.38,180676.54,-313612.82,-419111.51,40663.22,181716.88,2253.97,202742.38,202742.38,53118.00,36412.16,-83480.34,46736.08,-83803.13,-175559.93,-175559.93,-82324.31,-82943.10,1340468,42.0,59028.03,449766.00,85276.00,122818.70,143078.56,145047.48,-63919.27,301177.26,-41126.52,-17189.61,4677.82,9729.06,2245314,6065812,3810160,5334224,5334224,5334224,128.0,152.0,240.0,240.0,240.0,240.0
113,6579,185885.72,150952.88,6400,-451184.52,63548.62,3659,83706.38,68894.32,5200,-567090.56,29744.99,431,9973.97,8075.05,0,-86432.48,4054.58,3219,74136.73,62027.12,3900,-301940.36,31988.84,74875.84,181807.59,-315036.9,-419835.33,41202.28,184941.90,2284.31,204593.55,204593.55,53823.81,36894.30,-83622.12,49260.21,-84092.62,-174878.08,-174878.08,-82396.58,-83094.27,1361634,42.0,59889.29,457587.26,87358.93,125644.86,146294.39,148263.10,-63594.40,310326.24,-40241.47,-15664.71,6792.56,11851.13,2280768,6161592,3870323,5418452,5418452,5418452,128.0,152.0,240.0,240.0,240.0,240.0
114,6620,187016.65,152018.37,6400,-451912.66,63907.73,3683,84226.91,69399.83,5200,-570367.33,29905.5,437,10094.1,8178.99,0,-87013.0,4108.86,3244,74693.96,62568.15,3900,-303363.83,32214.66,75432.96,182938.52,-316459.76,-420559.43,41747.82,188211.80,2315.01,206453.89,206453.89,54538.12,37382.24,-83750.55,51838.58,-84373.26,-174181.94,-174181.94,-82453.83,-83232.50,1383135,42.0,60762.11,465526.36,89471.04,128511.46,149556.71,151525.21,-63248.49,319634.32,-39327.08,-14097.41,8961.11,14027.01,2316782,6258884,3931436,5504011,5504011,5504011,128.0,152.0,240.0,240.0,240.0,240.0
115,6660,188147.46,153083.73,6400,-452522.7,64266.59,3706,84747.3,69905.2,5200,-573545.47,30065.9,442,10213.96,8282.64,0,-87440.88,4162.87,3269,75250.85,63108.83,3900,-304634.66,32440.3,75989.73,184069.33,-317729.99,-421165.42,42299.97,191527.30,2346.09,208323.53,208323.53,55261.07,37876.08,-83766.70,54669.38,-84608.93,-173369.92,-173369.92,-82373.66,-83266.39,1404975,42.0,61646.70,473585.15,91612.81,131419.56,152866.78,154835.07,-62782.49,329299.39,-38276.32,-12385.60,11285.53,16353.58,2353364,6357713,3993514,5590920,5590920,5590920,128.0,152.0,240.0,240.0,240.0,240.0
116,6701,189278.14,154148.97,6400,-453252.93,64625.21,3730,85267.56,70410.44,5200,-576821.39,30226.22,447,10333.55,8386.03,0,-88018.94,4216.63,3294,75807.39,63649.18,3900,-306055.67,32665.76,76546.15,185200.01,-319150.39,-421891.59,42858.81,194863.38,2377.54,210118.35,210118.35,55992.80,38375.92,-83872.31,57783.99,-84869.07,-172648.92,-172648.92,-82406.01,-83382.16,1427160,42.0,62543.23,481765.54,93784.70,134369.84,156225.36,158193.45,-62398.01,338919.98,-37300.95,-10735.75,13559.52,18634.92,2390524,6458102,4056572,5679201,5679201,5679201,128.0,152.0,240.0,240.0,240.0,240.0
117,6740,190394.27,155199.66,6400,-453984.17,64948.54,3753,85781.98,70909.84,5200,-580096.89,30356.83,452,10444.84,8481.12,0,-88595.74,4222.46,3318,76355.58,64181.16,3900,-307475.44,32843.38,77094.22,186316.14,-320569.56,-422618.79,43419.82,198236.60,2409.37,211921.02,211921.02,56727.35,38877.69,-83966.25,60956.03,-85120.76,-171915.20,-171915.20,-82425.63,-83486.45,1449695,42.0,63447.25,490059.84,95985.57,137361.36,159631.63,161599.58,-61993.80,348700.53,-36296.94,-9043.54,15887.69,20970.42,2428271,6560077,4120626,5768877,5768877,5768877,128.0,152.0,240.0,240.0,240.0,240.0
118,6781,191524.7,156264.65,6400,-454716.45,65306.68,3777,86301.97,71414.82,5200,-583371.97,30516.95,457,10564.26,8584.34,0,-89171.32,4275.54,3343,76911.82,64721.2,3900,-308894.0,33068.34,77650.35,187446.58,-321987.52,-423347.01,43992.39,201666.91,2441.42,213734.91,213734.91,57477.05,39389.81,-84048.37,64186.34,-85363.60,-171168.58,-171168.58,-82432.37,-83579.12,1472586,42.0,64368.25,498489.22,98219.13,140398.03,163089.57,165057.32,-61569.58,358643.53,-35263.85,-7308.25,18270.83,23360.89,2466614,6663661,4185692,5859968,5859968,5859968,128.0,152.0,240.0,240.0,240.0,240.0
119,6821,192655.01,157329.51,6400,-455449.78,65664.57,3800,86821.84,71919.66,5200,-586646.64,30676.96,462,10683.6,8687.47,0,-89745.68,4328.27,3368,77467.92,65261.1,3900,-310311.34,33293.03,78206.33,188576.89,-323404.27,-424076.28,44572.00,205145.47,2473.92,215558.57,215558.57,58235.96,39908.22,-84118.51,67475.83,-85597.17,-170408.89,-170408.89,-82426.05,-83659.99,1495838,42.0,65301.77,507046.06,100484.27,143478.91,166598.38,168565.92,-61125.06,368751.52,-34201.22,-5529.15,20709.87,25807.27,2505562,6768881,4251784,5952498,5952498,5952498,128.0,152.0,240.0,240.0,240.0,240.0
120,6861,193785.2,158394.25,6400,-456184.14,66022.22,3823,87341.57,72424.37,5200,-589920.89,30836.88,468,10802.86,8790.53,0,-90318.83,4380.65,3393,78023.87,65800.84,3900,-311727.46,33517.46,78762.17,189707.07,-324819.8,-424806.58,45158.75,208673.04,2506.84,217392.15,217392.15,59004.23,40433.02,-84176.49,70825.43,-85821.33,-169635.93,-169635.93,-82406.47,-83728.90,1519457,42.0,66248.02,515732.38,102781.48,146604.70,170158.84,172126.18,-60659.93,379027.10,-33108.56,-3707.11,23203.89,28308.62,2545125,6875763,4318921,6046489,6046489,6046489,128.0,152.0,240.0,240.0,240.0,240.0
121,6907,195073.93,159550.6,6400,-456926.75,66471.72,3848,87878.8,72929.77,5200,-593196.74,31024.36,473,10922.04,8893.51,0,-90895.83,4439.87,3418,78579.67,66340.44,3900,-313147.61,33748.81,79303.81,191060.27,-326239.34,-425545.23,45728.73,212164.20,2540.18,219196.10,219196.10,59753.16,40941.91,-84222.02,74236.39,-86035.78,-168553.18,-168553.18,-82373.30,-83785.56,1543450,42.0,67177.74,524394.42,105070.13,149734.42,173729.04,175227.88,-60173.76,389473.32,-31985.27,-1841.39,25753.78,30866.49,2585313,6984332,4387117,6141964,6141964,6141964,128.0,152.0,240.0,240.0,240.0,240.0
122,6953,196363.45,160707.72,6400,-457551.48,66921.52,3873,88426.86,73446.01,5200,-596374.02,31219.87,478,11041.14,8996.41,0,-91340.03,4498.75,3443,79135.33,66879.9,3900,-314435.12,33979.9,79851.32,192413.78,-327526.23,-426166.11,46322.33,215749.99,2573.35,221020.00,221020.00,60531.96,41472.29,-84154.05,77911.50,-86204.42,-167352.60,-167352.60,-82201.37,-83736.65,1567821,42.0,68138.26,533254.23,107412.55,152931.24,176918.98,178405.13,-59565.35,400294.67,-30727.33,172.25,28464.58,33580.10,2626136,7094616,4456390,6238946,6238946,6238946,128.0,152.0,240.0,240.0,240.0,240.0
123,6999,197645.21,161857.09,6400,-458296.61,67366.54,3897,88962.51,73949.83,5200,-599649.11,31405.99,483,11160.17,9099.23,0,-91915.63,4557.28,3468,79690.83,67419.2,3900,-315854.2,34210.73,80391.95,193763.57,-328944.65,-426907.48,46914.67,219376.47,2606.97,222840.14,222840.14,61308.60,42001.74,-84174.23,81447.84,-86396.60,-166241.09,-166241.09,-82140.55,-83768.37,1592577,42.0,69104.06,542248.83,109783.47,156170.01,180151.61,181629.70,-59036.24,411089.94,-29541.40,2127.40,31130.06,36253.58,2667603,7206641,4526757,6337460,6337460,6337460,128.0,152.0,240.0,240.0,240.0,240.0
124,7045,198931.25,163010.73,6400,-459043.0,67813.93,3922,89510.88,74466.37,5200,-602923.84,31601.54,488,11270.9,9193.76,0,-92490.5,4603.45,3492,80237.98,67950.15,3900,-317272.73,34429.27,80927.11,195115.3,-330362.52,-427650.22,47521.95,223055.57,2640.82,224669.61,224669.61,62104.21,42544.73,-84181.36,85048.93,-86579.18,-165114.74,-165114.74,-82065.46,-83787.26,1607407,42.0,70088.03,551340.99,112180.33,159439.49,183410.98,184885.11,-58484.95,422065.60,-28322.92,4129.07,33855.52,38987.04,2693529,7275318,4564615,6390461,6390461,6390461,128.0,152.0,240.0,240.0,240.0,240.0
125,7090,200206.72,164153.81,6400,-459790.63,68254.87,3946,90055.61,74979.28,5200,-606198.21,31794.3,493,11389.75,9296.41,0,-93064.68,4661.29,3517,80793.19,68489.16,3900,-318690.74,34659.58,81468.42,196462.01,-331779.83,-428394.31,48131.74,226754.42,2675.15,226502.42,226502.42,62903.04,43089.99,-84175.22,88715.93,-86751.70,-163973.31,-163973.31,-81975.86,-83793.10,1621419,42.0,71076.94,560485.01,114587.45,162723.11,186680.01,188150.74,-57911.12,433224.79,-27071.29,6178.14,36642.08,41781.60,2718215,7340482,4599644,6439502,6439502,6439502,128.0,152.0,240.0,240.0,240.0,240.0
126,7135,201457.42,165272.12,6400,-459674.64,68628.92,3970,90588.89,75480.73,5200,-609060.78,31938.05,498,11508.53,9398.99,0,-93562.46,4718.79,3542,81348.26,69028.02,3900,-320032.5,34889.63,82003.45,197796.35,-332964.47,-428836.83,48734.97,230455.73,2709.86,228330.32,228330.32,63693.22,43629.42,-83885.59,93516.34,-86913.70,-162325.04,-162325.04,-81547.49,-83534.12,1635653,42.0,72061.78,569663.89,116996.62,166012.71,189950.49,191396.31,-56983.40,446498.06,-25276.88,8791.48,40019.79,45795.44,2743290,7406675,4635227,6489317,6489317,6489317,128.0,152.0,240.0,240.0,240.0,240.0
127,7180,202720.97,166403.29,6400,-459567.78,69011.03,3995,91129.72,75989.73,5200,-612048.19,32098.14,504,11627.23,9501.48,0,-94059.56,4775.95,3567,81903.18,69566.73,3900,-321373.74,35119.41,82542.54,199136.67,-334215.46,-429284.41,49347.29,234178.88,2744.61,230166.40,230166.40,64495.26,44176.99,-83764.47,97840.49,-87058.24,-160781.12,-160781.12,-81330.92,-83428.67,1645640,42.0,73056.32,578869.44,119413.10,168878.64,193198.09,194641.40,-56230.53,459168.57,-23703.52,11198.36,43584.27,49520.57,2761351,7452953,4654561,6516385,6516385,6516385,128.0,152.0,240.0,240.0,240.0,240.0
128,7223,203932.59,167510.19,6400,-459395.51,69373.71,4019,91659.17,76495.15,5200,-614894.75,32243.38,510,11780.41,9628.74,0,-94556.17,4831.37,3593,82482.3,70119.93,3900,-322714.52,35339.88,83113.47,200414.49,-335391.03,-429701.98,49959.37,237904.72,2779.60,231993.80,231993.80,65296.93,44724.35,-83531.06,102366.89,-87191.98,-159045.86,-159045.86,-80964.41,-83223.58,1655330,42.0,74051.31,588082.24,121827.61,171735.74,196435.17,197876.31,-55363.23,472044.62,-22031.48,13719.60,47280.57,53319.09,2778942,7497825,4672487,6541482,6541482,6541482,128.0,152.0,240.0,240.0,240.0,240.0
129,7266,205147.07,168619.96,6400,-459262.75,69740.71,4042,92181.9,76993.85,5200,-617887.69,32396.13,518,11947.51,9769.92,0,-94955.82,4896.91,3619,83075.27,70686.98,3900,-323958.32,35570.54,83687.64,201694.03,-336501.73,-430138.79,50563.42,241618.19,2814.75,233813.61,233813.61,66088.04,45264.55,-83422.30,106570.08,-87316.01,-157364.88,-157364.88,-80756.60,-83131.38,1665172,42.0,75038.96,597287.16,124232.96,174576.71,199654.41,201094.02,-54618.56,484590.71,-20506.49,16106.29,50858.11,56947.40,2796811,7543407,4690696,6566974,6566974,6566974,128.0,152.0,240.0,240.0,240.0,240.0
130,7310,206372.47,169740.65,6400,-459040.18,70107.42,4066,92711.02,77498.94,5200,-620840.13,32550.12,525,12103.33,9899.81,0,-95451.53,4953.71,3645,83652.43,71238.21,3900,-325298.18,35789.18,84257.4,202974.92,-337687.09,-430534.12,51172.83,245336.75,2849.76,235637.15,235637.15,66886.16,45809.56,-83303.64,110822.52,-87434.66,-155671.86,-155671.86,-80536.92,-83029.82,1671731,42.0,76028.56,606456.75,126631.93,177399.76,202851.64,204289.63,-53856.44,497282.70,-18960.48,18527.10,54486.63,60619.39,2804113,7560754,4692383,6569336,6569336,6569336,128.0,152.0,240.0,240.0,240.0,240.0
131,7354,207597.67,170861.14,6400,-458524.13,70459.0,4090,93239.96,78003.85,5200,-623613.38,32692.88,532,12270.26,10040.82,0,-95946.83,5018.55,3671,84236.16,71796.02,3900,-326637.61,36012.55,84847.25,204173.07,-338791.47,-430783.54,51779.93,249045.90,2884.85,237457.41,237457.41,67681.22,46352.50,-83049.14,115435.94,-87547.44,-153821.07,-153821.07,-80143.18,-82805.34,1678043,42.0,77678.15,615574.26,129017.39,180197.64,206019.61,207456.18,-52946.91,510511.43,-17245.10,21131.29,58316.83,64503.48,2810425,7575425,4692383,6569336,6569336,6569336,128.0,152.0,240.0,240.0,240.0,240.0
132,7398,208822.67,171981.43,6400,-458122.94,70818.52,4114,93768.72,78508.57,5200,-626484.61,32842.96,539,12437.11,10181.74,0,-96441.72,5083.04,3697,84815.28,72349.22,3900,-327976.58,36232.27,85434.71,205365.92,-339947.46,-431087.47,52384.70,252745.62,2919.91,239274.40,239274.40,68473.20,46893.37,-82902.62,119834.39,-87652.36,-152071.24,-152071.24,-79890.61,-82677.42,1684454,42.0,79322.65,624639.20,131389.23,182948.59,209158.02,210593.36,-52138.45,523628.35,-15631.75,24008.74,62073.35,68305.47,2816837,7590328,4692383,6569336,6569336,6569336,128.0,152.0,240.0,240.0,240.0,240.0
133,7441,210036.33,173090.38,6400,-457547.56,71155.84,4138,94290.71,79006.53,5200,-629315.74,32984.48,546,12593.91,10312.61,0,-96674.21,5126.56,3723,85379.81,72887.82,3900,-328939.23,36417.66,86014.72,206536.0,-340806.43,-431133.63,52979.03,256418.83,2954.90,241080.53,241080.53,69251.50,47424.91,-82737.47,124295.17,-87753.49,-150192.33,-150192.33,-79613.97,-82532.63,1689247,42.0,80954.45,633633.74,133740.10,185666.31,212259.30,213693.91,-51306.15,536895.02,-13992.08,26929.57,65885.08,72153.18,2821630,7601469,4692383,6569336,6569336,6569336,128.0,152.0,240.0,240.0,240.0,240.0
134,7484,211248.57,174197.91,6400,-457002.11,71494.04,4162,94819.09,79510.89,5200,-632083.71,33124.21,553,12760.42,10453.2,0,-97062.37,5190.83,3749,85953.98,73436.07,3900,-330057.46,36623.84,86599.48,207711.0,-341705.21,-431198.25,53578.53,260096.01,2989.61,242890.10,242890.10,70036.54,47961.07,-82486.64,128961.29,-87850.21,-148218.87,-148218.87,-79225.53,-82310.99,1693941,42.0,82587.95,642589.15,136084.61,188365.48,215338.19,216771.85,-50382.54,550458.48,-12257.82,29962.39,69820.87,76112.35,2826323,7612378,4692383,6569336,6569336,6569336,128.0,152.0,240.0,240.0,240.0,240.0
135,7528,212472.95,175317.58,6400,-456547.48,71846.29,4186,95347.3,80015.06,5200,-634922.34,33270.13,561,12926.85,10593.71,0,-97325.13,5243.75,3774,86526.47,73982.63,3900,-331000.4,36813.13,87182.75,208889.02,-342554.25,-431274.13,54175.64,263763.44,3024.28,244696.21,244696.21,70818.37,48495.14,-82311.26,133496.34,-87941.49,-146319.13,-146319.13,-78936.40,-82156.58,1698708,42.0,84216.33,651492.59,138416.20,191039.38,218387.92,219821.37,-49530.28,563976.86,-10591.01,32943.81,73715.97,80031.38,2831091,7623460,4692383,6569336,6569336,6569336,128.0,152.0,240.0,240.0,240.0,240.0
136,7572,213697.14,176437.05,6400,-456078.47,72198.2,4210,95875.32,80519.05,5200,-637748.88,33415.76,567,13084.79,10725.73,0,-97712.29,5301.04,3800,87090.4,74520.64,3900,-332017.85,37002.44,87761.67,210068.29,-343622.77,-430622.81,54770.04,267419.34,3058.89,246498.53,246498.53,71596.65,49026.78,-82115.33,138104.46,-88030.39,-144396.50,-144396.50,-78620.93,-81983.54,1703551,42.0,85839.11,660339.87,140733.85,193686.76,221407.21,222840.45,-48646.58,577654.93,-8894.44,35971.21,77668.50,84004.12,2835934,7634717,4692383,6569336,6569336,6569336,128.0,152.0,240.0,240.0,240.0,240.0
137,7615,214921.11,177556.32,6400,-455618.14,72549.77,4234,96403.15,81022.85,5200,-640581.86,33561.12,575,13250.99,10866.0,0,-98098.99,5364.22,3825,87662.51,75066.83,3900,-332984.92,37193.27,88344.61,211252.76,-344669.55,-429932.89,55359.32,271048.53,3093.40,248293.69,248293.69,72368.22,49553.84,-81916.23,142750.40,-88115.84,-142468.36,-142468.36,-78301.92,-81807.39,1704000,42.0,87453.23,669113.08,143038.00,196308.17,224396.66,225829.69,-47755.02,591462.86,-7184.73,39028.30,81662.42,88015.92,2836383,7635759,4692383,6569336,6569336,6569336,128.0,152.0,240.0,240.0,240.0,240.0
138,7659,216144.89,178675.38,6400,-455046.0,72893.95,4257,96930.81,81526.48,5200,-643335.11,33699.71,582,13417.05,11006.14,0,-98349.34,5417.38,3851,88234.42,75612.81,3900,-333755.63,37369.7,88916.39,212476.54,-345607.2,-429023.73,55943.15,274649.07,3127.76,250081.24,250081.24,73132.66,50076.02,-81617.68,147639.61,-88197.95,-140428.99,-140428.99,-77853.32,-81542.02,1704000,42.0,89058.25,677728.90,145328.53,198903.28,227355.90,228788.72,-46758.80,605606.20,-5364.56,42212.71,85795.53,92160.14,2836383,7635759,4692383,6569336,6569336,6569336,128.0,152.0,240.0,240.0,240.0,240.0
139,7703,217368.46,179794.25,6400,-454465.58,73237.01,4281,97458.28,82029.92,5200,-646156.01,33844.5,589,13582.96,11146.13,0,-98722.28,5479.79,3877,88806.11,76158.58,3900,-334648.77,37555.41,89487.97,213700.11,-346602.67,-428159.44,56521.46,278220.51,3161.91,251861.06,251861.06,73889.88,50593.27,-81386.07,152419.21,-88274.55,-138454.73,-138454.73,-77493.02,-81336.23,1704000,42.0,90654.04,686265.17,147605.21,201471.69,230284.46,231717.08,-45825.27,619734.56,-3600.97,45357.76,89900.67,96278.41,2836383,7635759,4692383,6569336,6569336,6569336,128.0,152.0,240.0,240.0,240.0,240.0
140,7746,218582.68,180903.75,6400,-454000.21,73582.29,4305,97980.13,82527.73,5200,-648982.22,33985.09,596,13740.33,11277.57,0,-99083.71,5535.77,3902,89369.18,76695.72,3900,-335508.79,37733.2,90050.92,214914.32,-347578.1,-427326.63,57087.85,281750.32,3195.82,253627.21,253627.21,75197.87,51099.86,-81151.88,157227.36,-88348.01,-136475.52,-136475.52,-77131.14,-81128.14,1704000,42.0,92234.62,694708.85,149478.19,204007.09,233176.00,234608.70,-44885.43,633970.49,-1828.30,48528.67,94043.92,100425.70,2836383,7635759,4692383,6569336,6569336,6569336,128.0,152.0,240.0,240.0,240.0,240.0
141,7790,219806.09,182022.45,6400,-453535.25,73932.98,4329,98507.33,83030.91,5200,-651807.29,34129.7,603,13905.96,11417.27,0,-99362.0,5589.63,3928,89940.44,77241.06,3900,-336281.1,37908.89,90622.07,216137.74,-348524.16,-426456.81,57655.17,285168.31,3229.31,255391.39,255391.39,76506.36,51607.27,-80903.94,162101.38,-88418.29,-134480.13,-134480.13,-76754.12,-80907.40,1704000,42.0,93811.65,703083.66,151337.66,206520.90,236041.83,237474.32,-43926.48,648374.09,-28.52,51743.96,98244.06,104629.63,2836383,7635759,4692383,6569336,6569336,6569336,128.0,152.0,240.0,240.0,240.0,240.0
142,7833,221029.42,183141.07,6400,-453070.69,74283.58,4353,99034.4,83533.95,5200,-654631.22,34274.23,611,14071.44,11556.83,0,-99732.83,5651.56,3953,90511.49,77786.18,3900,-337141.4,38092.68,91193.0,217361.07,-349513.95,-425629.25,58216.86,288555.09,3262.60,257147.57,257147.57,77807.50,52109.66,-80643.41,167036.32,-88486.94,-132469.68,-132469.68,-76362.90,-80675.25,1704000,42.0,95379.09,711375.86,153177.40,209006.77,238875.56,240307.85,-42949.40,662940.41,1798.88,55004.49,102502.14,108891.30,2836383,7635759,4692383,6569336,6569336,6569336,128.0,152.0,240.0,240.0,240.0,240.0
143,7877,222252.67,184259.62,6400,-452599.48,74634.08,4376,99561.34,84036.85,5200,-657447.53,34418.67,618,14236.78,11696.24,0,-100092.89,5713.29,3979,91082.32,78331.09,3900,-337986.38,38276.29,91763.72,218584.32,-350373.48,-425121.33,58772.86,291910.16,3295.65,258895.63,258895.63,79101.17,52606.95,-80362.59,172048.77,-88554.02,-130436.46,-130436.46,-75947.34,-80424.84,1704000,42.0,96936.79,719584.13,154997.10,211464.25,241676.68,243108.76,-41946.37,678104.48,3662.05,58318.76,106826.85,113219.03,2836383,7635759,4692383,6569336,6569336,6569336,128.0,152.0,240.0,240.0,240.0,240.0
144,7921,223475.85,185378.08,6400,-452127.91,74984.48,4400,100088.14,84539.62,5200,-660269.18,34563.04,625,14401.97,11835.51,0,-100461.47,5774.84,4005,91652.94,78875.79,3900,-338839.71,38459.72,92334.22,219807.49,-351236.54,-424617.85,59323.20,295233.98,3328.44,260635.65,260635.65,80387.54,53099.18,-80076.54,177107.57,-88619.19,-128395.51,-128395.51,-75527.17,-80169.64,1704000,42.0,98484.81,727708.38,156796.46,213892.90,244444.67,245876.54,-40932.31,693427.40,5546.23,61672.39,111204.01,117599.44,2836383,7635759,4692383,6569336,6569336,6569336,128.0,152.0,240.0,240.0,240.0,240.0
145,7964,224698.94,186496.46,6400,-451584.71,75328.91,4424,100614.81,85042.26,5200,-663027.79,34701.92,632,14567.02,11974.64,0,-100735.47,5827.92,4030,92223.35,79420.28,3900,-339596.79,38634.72,92904.52,221030.59,-352003.56,-424035.81,59867.84,298526.16,3360.98,262367.54,262367.54,81666.52,53586.31,-79707.62,182377.66,-88683.32,-126268.75,-126268.75,-74991.97,-79840.29,1704000,42.0,100023.01,735747.43,158555.97,216292.30,247179.05,248610.71,-39829.11,709072.90,7853.18,65143.65,115712.08,122106.29,2836383,7635759,4692383,6569336,6569336,6569336,128.0,152.0,240.0,240.0,240.0,240.0
146,8008,225921.95,187614.76,6400,-451123.7,75679.11,4448,101141.35,85544.77,5200,-665848.72,34846.12,639,14731.93,12113.62,0,-101094.0,5889.08,4056,92793.55,79964.55,3900,-340438.25,38817.81,93474.6,222253.6,-352859.08,-423537.07,60406.67,301786.19,3393.24,264042.02,264042.02,82938.00,54068.25,-79400.58,187885.79,-88744.71,-124201.84,-124201.84,-74540.40,-79566.26,1704000,42.0,101551.25,743699.92,160294.23,218661.99,249879.29,251310.75,-38782.25,724738.64,10118.61,68588.08,120206.22,126602.89,2836383,7635759,4692383,6569336,6569336,6569336,128.0,152.0,240.0,240.0,240.0,240.0
147,8051,227135.61,188723.71,6400,-450664.04,76023.7,4471,101662.27,86041.66,5200,-668669.31,34986.12,646,14889.76,12245.53,0,-101459.82,5944.89,4081,93356.6,80501.67,3900,-341286.86,38995.58,94037.53,223467.26,-353717.66,-423043.77,60933.15,305001.10,3425.24,265702.12,265702.12,84194.12,54539.14,-79082.61,193458.71,-88805.73,-122121.45,-122121.45,-74076.44,-79282.41,1704000,42.0,103063.46,751552.02,162004.99,220995.59,252538.95,253970.50,-37718.26,740582.14,12416.24,72079.68,124761.22,131160.32,2836383,7635759,4692383,6569336,6569336,6569336,128.0,152.0,240.0,240.0,240.0,240.0
148,8095,228358.47,189841.86,6400,-450205.75,76373.71,4495,102188.55,86543.9,5200,-671489.56,35130.15,653,15054.52,12384.36,0,-101824.71,6005.85,4107,93926.51,81045.66,3900,-342134.38,39178.52,94607.33,224690.11,-354564.4,-422581.88,61460.11,308195.35,3456.80,267359.54,267359.54,85450.25,55010.46,-78753.54,199097.53,-88866.14,-120027.39,-120027.39,-73599.87,-78988.57,1704000,42.0,104571.31,759327.32,163699.74,223304.45,255169.30,256600.64,-36636.84,756606.45,14746.61,75619.36,129378.16,135779.68,2836383,7635759,4692383,6569336,6569336,6569336,128.0,152.0,240.0,240.0,240.0,240.0
149,8138,229581.24,190959.92,6400,-449748.83,76723.62,4519,102714.69,87046.02,5200,-674309.47,35274.08,661,15219.2,12523.13,0,-102188.66,6066.71,4132,94496.28,81589.51,3900,-342980.81,39361.38,95176.99,225912.89,-355410.06,-422121.36,61981.01,311355.93,3488.14,269008.23,269008.23,86698.52,55476.35,-78413.16,204803.42,-88925.72,-117919.43,-117919.43,-73110.42,-78684.58,1704000,42.0,106068.71,767011.92,165372.24,225582.18,257763.87,259195.01,-35537.62,772814.71,17110.35,79208.02,134058.19,140462.11,2836383,7635759,4692383,6569336,6569336,6569336,128.0,152.0,240.0,240.0,240.0,240.0
150,8182,230803.93,192077.9,6400,-449287.4,77073.44,4543,103240.7,87548.0,5200,-677123.65,35417.94,668,15383.82,12661.82,0,-102543.41,6127.48,4158,95065.91,82133.21,3900,-343817.9,39544.17,95746.5,227135.58,-356246.37,-421656.32,62495.74,314482.32,3519.23,270648.06,270648.06,87938.83,55936.74,-78054.91,210591.00,-88984.42,-115790.97,-115790.97,-72599.50,-78364.57,1704000,42.0,107555.53,774604.40,167022.12,227828.28,260322.10,261753.03,-34413.91,789223.56,19514.41,82851.00,138806.53,145212.52,2836383,7635759,4692383,6569336,6569336,6569336,128.0,152.0,240.0,240.0,240.0,240.0
151,8220,231872.65,193140.53,6400,-448833.27,77422.71,4565,103718.87,88024.7,5200,-679942.88,35554.53,675,15548.36,12800.43,0,-102905.72,6184.89,4183,95635.4,82676.78,3900,-344662.4,39723.62,96304.43,228254.44,-357090.08,-421198.67,62984.51,317501.41,3550.05,272245.45,272245.45,89148.85,56373.17,-77691.22,216434.86,-89041.96,-113399.68,-113399.68,-72083.36,-78039.63,1704000,42.0,109008.91,781972.12,168614.40,230007.14,262807.42,264138.75,-33277.97,805809.68,21946.81,86536.44,143611.52,150020.01,2836383,7635759,4692383,6569336,6569336,6569336,128.0,152.0,240.0,240.0,240.0,240.0
152,8259,232942.0,194203.79,6400,-448299.44,77766.31,4587,104205.89,88510.26,5200,-682699.01,35690.24,682,15712.82,12938.97,0,-103189.83,6235.32,4209,96204.74,83220.2,3900,-345428.56,39896.11,96867.12,229373.55,-357855.44,-420661.4,63480.25,320522.32,3580.11,273841.88,273841.88,90366.21,56816.11,-77242.94,222504.03,-89098.47,-110920.15,-110920.15,-71457.73,-77638.98,1704000,42.0,110464.96,788618.55,170200.77,232170.85,265189.16,266509.77,-32049.99,822760.22,24487.60,90344.69,148553.79,154961.15,2836383,7635759,4692383,6569336,6569336,6569336,128.0,152.0,240.0,240.0,240.0,240.0
153,8297,234005.32,195261.02,6400,-447847.53,78113.14,4609,104682.71,88985.61,5200,-685517.38,35826.15,689,15877.22,13077.45,0,-103551.88,6292.55,4234,96773.95,83763.48,3900,-346272.52,40075.41,97424.18,230489.79,-358698.58,-420206.12,63962.36,323498.40,3609.90,275417.12,275417.12,91566.01,57247.02,-76855.07,228490.87,-89152.15,-108498.32,-108498.32,-70913.74,-77292.32,1704000,42.0,111903.70,795610.50,171759.13,234297.11,267527.31,268841.11,-30875.83,839744.44,26991.23,94130.43,153487.70,159897.60,2836383,7635759,4692383,6569336,6569336,6569336,128.0,152.0,240.0,240.0,240.0,240.0
154,8335,235071.99,196321.6,6400,-447396.73,78461.34,4631,105169.93,89471.37,5200,-688335.34,35967.37,696,16034.54,13208.84,0,-103913.78,6344.43,4260,97336.01,84299.62,3900,-347116.22,40249.4,97976.46,231607.56,-359541.43,-419752.02,64450.00,326475.64,3639.24,276990.62,276990.62,92771.91,57683.04,-76454.85,234550.94,-89205.36,-106060.86,-106060.86,-70355.47,-76934.56,1704000,42.0,113344.52,802293.79,173315.33,236415.61,269853.58,271164.01,-29682.05,856936.07,29531.36,97967.63,158487.96,164900.40,2836383,7635759,4692383,6569336,6569336,6569336,128.0,152.0,240.0,240.0,240.0,240.0
155,8373,236130.46,197373.98,6400,-446947.01,78805.96,4653,105654.15,89954.12,5200,-691152.9,36107.05,703,16198.79,13347.16,0,-104275.56,6401.46,4285,97904.94,84842.62,3900,-347959.66,40428.54,98534.03,232721.44,-360384.02,-419299.11,64933.51,329429.49,3668.45,278558.07,278558.07,93972.43,58115.38,-76042.08,240685.50,-89257.83,-103607.54,-103607.54,-69782.64,-76565.53,1704000,42.0,114778.05,809116.34,174858.72,238516.00,272157.76,273465.31,-28468.31,874327.77,32108.62,101857.17,163555.69,169970.66,2836383,7635759,4692383,6569336,6569336,6569336,128.0,152.0,240.0,240.0,240.0,240.0
156,8410,237168.67,198406.1,6400,-445828.41,79168.17,4675,106128.85,90427.36,5200,-693611.67,36254.35,711,16362.96,13485.41,0,-104630.13,6458.39,4311,98473.72,85385.48,3900,-348795.77,40607.61,99086.46,233824.7,-361081.5,-418674.89,65405.35,332344.74,3697.53,280112.39,280112.39,95158.33,58537.31,-75379.06,247831.80,-89309.33,-100706.72,-100706.72,-68908.72,-75963.76,1704000,42.0,116197.18,815690.14,176382.05,240590.93,274432.46,275737.86,-26941.81,893623.11,35170.36,106252.83,169156.27,176082.82,2836383,7635759,4692383,6569336,6569336,6569336,128.0,152.0,240.0,240.0,240.0,240.0
157,8447,238216.9,199448.23,6400,-444712.01,79534.61,4697,106609.71,90906.76,5200,-696174.93,36404.8,718,16527.06,13623.59,0,-104977.71,6515.23,4336,99042.36,85928.2,3900,-349624.74,40786.61,99642.19,234932.64,-361830.78,-418049.24,65881.39,335256.27,3726.25,281668.96,281668.96,96349.20,58963.01,-74857.11,254590.25,-89353.93,-97888.58,-97888.58,-68211.88,-75491.65,1704000,42.0,117617.35,822050.61,177903.81,242581.65,276699.03,278002.29,-25563.50,912185.65,38052.37,110483.87,174901.69,181966.01,2836383,7635759,4692383,6569336,6569336,6569336,128.0,152.0,240.0,240.0,240.0,240.0
158,8484,239245.0,200471.52,6400,-443543.63,79892.9,4719,107087.25,91383.19,5200,-698619.59,36553.73,723,16651.47,13746.81,0,-105331.85,6570.37,4360,99562.88,86447.52,3900,-350460.25,40959.66,100156.05,236012.23,-362520.58,-417402.94,66354.26,338149.57,3754.88,283213.98,283213.98,97535.97,59385.87,-74241.92,261529.86,-89397.52,-94906.26,-94906.26,-67389.10,-74937.86,1704000,42.0,119031.81,828394.68,179417.54,244559.90,278951.26,280252.66,-24090.44,931132.37,41022.70,114819.29,180771.62,187923.74,2836383,7635759,4692383,6569336,6569336,6569336,128.0,152.0,240.0,240.0,240.0,240.0
159,8521,240275.35,201497.04,6400,-442410.25,80252.09,4740,107559.26,91854.09,5200,-701193.1,36699.83,729,16787.29,13881.43,0,-105607.64,6624.41,4384,100094.73,86978.18,3900,-351217.35,41131.61,100672.57,237093.18,-363160.29,-416773.69,66817.53,341011.93,3783.40,284748.36,284748.36,98710.77,59800.16,-73735.10,268199.68,-89438.07,-91969.32,-91969.32,-66705.05,-74482.90,1704000,42.0,120434.53,834601.37,180917.29,246519.76,281183.21,282483.30,-22724.97,949721.75,43870.99,119045.60,186551.30,193746.68,2836383,7635759,4692383,6569336,6569336,6569336,128.0,152.0,240.0,240.0,240.0,240.0
160,8558,241314.21,202531.09,6400,-441197.41,80614.87,4762,108036.48,92330.21,5200,-703730.93,36848.59,735,16913.84,14006.79,0,-105961.17,6680.54,4407,100613.59,87495.84,3900,-352052.16,41303.8,101185.43,238175.19,-363858.87,-416107.77,67284.56,343872.54,3811.62,286285.03,286285.03,99890.08,60217.83,-73218.29,274926.29,-89479.15,-89019.59,-89019.59,-66009.06,-74019.19,1704000,42.0,121839.85,840606.97,182419.72,248479.84,283414.52,284713.22,-21343.36,968557.86,46744.52,123310.45,192388.09,199620.64,2836383,7635759,4692383,6569336,6569336,6569336,128.0,152.0,240.0,240.0,240.0,240.0
161,8596,242352.92,203564.99,6400,-439769.89,80977.52,4784,108513.53,92806.16,5200,-706151.48,36997.27,741,17049.49,14141.25,0,-106314.45,6741.28,4431,101137.82,88018.88,3900,-352886.64,41478.74,101714.65,239192.86,-364497.0,-415322.96,67749.05,346719.06,3839.78,287818.11,287818.11,101066.18,60633.23,-72601.49,281902.03,-89520.38,-85966.65,-85966.65,-65182.88,-73466.18,1704000,42.0,122913.68,846643.79,183919.31,250434.75,285639.92,286937.40,-19854.20,987687.31,49734.63,127705.46,198373.89,205633.93,2836383,7635759,4692383,6569336,6569336,6569336,128.0,152.0,240.0,240.0,240.0,240.0
162,8633,243391.5,204598.74,6400,-438443.59,81340.05,4806,108990.4,93281.92,5200,-708648.79,37145.85,747,17185.07,14275.64,0,-106667.46,6801.93,4455,101658.24,88538.11,3900,-353720.77,41651.73,102241.9,240206.44,-365176.06,-414586.19,68210.97,349551.39,3867.83,289347.56,289347.56,102239.01,61046.34,-72064.11,288742.78,-89558.86,-82991.05,-82991.05,-64462.56,-72984.34,1704000,42.0,123983.79,852544.10,185416.07,252384.52,287859.44,289155.85,-18435.74,1006745.14,52660.97,132327.23,204326.78,211614.37,2836383,7635759,4692383,6569336,6569336,6569336,128.0,152.0,240.0,240.0,240.0,240.0
163,8670,244421.27,205623.7,6400,-436933.98,81698.74,4827,109461.7,93752.11,5200,-711111.51,37291.58,753,17312.27,14401.64,0,-106801.5,6860.05,4478,102166.55,89045.23,3900,-354235.68,41820.33,102762.88,241202.32,-365610.82,-413590.2,68664.04,352357.38,3895.77,290867.55,290867.55,103400.87,61451.54,-71516.37,295640.16,-89597.50,-79913.45,-79913.45,-63730.07,-72493.31,1704000,42.0,125044.33,858356.51,186903.99,254323.10,290067.01,291362.78,-16999.91,1025980.15,55611.82,136989.52,210334.72,217646.12,2836383,7635759,4692383,6569336,6569336,6569336,128.0,152.0,240.0,240.0,240.0,240.0
164,8707,245449.96,206647.57,6400,-435448.44,82056.91,4849,109938.22,94227.53,5200,-713507.48,37439.97,759,17447.42,14535.6,0,-107065.68,6922.2,4501,102682.75,89560.24,3900,-354880.62,41992.96,103287.74,242202.04,-366071.54,-412609.32,69554.90,355162.07,3923.43,292389.99,292389.99,104567.39,61860.18,-70883.67,302753.72,-89635.95,-76746.62,-76746.62,-62885.48,-71925.08,1704000,42.0,126107.22,864011.09,188394.93,256262.33,292274.46,293569.40,-15470.81,1045490.39,58661.83,141765.92,216470.82,223798.97,2836383,7635759,4692383,6569336,6569336,6569336,128.0,152.0,240.0,240.0,240.0,240.0
165,8744,246488.11,207680.9,6400,-434049.19,82419.06,4871,110414.56,94702.77,5200,-715968.71,37588.27,765,17582.49,14669.48,0,-107226.52,6984.25,4525,103197.55,90073.84,3900,-355378.31,42164.86,103811.36,243204.13,-366496.98,-411641.5,70443.51,357953.91,3951.03,293909.07,293909.07,105730.88,62266.76,-70318.06,309757.87,-89671.75,-73643.52,-73643.52,-62128.82,-71415.63,1704000,42.0,127166.71,869677.48,189883.56,258196.85,294476.44,295771.19,-14002.65,1064911.22,61655.01,146498.84,222576.68,229922.72,2836383,7635759,4692383,6569336,6569336,6569336,128.0,152.0,240.0,240.0,240.0,240.0
166,8781,247526.12,208714.1,6400,-432650.39,82781.09,4892,110890.73,95177.83,5200,-718428.96,37736.48,771,17710.6,14796.4,0,-107496.87,7042.69,4548,103705.31,90580.41,3900,-355941.61,42333.15,104331.39,244207.21,-367120.48,-410036.66,71329.61,360731.31,3978.53,295424.51,295424.51,106891.08,62671.00,-69742.92,316815.05,-89707.52,-70527.25,-70527.25,-61359.38,-70896.42,1704000,42.0,128206.01,875249.20,191369.16,260125.93,296672.21,297966.75,-12241.42,1084485.53,64668.68,151265.68,228729.74,236091.35,2836383,7635759,4692383,6569336,6569336,6569336,128.0,152.0,240.0,240.0,240.0,240.0
167,8818,248563.99,209747.15,6400,-431252.04,83143.0,4914,111366.73,95652.72,5200,-720888.25,37884.6,777,17845.47,14930.07,0,-107766.9,7104.54,4571,104219.75,91093.66,3900,-356460.67,42504.86,104854.69,245214.35,-367721.67,-408393.98,72214.26,363500.02,4005.92,296937.84,296937.84,108049.38,63073.84,-69158.53,323924.11,-89742.68,-67398.01,-67398.01,-60577.55,-70367.68,1704000,42.0,129243.03,880745.27,192851.69,262049.46,298861.66,300156.00,-10464.15,1104155.52,67701.83,156065.03,234928.35,242303.56,2836383,7635759,4692383,6569336,6569336,6569336,128.0,152.0,240.0,240.0,240.0,240.0
168,8856,249601.71,210780.05,6400,-429768.27,83504.78,4936,111842.54,96127.43,5200,-723280.34,38032.62,783,17980.21,15063.62,0,-107920.85,7166.27,4594,104734.0,91606.72,3900,-356819.7,42676.45,105368.82,246252.07,-368232.85,-406580.13,73097.55,366260.53,4033.21,298449.19,298449.19,109205.91,63475.38,-68488.10,331248.10,-89776.93,-64178.74,-64178.74,-59682.39,-69760.74,1704000,42.0,130277.89,886105.14,194331.11,263967.39,301044.71,302338.84,-8593.68,1124100.99,70831.95,160974.53,241250.23,248633.51,2836383,7635759,4692383,6569336,6569336,6569336,128.0,152.0,240.0,240.0,240.0,240.0
169,8893,250639.3,211812.82,6400,-428275.53,83866.44,4958,112318.19,96601.96,5200,-725737.68,38180.56,789,18114.82,15197.04,0,-108170.61,7227.88,4618,105248.06,92119.58,3900,-357274.39,42847.93,105882.77,247289.66,-368791.65,-404804.86,73979.48,369012.73,4060.40,299958.53,299958.53,110360.64,63875.60,-67876.97,338462.92,-89808.40,-61023.22,-61023.22,-58875.32,-69212.55,1704000,42.0,131310.57,891175.25,195807.39,265879.62,303221.25,304515.18,-6783.68,1143967.74,73905.60,165841.00,247542.31,254936.09,2836383,7635759,4692383,6569336,6569336,6569336,128.0,152.0,240.0,240.0,240.0,240.0
170,8930,251669.61,212838.31,6400,-426878.49,84224.93,4979,112789.2,97071.88,5200,-728194.05,38326.13,795,18242.42,15323.44,0,-108420.01,7285.86,4641,105755.03,92625.36,3900,-357713.58,43015.79,106389.62,248319.97,-369336.92,-403056.86,74855.21,371746.35,4087.49,301461.05,301461.05,111229.06,64269.90,-67258.89,345715.47,-89839.45,-57857.12,-57857.12,-58057.40,-68657.20,1704000,42.0,132336.23,896202.00,197205.10,267781.25,305386.39,306680.36,-4961.71,1163950.29,76991.35,170732.39,253872.25,261268.51,2836383,7635759,4692383,6569336,6569336,6569336,128.0,152.0,240.0,240.0,240.0,240.0
171,8967,252707.07,213870.95,6400,-425481.89,84586.43,5001,113264.59,97546.16,5200,-730649.46,38473.94,801,18376.77,15456.61,0,-108586.67,7347.24,4664,106268.69,93137.83,3900,-358069.88,43187.05,106903.17,249357.43,-369840.55,-401320.23,75734.69,374427.04,4114.37,302966.67,302966.67,112102.39,64667.76,-66630.79,353024.02,-89869.85,-54677.35,-54677.35,-57225.53,-68091.66,1704000,42.0,133364.80,901088.88,198603.76,269682.16,307549.96,308843.73,-3123.40,1184044.92,80097.99,175657.80,260249.22,267647.93,2836383,7635759,4692383,6569336,6569336,6569336,128.0,152.0,240.0,240.0,240.0,240.0
172,9004,253744.46,214903.54,6400,-424085.74,84947.86,5023,113739.85,98020.31,5200,-733103.91,38621.7,807,18511.0,15589.64,0,-108834.81,7408.51,4687,106782.15,93650.1,3900,-358507.53,43358.2,107416.52,250394.82,-370384.65,-399624.49,76612.92,377098.91,4141.20,304470.41,304470.41,112974.08,65064.42,-65993.51,360382.27,-89899.35,-51485.11,-51485.11,-56380.82,-67516.67,1704000,42.0,134391.31,905971.03,199998.35,271577.28,309706.91,311000.48,-1269.89,1204244.59,83225.83,180617.77,266673.81,274074.96,2836383,7635759,4692383,6569336,6569336,6569336,128.0,152.0,240.0,240.0,240.0,240.0
173,9041,254781.8,215936.05,6400,-422690.02,85309.21,5044,114214.99,98494.34,5200,-735557.4,38769.4,813,18645.11,15722.55,0,-109082.05,7469.66,4711,107295.42,94162.17,3900,-358944.13,43529.24,107929.68,251432.16,-370820.4,-398225.52,77489.90,379761.85,4167.98,305972.26,305972.26,113844.13,65459.88,-65347.07,367789.87,-89927.86,-48280.45,-48280.45,-55523.31,-66932.28,1704000,42.0,135415.72,910755.54,201388.79,273466.52,311857.12,313150.48,598.82,1225001.43,86375.17,185612.86,273146.65,280550.23,2836383,7635759,4692383,6569336,6569336,6569336,128.0,152.0,240.0,240.0,240.0,240.0
174,9079,255819.08,216968.51,6400,-421294.75,85670.48,5066,114689.99,98968.24,5200,-738009.94,38917.04,819,18779.08,15855.34,0,-109328.37,7530.69,4734,107808.49,94674.05,3900,-359379.68,43700.17,108442.64,252469.44,-371255.12,-396827.0,78365.60,382415.70,4194.69,307472.20,307472.20,114712.52,65854.10,-64691.36,375247.50,-89955.21,-45063.24,-45063.24,-54652.85,-66338.37,1704000,42.0,136438.01,915463.76,202775.04,275349.80,314000.48,315293.65,2482.93,1245793.78,89546.30,190643.64,279668.36,287074.36,2836383,7635759,4692383,6569336,6569336,6569336,128.0,152.0,240.0,240.0,240.0,240.0
175,9116,256856.29,218000.91,6400,-419829.06,86031.72,5088,115164.87,99442.02,5200,-740406.87,39064.66,825,18912.93,15987.99,0,-109491.37,7591.61,4757,108321.37,95185.74,3900,-359731.75,43870.98,108955.4,253506.65,-371606.36,-395358.06,79240.02,385060.36,4221.33,308970.20,308970.20,115565.31,66247.08,-63964.13,382887.14,-89981.36,-41771.22,-41771.22,-53453.22,-65679.52,1704000,42.0,137458.16,920089.63,204157.03,277227.13,316137.05,317430.02,4444.76,1266854.52,93049.71,195772.81,286301.70,293706.89,2836383,7635759,4692383,6569336,6569336,6569336,128.0,152.0,240.0,240.0,240.0,240.0
176,9153,257893.44,219033.24,6400,-418436.06,86392.94,5109,115639.63,99915.67,5200,-742858.57,39212.28,830,19046.65,16120.52,0,-109735.85,7652.41,4780,108834.05,95697.23,3900,-360165.18,44041.69,109467.97,254543.8,-372038.96,-393961.79,80113.13,387695.67,4247.89,310434.63,310434.63,116416.39,66638.80,-63293.62,390724.60,-90004.79,-38532.54,-38532.54,-52327.00,-65069.91,1704000,42.0,138476.13,924646.26,205534.69,279098.46,318266.73,319559.49,6356.18,1287866.76,96512.67,200872.60,292918.99,300326.57,2836383,7635759,4692383,6569336,6569336,6569336,128.0,152.0,240.0,240.0,240.0,240.0
177,9190,258923.31,220058.3,6400,-417044.17,86751.04,5131,116109.76,100384.69,5200,-745309.85,39357.59,836,19174.57,16247.24,0,-109979.38,7710.21,4803,109340.86,96202.84,3900,-360597.55,44209.4,109974.67,255573.67,-372470.51,-392566.65,80979.94,390310.99,4274.36,311892.04,311892.04,117259.22,67414.10,-62616.02,398610.70,-90027.61,-35283.42,-35283.42,-51190.68,-64454.00,1704000,42.0,139486.91,929106.54,206903.00,280958.69,320384.42,321677.24,8281.06,1309026.15,99999.74,206007.80,299585.09,306995.03,2836383,7635759,4692383,6569336,6569336,6569336,128.0,152.0,240.0,240.0,240.0,240.0
178,9227,259960.34,221090.51,6400,-415653.42,87112.21,5152,116584.26,100858.09,5200,-747760.72,39505.18,842,19308.16,16379.64,0,-110222.01,7770.86,4827,109853.27,96714.06,3900,-361028.87,44379.97,110486.97,256610.7,-372901.02,-391172.64,81850.39,392927.20,4300.62,313352.36,313352.36,118106.81,68192.64,-61931.29,406545.91,-90049.63,-32023.77,-32023.77,-50044.21,-63831.74,1704000,42.0,140500.43,933437.42,208271.83,282817.71,322499.99,323792.61,10219.52,1330297.24,103511.26,211179.00,306300.66,313712.97,2836383,7635759,4692383,6569336,6569336,6569336,128.0,152.0,240.0,240.0,240.0,240.0
179,9264,260997.3,222122.65,6400,-414263.81,87473.35,5174,117058.64,101331.36,5200,-750211.18,39652.75,848,19441.68,16511.97,0,-110463.72,7831.45,4850,110365.55,97225.14,3900,-361459.15,44550.48,110999.13,257647.66,-373330.48,-389779.76,82719.48,395533.64,4326.84,314810.59,314810.59,118952.62,68969.97,-61239.32,414531.01,-90070.66,-28753.44,-28753.44,-48887.42,-63203.03,1704000,42.0,141511.67,937752.53,209636.15,284670.44,324608.35,325900.78,12171.80,1351687.97,107047.64,216386.81,313066.42,320481.07,2836383,7635759,4692383,6569336,6569336,6569336,128.0,152.0,240.0,240.0,240.0,240.0
180,9301,262034.21,223154.74,6400,-412875.38,87834.46,5196,117532.89,101804.51,5200,-752661.28,39800.32,854,19575.13,16644.23,0,-110704.52,7891.96,4873,110877.69,97736.09,3900,-361888.39,44720.91,111511.17,258684.57,-373758.91,-388388.06,83587.19,398130.18,4353.00,316266.69,316266.69,119796.63,69746.07,-60540.14,422566.40,-90090.70,-25472.48,-25472.48,-47720.40,-62567.90,1704000,42.0,142520.62,941967.64,210995.89,286516.77,326709.40,328001.62,14137.91,1373200.12,110609.07,221630.13,319881.11,327298.08,2836383,7635759,4692383,6569336,6569336,6569336,128.0,152.0,240.0,240.0,240.0,240.0
181,9337,263014.88,224135.41,6400,-411488.04,88176.75,5217,117990.72,102262.34,5200,-755111.0,39934.75,860,19708.52,16776.42,0,-110944.41,7946.46,4896,111389.7,98246.91,3900,-362316.6,44885.35,112017.57,259690.31,-374186.3,-386997.49,84444.87,400682.74,4379.09,317705.00,317705.00,120628.45,70512.86,-59833.59,430653.03,-90109.62,-21906.76,-21906.76,-46542.94,-61926.20,1704000,42.0,143516.64,946038.32,212334.79,288340.22,328786.18,330022.20,16118.13,1394836.05,114196.01,226909.51,326745.33,334164.69,2836383,7635759,4692383,6569336,6569336,6569336,128.0,152.0,240.0,240.0,240.0,240.0
182,9372,263995.84,225116.37,6400,-410030.24,88519.2,5238,118452.72,102724.33,5200,-757505.14,40073.08,866,19841.84,16908.55,0,-111115.37,8000.96,4919,111901.57,98757.59,3900,-362675.75,45049.78,112526.19,260696.15,-374544.63,-385536.51,85306.97,403242.43,4404.86,319144.96,319144.96,121465.68,71283.75,-59055.38,438927.24,-90127.37,-18265.39,-18265.39,-45270.86,-61212.45,1704000,42.0,144516.64,949649.05,213677.11,290165.25,330814.86,332045.76,18176.83,1416748.49,117873.01,232289.69,333723.99,341142.52,2836383,7635759,4692383,6569336,6569336,6569336,128.0,152.0,240.0,240.0,240.0,240.0
183,9407,264973.77,226094.3,6400,-408645.08,88859.97,5259,118909.78,103181.39,5200,-759954.08,40207.0,872,19975.09,17040.61,0,-111354.76,8055.44,4943,112413.31,99268.14,3900,-363103.2,45214.2,113032.04,261700.54,-374971.25,-384148.19,86164.50,405787.55,4430.56,320577.14,320577.14,122296.73,72050.61,-58333.72,447118.73,-90142.39,-14676.54,-14676.54,-44072.03,-60549.23,1704000,42.0,145511.35,953546.27,215012.64,291981.59,332833.17,334060.79,20185.90,1438618.25,121512.15,237642.93,340689.43,348110.34,2836383,7635759,4692383,6569336,6569336,6569336,128.0,152.0,240.0,240.0,240.0,240.0
184,9442,265953.35,227073.88,6400,-407261.0,89201.67,5280,119371.75,103643.37,5200,-762402.64,40345.5,878,20102.53,17166.86,0,-111593.88,8106.97,4965,112919.18,99772.81,3900,-363530.27,45375.68,113533.15,262705.67,-375397.5,-382761.0,87025.33,408337.24,4456.08,322009.80,322009.80,123131.90,72820.50,-57604.33,455363.86,-90156.75,-11075.88,-11075.88,-42862.30,-59879.03,1704000,42.0,146508.84,957277.70,216350.69,293799.28,334851.51,336077.46,22209.72,1460651.96,125177.99,243033.98,347705.52,355128.79,2836383,7635759,4692383,6569336,6569336,6569336,128.0,152.0,240.0,240.0,240.0,240.0
185,9477,266928.8,228049.34,6400,-405878.0,89541.08,5301,119832.23,104103.84,5200,-764850.83,40482.74,884,20235.65,17298.79,0,-111832.76,8161.42,4989,113430.65,100283.09,3900,-363956.99,45540.08,114039.11,263708.82,-375823.37,-381374.93,87885.19,410879.84,4481.60,323440.87,323440.87,123965.77,73589.52,-56867.07,463663.49,-90170.25,-7463.24,-7463.24,-41641.49,-59201.73,1704000,42.0,147504.67,961139.14,217686.08,295613.15,336864.76,338089.25,24248.52,1482806.12,128870.93,248463.33,354772.69,362198.33,2836383,7635759,4692383,6569336,6569336,6569336,128.0,152.0,240.0,240.0,240.0,240.0
186,9512,267895.0,229015.53,6400,-403874.47,89873.22,5322,120288.18,104559.8,5200,-766957.8,40615.36,890,20368.71,17430.65,0,-112065.46,8215.86,5012,113941.99,100793.24,3900,-364377.41,45704.47,114542.54,264707.55,-376113.22,-379834.54,88740.78,413408.32,4507.08,324867.06,324867.06,124794.04,74354.74,-55896.63,472902.16,-90182.67,-3429.20,-3429.20,-40139.24,-58307.42,1704000,42.0,148495.56,964894.89,219015.46,297419.85,338869.53,340092.92,26578.55,1506695.63,133013.09,254359.05,362329.87,370217.30,2836383,7635759,4692383,6569336,6569336,6569336,128.0,152.0,240.0,240.0,240.0,240.0
187,9547,268866.18,229986.71,6400,-401878.57,90208.14,5343,120747.02,105018.64,5200,-769168.36,40750.71,896,20501.69,17562.44,0,-112297.97,8270.28,5035,114453.2,101303.26,3900,-364797.53,45868.86,115047.49,265708.59,-376458.28,-378298.34,89598.81,415937.77,4532.42,326295.15,326295.15,125625.48,75122.14,-55070.17,481745.40,-90188.44,517.12,517.12,-38814.89,-57545.18,1704000,42.0,149488.22,968653.34,220346.11,299180.82,340873.60,342095.89,28758.55,1529499.78,136971.26,260081.68,369980.35,377998.71,2836383,7635759,4692383,6569336,6569336,6569336,128.0,152.0,240.0,240.0,240.0,240.0
188,9581,269827.92,230948.45,6400,-399828.53,90537.81,5364,121204.39,105476.01,5200,-771262.14,40884.81,901,20617.35,17678.1,0,-112530.22,8319.69,5057,114943.01,101793.06,3900,-365217.3,46024.71,115534.03,266696.07,-376740.85,-376737.32,90456.02,418461.34,4557.75,327718.64,327718.64,126455.83,75888.81,-54153.49,490755.50,-90193.24,4621.91,4621.91,-37366.73,-56703.86,1704000,42.0,150479.48,972498.16,221674.90,300938.50,342873.89,344095.21,31029.79,1552861.39,141010.33,265896.92,377740.00,385841.57,2836383,7635759,4692383,6569336,6569336,6569336,128.0,152.0,240.0,240.0,240.0,240.0
189,9616,270790.75,231911.28,6400,-397811.37,90868.1,5385,121659.05,105930.66,5200,-773477.4,41016.54,906,20738.42,17799.17,0,-112693.55,8373.89,5080,115438.17,102288.22,3900,-365568.07,46185.37,116021.76,267684.2,-376981.1,-375192.34,91309.60,420972.98,4583.05,329137.96,329137.96,127281.41,76652.24,-53343.53,499496.15,-90194.99,8680.74,8680.74,-36052.15,-55959.77,1704000,42.0,151466.52,976291.26,222999.00,302690.03,344867.53,346088.14,33195.69,1575722.31,144927.09,271599.17,385401.20,393543.74,2836383,7635759,4692383,6569336,6569336,6569336,128.0,152.0,240.0,240.0,240.0,240.0
190,9651,271757.82,232878.35,6400,-395719.82,91200.75,5406,122116.14,106387.76,5200,-775659.1,41150.58,912,20855.03,17915.78,0,-112925.28,8424.23,5102,115927.05,102777.1,3900,-365987.16,46340.62,116507.69,268672.85,-377271.95,-373613.02,92165.20,423485.38,4608.22,330558.82,330558.82,128109.62,77417.48,-52528.03,508275.70,-90197.04,12748.79,12748.79,-34728.92,-55210.90,1704000,42.0,152455.32,980060.49,224324.79,304442.14,346861.44,348081.30,35373.02,1598881.42,148860.63,277327.88,393103.24,401280.96,2836383,7635759,4692383,6569336,6569336,6569336,128.0,152.0,240.0,240.0,240.0,240.0
191,9685,272724.8,233845.33,6400,-393455.07,91533.36,5426,122573.09,106844.7,5200,-777733.04,41284.59,917,20975.97,18036.72,0,-113156.78,8478.4,5124,116418.44,103268.49,3900,-366405.92,46498.18,117001.41,269629.3,-377505.87,-371950.3,93020.05,425992.73,4633.38,331978.45,331978.45,128936.84,78182.06,-51621.72,517275.48,-90199.06,16911.80,16911.80,-33285.47,-54380.92,1704000,42.0,153382.76,983859.92,225649.55,306192.13,348852.93,350072.12,37647.43,1622211.54,152897.04,283169.35,400932.91,409136.60,2836383,7635759,4692383,6569336,6569336,6569336,128.0,152.0,240.0,240.0,240.0,240.0
192,9720,273691.68,234812.21,6400,-391285.25,91865.93,5447,123029.89,107301.51,5200,-779879.39,41418.56,922,21096.84,18157.58,0,-113388.03,8532.57,5147,116907.94,103757.99,3900,-366824.35,46654.18,117494.12,270583.69,-377778.33,-370332.69,93874.13,428494.91,4658.49,333396.82,333396.82,129763.05,78945.95,-50794.60,526133.80,-90198.30,20998.65,20998.65,-31944.51,-53621.86,1704000,42.0,154309.09,987621.74,226973.25,307939.95,350841.95,352060.54,39850.85,1645278.83,156866.72,289192.86,408718.55,416948.30,2836383,7635759,4692383,6569336,6569336,6569336,128.0,152.0,240.0,240.0,240.0,240.0
193,9755,274654.14,235774.67,6400,-388942.02,92196.04,5468,123483.97,107755.59,5200,-781992.67,41550.15,928,21213.78,18274.53,0,-113418.45,8582.58,5169,117391.7,104241.76,3900,-366947.59,46804.5,117983.89,271529.2,-377826.07,-368470.64,94724.67,430986.12,4683.57,334811.16,334811.16,130584.61,79706.67,-49961.55,535031.44,-90197.51,25179.48,25179.48,-30594.65,-52857.57,1704000,42.0,155231.53,991391.00,228293.09,309682.78,352825.67,354043.86,42066.35,1668605.00,160852.96,295245.01,416543.44,424795.67,2836383,7635759,4692383,6569336,6569336,6569336,128.0,152.0,240.0,240.0,240.0,240.0
194,9789,275616.04,236736.57,6400,-386621.42,92525.84,5489,123940.49,108212.11,5200,-784043.14,41684.04,933,21334.5,18395.25,0,-113577.8,8635.95,5191,117879.17,104729.22,3900,-367199.67,46958.16,118475.44,272476.61,-377904.7,-366622.85,95364.75,433478.09,4708.52,336227.05,336227.05,131408.83,80469.21,-49048.89,544123.90,-90196.37,29443.09,29443.09,-29140.37,-52022.71,1704000,42.0,156155.67,995117.34,229614.61,311426.14,354809.62,356027.32,44367.14,1692063.80,164929.35,301399.98,424481.80,432749.83,2836383,7635759,4692383,6569336,6569336,6569336,128.0,152.0,240.0,240.0,240.0,240.0
195,9824,276582.64,237703.17,6400,-384381.76,92858.28,5510,124396.86,108668.48,5200,-786155.17,41817.9,939,21455.14,18515.89,0,-113633.51,8689.3,5213,118365.9,105215.95,3900,-367306.79,47111.29,118966.34,273425.19,-377943.76,-364787.41,96004.15,435965.36,4733.44,337641.76,337641.76,132232.11,81231.15,-48200.59,553105.08,-90192.51,33644.61,33644.61,-27770.22,-51246.04,1704000,42.0,157078.82,998882.44,230935.29,313167.50,356791.23,358008.74,46608.17,1715425.77,168949.65,307509.74,432384.92,440669.82,2836383,7635759,4692383,6569336,6569336,6569336,128.0,152.0,240.0,240.0,240.0,240.0
196,9859,277549.15,238669.68,6400,-382142.58,93190.67,5531,124853.09,109124.71,5200,-788266.34,41951.73,944,21572.43,18633.18,0,-113792.3,8739.75,5235,118849.2,105699.26,3900,-367475.69,47261.5,119455.45,274374.23,-378169.36,-362355.14,96642.76,438447.22,4758.33,339055.19,339055.19,133054.36,81992.38,-47344.02,562128.31,-90188.38,37857.01,37857.01,-26389.17,-50462.58,1704000,42.0,158000.81,1002619.99,232254.79,314906.48,358770.16,359987.48,49074.31,1738905.68,172986.90,313647.76,440326.26,448625.84,2836383,7635759,4692383,6569336,6569336,6569336,128.0,152.0,240.0,240.0,240.0,240.0
197,9893,278515.57,239636.1,6400,-379903.9,93523.01,5552,125309.18,109580.8,5200,-790376.66,42085.52,949,21692.92,18753.67,0,-113950.83,8793.06,5257,119335.64,106185.69,3900,-367603.0,47414.57,119946.07,275325.29,-378374.01,-359887.54,97280.76,440925.12,4783.17,340467.59,340467.59,133875.81,82753.07,-46478.96,571194.98,-90183.43,42080.56,42080.56,-24996.96,-49672.11,1704000,42.0,158921.92,1006341.79,233573.09,316643.07,360746.36,361963.49,51554.04,1762406.78,177041.72,319814.87,448306.68,456619.07,2836383,7635759,4692383,6569336,6569336,6569336,128.0,152.0,240.0,240.0,240.0,240.0
198,9928,279481.9,240602.43,6400,-377585.25,93855.32,5572,125765.12,110036.74,5200,-792423.73,42219.27,955,21813.31,18874.06,0,-114016.9,8846.33,5279,119821.92,106671.97,3900,-367596.53,47567.6,120432.24,276291.61,-378510.7,-357259.65,97918.18,443399.16,4807.97,341879.00,341879.00,134696.50,83513.23,-45532.57,580459.35,-90177.34,46388.43,46388.43,-23498.24,-48809.46,1704000,42.0,159842.17,1010009.51,234890.19,318377.22,362719.80,363936.74,54120.27,1786157.49,181187.40,326084.94,456400.09,464720.05,2836383,7635759,4692383,6569336,6569336,6569336,128.0,152.0,240.0,240.0,240.0,240.0
199,9963,280448.13,241568.66,6400,-375258.27,94187.58,5593,126220.92,110492.54,5200,-794532.36,42352.99,960,21933.62,18994.37,0,-114173.15,8899.57,5301,120308.04,107158.09,3900,-367680.11,47720.59,120918.25,277257.84,-378692.26,-354667.96,98544.38,445869.29,4832.71,343289.40,343289.40,135516.41,84272.87,-44470.78,589615.31,-90168.35,50634.71,50634.71,-22083.20,-48004.51,1704000,42.0,160761.56,1013594.55,236206.08,320108.91,364690.45,365907.18,56627.92,1809750.29,185279.05,332312.60,464461.14,472790.97,2836383,7635759,4692383,6569336,6569336,6569336,128.0,152.0,240.0,240.0,240.0,240.0
200,9997,281410.72,242531.26,6400,-373021.04,94517.81,5614,126674.47,110946.09,5200,-796640.14,42484.73,966,22050.54,19111.29,0,-114329.12,8949.88,5323,120790.71,107640.76,3900,-367749.16,47870.65,121400.81,278220.44,-378861.13,-352101.93,99167.80,448330.83,4857.41,344696.61,344696.61,136281.53,85030.02,-43402.33,598803.48,-90158.65,54890.28,54890.28,-20658.64,-47194.44,1704000,42.0,161677.89,1017214.38,237477.39,321835.92,366656.06,367872.72,59146.54,1833453.77,189382.96,338564.52,472556.56,480888.64,2836383,7635759,4692383,6569336,6569336,6569336,128.0,152.0,240.0,240.0,240.0,240.0
201,10032,282376.89,243497.43,6400,-370784.3,94850.04,5635,127130.07,111401.68,5200,-798747.09,42618.41,971,22170.66,19231.41,0,-114407.3,9003.05,5345,121276.51,108126.56,3900,-367740.29,48023.56,121886.51,279186.61,-378990.86,-349546.62,99793.09,450758.06,4882.00,346105.26,346105.26,137049.10,85788.84,-42324.30,608041.23,-90148.01,59158.11,59158.11,-19221.61,-46376.34,1704000,42.0,162595.79,1020777.91,238749.37,323562.86,368621.27,369837.74,61680.38,1857245.30,193507.61,344849.57,480695.24,489029.57,2836383,7635759,4692383,6569336,6569336,6569336,128.0,152.0,240.0,240.0,240.0,240.0
202,10067,283343.03,244463.57,6400,-368548.05,95182.24,5656,127585.56,111857.17,5200,-800853.19,42752.07,976,22290.68,19351.43,0,-114562.18,9056.18,5368,121762.16,108612.21,3900,-367808.01,48176.44,122372.05,280152.75,-379158.72,-347029.69,100417.91,453181.09,4906.57,347513.01,347513.01,137816.05,86547.24,-41237.32,617323.82,-90136.19,63437.30,63437.30,-17772.93,-45550.75,1704000,42.0,163512.95,1024366.87,240019.67,325287.37,370583.69,371799.97,64228.59,1881102.17,197653.29,351168.28,488877.76,497214.32,2836383,7635759,4692383,6569336,6569336,6569336,128.0,152.0,240.0,240.0,240.0,240.0
203,10102,284309.14,245429.67,6400,-366312.28,95514.43,5676,128040.94,112312.56,5200,-802958.46,42885.72,982,22410.62,19471.37,0,-114716.24,9109.28,5390,122247.64,109097.7,3900,-367874.8,48329.27,122857.43,281118.86,-379224.7,-344790.82,101042.27,455599.86,4931.11,348919.87,348919.87,138582.39,87305.23,-40141.35,626651.31,-90123.06,67727.87,67727.87,-16312.56,-44717.64,1704000,42.0,164429.35,1027916.85,241288.27,327009.41,372543.30,373759.39,66791.28,1905435.90,201820.30,357521.17,497104.67,505443.45,2836383,7635759,4692383,6569336,6569336,6569336,128.0,152.0,240.0,240.0,240.0,240.0
204,10136,285275.22,246395.75,6400,-364077.0,95846.61,5697,128496.23,112767.85,5200,-805062.9,43019.36,987,22530.46,19591.21,0,-114869.49,9162.35,5412,122732.97,109583.03,3900,-367940.65,48482.07,123342.65,282084.94,-379289.76,-342552.42,101666.15,458014.31,4955.62,350325.82,350325.82,139348.11,88062.79,-39036.28,636024.35,-90108.49,72029.97,72029.97,-14840.36,-43876.91,1704000,42.0,165344.98,1031458.97,242555.15,328728.96,374500.04,375715.94,69368.61,1929684.01,206008.93,363908.77,505376.56,513717.55,2836383,7635759,4692383,6569336,6569336,6569336,128.0,152.0,240.0,240.0,240.0,240.0
205,10171,286241.27,247361.8,6400,-361775.78,96178.76,5718,128951.41,113223.03,5200,-807114.98,43152.97,993,22650.22,19710.97,0,-114944.39,9215.37,5434,123218.15,110068.2,3900,-367928.03,48634.83,123827.72,283050.98,-379276.35,-340248.09,102289.55,460424.38,4980.09,351730.85,351730.85,140113.20,88819.92,-37863.22,645567.78,-90092.39,76402.78,76402.78,-13099.44,-42975.90,1704000,42.0,166259.83,1034995.69,243820.27,330446.08,376454.00,377669.71,72019.57,1954210.32,210492.48,370390.72,513753.09,522093.24,2836383,7635759,4692383,6569336,6569336,6569336,128.0,152.0,240.0,240.0,240.0,240.0
206,10206,287207.28,248327.82,6400,-359542.7,96510.9,5739,129406.49,113678.11,5200,-809218.69,43286.57,998,22769.88,19830.63,0,-115095.99,9268.37,5456,123703.17,110553.22,3900,-367992.01,48787.55,124312.63,284017.0,-379339.54,-338011.89,102912.46,462830.00,5004.53,353110.37,353110.37,140877.66,89576.62,-36743.24,655334.02,-90073.35,80724.71,80724.71,-11428.10,-42122.87,1704000,42.0,167173.90,1038517.92,245083.63,332160.74,378405.15,379620.67,74623.18,1978625.42,214938.47,376845.80,522113.10,530455.43,2836383,7635759,4692383,6569336,6569336,6569336,128.0,152.0,240.0,240.0,240.0,240.0
207,10240,288169.66,249290.19,6400,-357310.72,96841.01,5759,129859.32,114130.93,5200,-811322.06,43418.19,1003,22886.75,19947.5,0,-115246.76,9318.94,5478,124185.33,111035.39,3900,-368055.05,48937.84,124794.69,284979.38,-379401.8,-335776.79,103532.57,465226.20,5028.92,354486.59,354486.59,141638.44,90140.75,-35615.63,665147.74,-90053.32,85056.79,85056.79,-9746.86,-41262.93,1704000,42.0,168084.85,1042017.35,246342.87,333870.58,380351.12,381566.56,77240.23,2003193.27,219408.14,383335.47,530518.07,538862.57,2836383,7635759,4692383,6569336,6569336,6569336,128.0,152.0,240.0,240.0,240.0,240.0
208,10275,289135.61,250256.15,6400,-355079.84,97173.12,5780,130314.19,114585.81,5200,-813425.07,43551.76,1009,23006.33,20067.08,0,-115396.72,9371.92,5500,124670.13,111520.19,3900,-368117.17,49090.53,125279.39,285945.33,-379463.13,-333542.79,104154.50,467622.74,5053.21,355864.14,355864.14,142401.61,90706.52,-34480.29,675009.65,-90032.13,89399.13,89399.13,-8055.61,-40396.00,1704000,42.0,168997.31,1045476.59,247602.62,335580.22,382296.52,383511.78,79870.91,2027830.16,223901.85,389860.29,538968.63,547315.29,2836383,7635759,4692383,6569336,6569336,6569336,128.0,152.0,240.0,240.0,240.0,240.0
209,10310,290101.54,251222.07,6400,-352850.06,97505.21,5801,130768.97,115040.58,5200,-815527.73,43685.3,1014,23125.86,20186.61,0,-115545.86,9424.88,5522,125154.83,112004.88,3900,-368178.36,49243.21,125763.98,286911.25,-379523.55,-331309.88,104775.93,470014.65,5077.47,357240.69,357240.69,143164.12,91271.84,-33337.08,684920.52,-90009.56,93751.90,93751.90,-6354.18,-39521.95,1704000,42.0,169908.97,1048952.04,248860.52,337287.29,384238.98,385454.06,82515.43,2052523.03,228419.97,396420.85,547465.40,555814.21,2836383,7635759,4692383,6569336,6569336,6569336,128.0,152.0,240.0,240.0,240.0,240.0
210,10344,291067.43,252187.96,6400,-350621.37,97837.28,5822,131223.64,115495.25,5200,-817630.04,43818.83,1020,23245.36,20306.11,0,-115694.19,9477.83,5544,125639.42,112489.47,3900,-368238.63,49395.88,126248.47,287877.15,-379583.04,-329078.07,105396.86,472401.86,5101.71,358616.23,358616.23,143925.98,91836.71,-32185.91,694881.10,-89985.60,98115.22,98115.22,-4642.43,-38640.70,1704000,42.0,170819.80,1052388.57,250116.56,338991.77,386178.48,387393.36,85174.01,2077320.87,232962.88,403016.39,556007.46,564358.41,2836383,7635759,4692383,6569336,6569336,6569336,128.0,152.0,240.0,240.0,240.0,240.0
211,10377,291986.07,253106.6,6400,-348393.71,98127.37,5842,131662.36,115933.97,5200,-819731.98,43938.59,1025,23364.81,20425.56,0,-115841.7,9521.28,5566,126123.9,112973.95,3900,-368297.98,49539.03,126727.45,288819.6,-379641.61,-326847.32,106008.60,474750.24,5125.91,359975.04,359975.04,144676.75,92393.04,-31026.59,704892.29,-89960.13,102731.76,102731.76,-2920.14,-37752.07,1704000,42.0,171719.15,1055748.56,251354.45,340677.14,388098.06,389273.88,87846.89,2102196.35,237531.00,409647.43,564595.36,572948.49,2836383,7635759,4692383,6569336,6569336,6569336,128.0,152.0,240.0,240.0,240.0,240.0
212,10410,292905.01,254025.54,6400,-346100.03,98417.58,5862,132105.21,116376.83,5200,-821781.55,44060.67,1030,23484.21,20544.96,0,-115924.38,9564.71,5588,126608.27,113458.33,3900,-368292.38,49682.17,127208.63,289762.18,-379635.24,-324550.59,106625.69,477111.19,5149.84,361336.66,361336.66,145434.15,92944.78,-29798.45,715082.84,-89933.07,107420.51,107420.51,-1107.88,-36641.44,1704000,42.0,172624.05,1058908.53,252598.59,342368.03,389991.45,391162.15,90594.86,2127323.47,242185.59,416375.39,573290.60,581642.86,2836383,7635759,4692383,6569336,6569336,6569336,128.0,152.0,240.0,240.0,240.0,240.0
213,10443,293821.1,254941.63,6400,-343874.41,98706.6,5882,132543.22,116814.83,5200,-823882.74,44180.1,1036,23603.58,20664.33,0,-116071.43,9608.14,5610,127092.54,113942.6,3900,-368351.07,49825.29,127687.12,290703.4,-379693.13,-322321.95,107239.10,479463.00,5173.74,362691.63,362691.63,146186.53,93493.29,-28622.52,725197.54,-89902.94,112059.87,112059.87,635.90,-35577.39,1704000,42.0,173525.17,1062307.11,253838.76,344054.20,391879.26,393046.67,93296.98,2152356.87,246805.28,423079.09,581972.02,590326.46,2836383,7635759,4692383,6569336,6569336,6569336,128.0,152.0,240.0,240.0,240.0,240.0
214,10476,294738.78,255859.31,6400,-341649.81,98996.28,5902,132986.09,117257.7,5200,-825983.58,44302.27,1041,23720.16,20780.91,0,-116218.25,9649.14,5632,127573.96,114424.02,3900,-368409.42,49965.99,128163.88,291645.36,-379750.69,-320094.38,107856.39,481823.00,5197.52,364047.84,364047.84,146943.80,94045.35,-27438.10,735365.16,-89871.71,116710.89,116710.89,2390.64,-34505.63,1704000,42.0,174430.07,1065562.36,255082.95,345743.77,393769.72,394935.45,96014.03,2177555.60,251451.34,429819.98,590701.11,599057.71,2836383,7635759,4692383,6569336,6569336,6569336,128.0,152.0,240.0,240.0,240.0,240.0
215,10509,295652.58,256773.11,6400,-339426.22,99284.34,5923,133427.5,117699.12,5200,-828084.05,44423.66,1046,23839.44,20900.19,0,-116364.84,9692.55,5654,128058.02,114908.08,3900,-368467.45,50109.08,128642.53,292585.47,-379807.92,-317867.85,108473.24,484179.33,5221.32,365403.17,365403.17,147700.46,94597.01,-26245.08,745586.54,-89839.16,121373.72,121373.72,4156.51,-33426.04,1704000,42.0,175334.23,1068930.01,256325.81,347431.40,395657.45,396821.74,98746.25,2202831.94,256124.15,436598.64,599478.49,607837.24,2836383,7635759,4692383,6569336,6569336,6569336,128.0,152.0,240.0,240.0,240.0,240.0
216,10542,296557.69,257678.22,6400,-336603.98,99564.84,5943,133864.5,118136.12,5200,-829861.9,44541.55,1052,23958.68,21019.43,0,-116501.71,9735.94,5676,128541.98,115392.03,3900,-368515.67,50252.17,129118.73,293521.49,-379733.89,-315482.21,109086.35,486524.98,5245.13,366754.34,366754.34,148452.20,95145.35,-24833.60,756686.23,-89805.07,126428.18,126428.18,6185.33,-32143.11,1704000,42.0,176234.35,1072208.80,257564.01,349113.74,397539.13,398702.32,101750.94,2229706.65,261217.28,443814.21,608713.33,617535.17,2836383,7635759,4692383,6569336,6569336,6569336,128.0,152.0,240.0,240.0,240.0,240.0
217,10574,297467.57,258588.1,6400,-333788.93,99847.32,5963,134304.36,118575.98,5200,-831736.64,44661.06,1057,24077.88,21138.63,0,-116638.36,9779.32,5698,129025.82,115875.88,3900,-368563.56,50395.23,129596.43,294459.73,-379711.51,-313100.53,109702.27,488874.14,5268.84,368107.92,368107.92,149207.61,95696.20,-23554.92,767420.32,-89764.22,131401.98,131401.98,8049.29,-30981.96,1704000,42.0,177136.90,1075512.30,258804.16,350767.79,399421.44,400583.54,104617.13,2255336.43,266140.40,450870.51,618071.27,627014.55,2836383,7635759,4692383,6569336,6569336,6569336,128.0,152.0,240.0,240.0,240.0,240.0
218,10607,298368.5,259489.03,6400,-330922.84,100126.08,5983,134742.79,119014.4,5200,-833502.13,44779.82,1062,24185.94,21246.69,0,-116774.73,9814.16,5719,129494.53,116344.58,3900,-368611.1,50527.57,130061.95,295385.12,-379630.6,-310695.44,110317.72,491219.86,5292.57,369457.39,369457.39,149962.37,96246.64,-22190.91,778313.00,-89721.95,136523.52,136523.52,10029.39,-29745.93,1704000,42.0,178038.65,1078855.90,260043.06,352419.62,401301.19,402462.33,107569.55,2281665.55,271140.47,458015.29,627532.34,636552.79,2836383,7635759,4692383,6569336,6569336,6569336,128.0,152.0,240.0,240.0,240.0,240.0
219,10639,299270.5,260391.03,6400,-328087.74,100405.27,6003,135178.57,119450.18,5200,-835381.24,44897.14,1067,24299.37,21360.12,0,-116846.24,9851.98,5740,129968.54,116818.59,3900,-368593.7,50662.88,130528.67,296311.15,-379509.74,-308305.46,110929.87,493556.10,5316.29,370803.18,370803.18,150712.81,96794.13,-20925.39,788956.20,-89676.74,141602.79,141602.79,11885.54,-28599.64,1704000,42.0,178936.80,1082161.18,261277.86,354066.38,403175.51,404335.95,110424.45,2307421.89,276026.90,465055.25,636901.99,645960.42,2836383,7635759,4692383,6569336,6569336,6569336,128.0,152.0,240.0,240.0,240.0,240.0
220,10672,300176.55,261297.09,6400,-325182.51,100686.15,6023,135616.77,119888.38,5200,-837228.94,45015.84,1072,24408.43,21469.18,0,-116982.08,9887.4,5762,130436.38,117286.44,3900,-368640.56,50794.82,130993.64,297237.7,-379436.54,-305883.11,111544.27,495894.87,5339.92,372150.85,372150.85,151466.18,97343.63,-19653.87,799637.23,-89631.81,146690.94,146690.94,13750.15,-27448.10,1704000,42.0,179836.89,1085449.68,262514.27,355713.84,405050.23,406209.93,113290.52,2333534.90,280929.23,472120.23,646309.65,655400.68,2836383,7635759,4692383,6569336,6569336,6569336,128.0,152.0,240.0,240.0,240.0,240.0
221,10705,301082.55,262203.08,6400,-322114.71,100966.99,6043,136054.85,120326.47,5200,-838976.04,45134.51,1077,24521.78,21582.53,0,-117117.68,9925.19,5783,130906.73,117756.78,3900,-368687.07,50928.18,131466.29,298133.7,-379310.02,-303382.85,112158.11,498230.25,5363.55,373497.62,373497.62,152218.81,97892.64,-18296.89,810525.13,-89586.83,151867.52,151867.52,15727.15,-26220.25,1704000,42.0,180700.90,1088759.98,263749.49,357359.18,406922.54,408081.57,116247.50,2359745.60,285927.74,479290.69,655835.84,664950.94,2836383,7635759,4692383,6569336,6569336,6569336,128.0,152.0,240.0,240.0,240.0,240.0
222,10737,301988.48,263109.01,6400,-319136.4,101247.81,6063,136492.81,120764.43,5200,-840790.83,45253.14,1082,24635.08,21695.83,0,-117253.02,9962.97,5805,131375.24,118225.29,3900,-368733.25,51060.56,131937.96,299027.76,-379219.55,-300925.11,112771.39,500562.17,5387.17,374843.46,374843.46,152970.69,98441.15,-17013.02,821282.05,-89539.51,156973.59,156973.59,17608.91,-25057.88,1704000,42.0,181563.97,1092033.47,264983.48,359002.37,408792.37,409950.81,119138.51,2385695.85,290863.71,486664.06,665320.30,674459.55,2836383,7635759,4692383,6569336,6569336,6569336,128.0,152.0,240.0,240.0,240.0,240.0
223,10770,302890.24,264010.77,6400,-315994.6,101526.89,6083,136928.11,121199.72,5200,-842574.7,45370.33,1087,24744.55,21805.3,0,-117197.42,9997.26,5826,131838.13,118688.19,3900,-368500.14,51188.49,132406.78,299913.42,-378915.78,-298236.96,113381.29,502884.70,5410.76,376185.56,376185.56,153718.15,98986.64,-15723.00,832076.44,-89492.44,162166.97,162166.97,19499.14,-23890.09,1704000,42.0,182423.31,1095303.97,266213.42,360640.56,410656.88,411814.94,122040.89,2411947.50,295814.72,494064.05,674840.15,684000.24,2836383,7635759,4692383,6569336,6569336,6569336,128.0,152.0,240.0,240.0,240.0,240.0
224,10802,303791.49,264912.02,6400,-312874.13,101805.75,6103,137365.83,121637.44,5200,-844299.8,45488.9,1093,24857.76,21918.51,0,-117262.53,10033.63,5847,132304.7,119154.76,3900,-368387.64,51318.49,132877.38,300800.91,-378640.93,-295562.24,113954.34,505209.62,5434.25,377529.53,377529.53,154468.50,99534.12,-14358.70,843053.25,-89445.33,167437.28,167437.28,21486.83,-22656.05,1704000,42.0,183284.48,1098542.28,267444.89,362279.31,412521.64,413679.22,125022.80,2438275.25,300849.38,501559.48,684464.18,693638.90,2836383,7635759,4692383,6569336,6569336,6569336,128.0,152.0,240.0,240.0,240.0,240.0
225,10835,304697.24,265817.77,6400,-309829.95,102086.47,6123,137803.43,122075.05,5200,-846082.46,45607.43,1098,24970.93,22031.68,0,-117230.58,10069.99,5868,132770.58,119620.63,3900,-368139.39,51448.14,133347.36,301689.53,-378329.0,-292899.17,114526.89,507531.49,5457.73,378872.63,378872.63,155218.17,100081.16,-13054.38,853926.60,-89396.18,172649.97,172649.97,23396.20,-21475.82,1704000,42.0,184144.82,1101807.20,268675.32,363916.06,414384.06,415541.46,127948.68,2464517.93,305830.75,509012.16,694053.42,703243.77,2836383,7635759,4692383,6569336,6569336,6569336,128.0,152.0,240.0,240.0,240.0,240.0
226,10867,305602.93,266723.46,6400,-306786.24,102367.17,6143,138240.91,122512.53,5200,-847864.31,45725.93,1103,25080.82,22141.56,0,-117295.13,10104.53,5889,133233.1,120083.15,3900,-367948.97,51575.97,133815.62,302578.63,-378191.67,-289673.41,115098.82,509849.61,5481.20,380214.75,380214.75,155967.03,100627.65,-11742.43,864839.35,-89347.29,177872.72,177872.72,25315.74,-20288.92,1704000,42.0,185004.15,1105039.37,269904.38,365550.45,416243.80,417401.01,131069.40,2490884.64,310826.86,516490.15,703675.83,712879.78,2836383,7635759,4692383,6569336,6569336,6569336,128.0,152.0,240.0,240.0,240.0,240.0
227,10900,306508.56,267629.09,6400,-303742.98,102647.84,6163,138678.27,122949.89,5200,-849645.36,45844.4,1108,25193.88,22254.63,0,-117359.42,10140.85,5910,133698.73,120548.79,3900,-367719.6,51705.56,134285.38,303469.67,-378034.69,-286414.34,115670.15,512164.43,5504.63,381555.95,381555.95,156715.10,101173.60,-10422.63,875792.81,-89298.18,183105.76,183105.76,27245.70,-19095.15,1704000,42.0,185862.53,1108266.67,271132.07,367182.45,418100.81,419257.84,134202.31,2517272.12,315838.25,523994.21,713332.15,722547.96,2836383,7635759,4692383,6569336,6569336,6569336,128.0,152.0,240.0,240.0,240.0,240.0
228,10932,307414.13,268534.66,6400,-300624.32,102928.48,6183,139115.52,123387.13,5200,-851367.23,45962.84,1113,25306.87,22367.62,0,-117337.36,10177.14,5932,134164.24,121014.29,3900,-367365.18,51835.12,134750.78,304375.24,-377814.33,-283004.16,116240.88,514475.97,5528.04,382896.22,382896.22,157462.38,101719.01,-9027.16,886930.66,-89248.57,188416.97,188416.97,29274.83,-17833.84,1704000,42.0,186719.95,1111459.80,272358.36,368812.03,419955.06,421111.90,137415.36,2543908.38,320933.22,531592.85,723090.86,732313.67,2836383,7635759,4692383,6569336,6569336,6569336,128.0,152.0,240.0,240.0,240.0,240.0
229,10965,308319.64,269440.17,6400,-297497.81,103209.09,6203,139552.64,123824.26,5200,-853146.68,46081.24,1118,25419.8,22480.55,0,-117399.73,10213.4,5953,134629.62,121479.67,3900,-367095.08,51964.65,135216.05,305280.75,-377635.95,-279628.1,116810.98,516784.16,5551.41,384235.56,384235.56,158208.84,102263.87,-7553.96,897967.57,-89196.85,193670.98,193670.98,31226.02,-16625.98,1704000,42.0,187576.40,1114597.57,273583.23,370439.15,421806.51,422963.17,140573.27,2570362.93,325976.70,539151.19,732817.06,742049.01,2836383,7635759,4692383,6569336,6569336,6569336,128.0,152.0,240.0,240.0,240.0,240.0
230,10997,309221.69,270342.23,6400,-294455.91,103488.26,6223,139987.55,124259.16,5200,-854925.32,46198.46,1123,25529.42,22590.17,0,-117461.82,10247.84,5974,135091.62,121941.67,3900,-366811.35,52092.34,135677.96,306182.8,-377445.67,-276276.24,117378.20,519084.19,5574.74,385571.68,385571.68,158921.69,102806.14,-6074.69,909034.60,-89145.06,198933.54,198933.54,33185.99,-15413.04,1704000,42.0,188429.61,1117759.23,274777.95,372061.51,423652.84,424809.44,143740.88,2596967.17,331030.43,546731.06,742572.57,751806.59,2836383,7635759,4692383,6569336,6569336,6569336,128.0,152.0,240.0,240.0,240.0,240.0
231,11030,310127.15,271247.68,6400,-291414.46,103768.85,6243,140424.47,124696.09,5200,-856703.16,46316.83,1128,25642.22,22702.97,0,-117451.05,10284.05,5995,135556.74,122406.79,3900,-366454.65,52221.8,136142.97,307088.25,-377218.74,-272934.48,117947.19,521358.25,5597.98,386909.26,386909.26,159636.85,103350.00,-4586.64,920147.94,-89093.00,204207.39,204207.39,35157.50,-14192.33,1704000,42.0,189284.22,1120878.93,275973.26,373683.75,425498.70,426655.11,146922.13,2623631.06,336102.31,554340.69,752365.57,761601.66,2836383,7635759,4692383,6569336,6569336,6569336,128.0,152.0,240.0,240.0,240.0,240.0
232,11062,311032.57,272153.1,6400,-288373.47,104049.42,6263,140861.29,125132.91,5200,-858480.21,46435.19,1133,25754.95,22815.7,0,-117512.08,10320.23,6016,136021.73,122871.78,3900,-366169.64,52351.22,136607.86,307993.67,-377027.48,-269628.89,118515.61,523628.64,5621.20,388245.93,388245.93,160351.27,103893.35,-3090.60,931302.44,-89040.70,209491.52,209491.52,37139.57,-12964.58,1704000,42.0,190137.90,1124018.64,277166.80,375303.50,427341.71,428497.94,150116.06,2650355.38,341192.59,561980.53,762196.50,771434.65,2836383,7635759,4692383,6569336,6569336,6569336,128.0,152.0,240.0,240.0,240.0,240.0
233,11095,311937.96,273058.49,6400,-285332.93,104329.98,6283,141298.02,125569.64,5200,-860256.47,46553.53,1138,25867.62,22928.37,0,-117572.33,10356.39,6037,136486.59,123336.64,3900,-365883.74,52480.6,137072.62,308899.06,-376740.82,-266585.38,119083.46,525895.32,5644.40,389581.71,389581.71,161064.94,104436.18,-1586.55,942498.07,-88988.11,214785.93,214785.93,39132.22,-11729.79,1704000,42.0,190990.64,1127125.66,278358.56,376920.72,429181.82,430337.87,153322.71,2677527.10,346301.52,569651.06,772065.82,781306.01,2836383,7635759,4692383,6569336,6569336,6569336,128.0,152.0,240.0,240.0,240.0,240.0
234,11128,312843.32,273963.85,6400,-282292.84,104610.53,6303,141734.64,126006.26,5200,-862031.94,46671.85,1144,25980.22,23040.97,0,-117631.8,10392.52,6059,136951.32,123801.37,3900,-365596.95,52609.96,137537.25,309804.43,-376453.27,-263542.32,119650.72,528158.23,5667.57,390916.57,390916.57,161777.85,104978.50,-74.42,953735.43,-88935.08,220090.72,220090.72,41135.57,-10487.86,1704000,42.0,191842.41,1130229.73,279548.50,378535.37,431018.99,432174.86,156542.24,2704571.86,351429.35,577352.76,781973.98,791216.21,2836383,7635759,4692383,6569336,6569336,6569336,128.0,152.0,240.0,240.0,240.0,240.0
235,11160,313748.65,274869.19,6400,-279190.57,104891.07,6323,142171.17,126442.79,5200,-863758.43,46790.16,1149,26092.76,23153.51,0,-117617.9,10428.63,6080,137415.93,124265.98,3900,-365236.67,52739.27,138001.76,310709.76,-376092.24,-260437.08,120217.40,530417.33,5690.72,392250.50,392250.50,162489.98,105520.29,1500.62,965130.82,-88881.58,225460.79,225460.79,43376.99,-9189.79,1704000,42.0,192693.22,1133320.30,280736.62,380147.47,432853.25,434008.94,159829.58,2731905.34,356860.48,585140.88,791976.21,801217.64,2836383,7635759,4692383,6569336,6569336,6569336,128.0,152.0,240.0,240.0,240.0,240.0
236,11193,314653.96,275774.49,6400,-276152.55,105171.59,6343,142607.6,126879.22,5200,-865533.21,46908.46,1154,26205.23,23265.98,0,-117675.8,10464.71,6101,137880.4,124730.46,3900,-364948.1,52868.56,138466.13,311615.06,-375802.92,-257396.08,120783.49,532672.55,5713.82,393571.22,393571.22,163201.34,106061.54,3025.81,976718.61,-88826.29,230783.29,230783.29,45553.18,-7936.42,1704000,42.0,193543.04,1136400.13,281922.87,381756.99,434684.54,435840.05,163071.94,2759097.95,362255.95,592902.96,801960.02,811203.46,2836383,7635759,4692383,6569336,6569336,6569336,128.0,152.0,240.0,240.0,240.0,240.0
237,11225,315555.81,276676.34,6400,-273115.54,105450.68,6362,143041.81,127313.43,5200,-867307.66,47025.56,1159,26314.95,23375.7,0,-117732.91,10499.28,6122,138342.07,125192.12,3900,-364658.64,52996.33,138927.7,312516.91,-375512.71,-254356.09,121346.63,534918.92,5736.89,394888.63,394888.63,163908.86,106565.23,4557.67,988349.65,-88771.07,236114.84,236114.84,47738.22,-6677.07,1704000,42.0,194389.54,1139460.59,283104.90,383361.55,436510.50,437665.95,166325.99,2786458.12,367672.56,600695.99,811982.39,821227.83,2836383,7635759,4692383,6569336,6569336,6569336,128.0,152.0,240.0,240.0,240.0,240.0
238,11258,316461.05,277581.58,6400,-270079.57,105731.18,6382,143478.04,127749.66,5200,-869081.77,47143.82,1164,26427.34,23488.08,0,-117789.23,10535.35,6143,138806.34,125656.39,3900,-364368.29,53125.58,139391.87,313422.15,-375221.62,-251317.14,121911.51,537166.24,5759.87,396207.40,396207.40,164618.63,107070.46,6096.30,1000024.59,-88715.74,241455.56,241455.56,49932.24,-5411.68,1704000,42.0,195237.36,1142498.21,284287.36,384965.80,438335.75,439491.02,169591.88,2813863.15,373110.62,608520.48,822043.79,831291.23,2836383,7635759,4692383,6569336,6569336,6569336,128.0,152.0,240.0,240.0,240.0,240.0
239,11290,317366.27,278486.8,6400,-267044.62,106011.67,6402,143914.17,128185.79,5200,-870855.55,47262.07,1169,26539.68,23600.43,0,-117844.78,10571.41,6164,139270.5,126120.56,3900,-364077.07,53254.82,139855.94,314327.37,-374929.65,-248279.21,122475.76,539409.52,5782.83,397525.19,397525.19,165327.60,107575.14,7641.81,1011744.11,-88660.15,246805.57,246805.57,52135.37,-4140.15,1704000,42.0,196084.17,1145547.11,285467.88,386567.34,440157.92,441313.01,172869.79,2841328.89,378570.46,616376.96,832144.73,841394.15,2836383,7635759,4692383,6569336,6569336,6569336,128.0,152.0,240.0,240.0,240.0,240.0
240,11323,318271.45,279391.98,6400,-264010.7,106292.14,6422,144350.21,128621.82,5200,-872629.0,47380.3,1174,26651.98,23712.73,0,-117899.55,10607.46,6185,139734.56,126584.62,3900,-363784.96,53384.05,140319.9,315232.56,-374636.82,-245242.31,123039.40,541648.72,5805.76,398841.98,398841.98,166035.75,108079.26,9194.29,1023508.90,-88604.29,252165.00,252165.00,54347.74,-2862.39,1704000,42.0,196929.94,1148564.59,286646.44,388166.16,441976.95,443131.87,176159.92,2868895.99,384052.42,624264.66,842284.22,851535.61,2836383,7635759,4692383,6569336,6569336,6569336,128.0,152.0,240.0,240.0,240.0,240.0
241,11354,319139.38,280259.92,6400,-260977.75,106557.1,6441,144770.6,129042.21,5200,-874402.09,47491.98,1179,26764.24,23824.99,0,-117953.54,10643.07,6206,140198.52,127048.57,3900,-363491.98,53512.82,140778.28,316123.11,-374343.09,-242206.41,123593.21,543847.67,5828.66,400141.13,400141.13,166732.04,108574.25,10753.89,1035319.78,-88548.05,257761.20,257761.20,56569.54,-1578.26,1704000,42.0,197763.39,1151508.48,287805.78,389744.74,443774.92,444897.17,179462.47,2896524.72,389556.88,632184.05,852462.69,861716.09,2836383,7635759,4692383,6569336,6569336,6569336,128.0,152.0,240.0,240.0,240.0,240.0
242,11385,320007.61,281128.14,6400,-257882.56,106822.15,6461,145195.22,129466.84,5200,-876126.18,47605.32,1184,26876.46,23937.21,0,-117946.81,10678.68,6227,140662.38,127512.43,3900,-363138.19,53641.58,141238.9,317013.79,-373988.55,-239108.31,124152.59,546060.86,5851.30,401443.32,401443.32,167435.23,109074.37,12377.12,1047296.75,-88491.40,263424.01,263424.01,58874.84,-114.38,1704000,42.0,198602.54,1154317.84,288971.76,391329.21,445553.98,446670.82,182834.11,2924384.42,395140.66,640192.10,862737.10,871989.68,2836383,7635759,4692383,6569336,6569336,6569336,128.0,152.0,240.0,240.0,240.0,240.0
243,11417,320873.12,281993.65,6400,-254851.54,107086.34,6480,145614.9,129886.51,5200,-877898.56,47716.75,1189,26988.64,24049.39,0,-118000.34,10714.28,6248,141126.13,127976.18,3900,-362844.56,53770.33,141696.79,317903.18,-373694.17,-236074.41,124707.98,548265.31,5873.90,402738.56,402738.56,168133.00,109570.98,13951.25,1059201.87,-88432.96,269040.61,269040.61,61115.88,1305.57,1704000,42.0,199437.54,1157324.89,290133.56,392908.68,447327.28,448440.66,186162.06,2952130.36,400691.13,648176.37,872994.96,882249.55,2836383,7635759,4692383,6569336,6569336,6569336,128.0,152.0,240.0,240.0,240.0,240.0
244,11448,321740.15,282860.68,6400,-251821.48,107351.0,6500,146039.56,130311.17,5200,-879670.59,47830.14,1194,27098.07,24158.82,0,-118053.64,10748.37,6269,141587.07,128437.13,3900,-362550.62,53897.57,142153.01,318793.27,-373399.46,-233041.51,125267.47,550479.28,5896.40,404035.22,404035.22,168835.91,110071.34,15532.79,1071155.18,-88374.58,274667.63,274667.63,63366.74,2732.15,1704000,42.0,200276.49,1160192.11,291299.76,394491.96,449103.72,450215.35,189502.99,2980050.70,406265.13,656193.81,883293.21,892549.81,2836383,7635759,4692383,6569336,6569336,6569336,128.0,152.0,240.0,240.0,240.0,240.0
245,11479,322603.48,283724.01,6400,-248792.38,107614.5,6519,146462.73,130734.35,5200,-881442.27,47942.96,1199,27210.16,24270.91,0,-118106.72,10783.96,6290,142050.62,128900.67,3900,-362256.36,54026.29,142611.07,319681.61,-373104.44,-230009.61,125826.49,552690.21,5918.92,405331.08,405331.08,169538.16,110571.27,17121.86,1083157.41,-88316.07,280305.21,280305.21,65627.57,4165.45,1704000,42.0,201114.64,1163165.43,292464.70,396073.40,450877.67,451987.79,192857.09,3008025.72,411863.00,664244.98,893632.36,902890.95,2836383,7635759,4692383,6569336,6569336,6569336,128.0,152.0,240.0,240.0,240.0,240.0
246,11510,323458.57,284579.1,6400,-245226.36,107869.08,6538,146881.39,131153.01,5200,-882917.74,48052.31,1204,27322.22,24382.97,0,-118159.13,10819.54,6312,142514.06,129364.11,3900,-361961.35,54154.99,143066.65,320566.05,-372694.31,-226856.09,126381.54,554890.67,5941.46,406622.65,406622.65,170235.21,111067.67,18915.69,1095983.35,-88257.26,286310.23,286310.23,68135.19,5789.25,1704000,42.0,201948.48,1166048.86,293624.86,397649.46,452645.57,453754.55,196466.35,3037498.62,417854.52,672704.87,904396.80,914075.90,2836383,7635759,4692383,6569336,6569336,6569336,128.0,152.0,240.0,240.0,240.0,240.0
247,11541,324318.18,285438.71,6400,-241667.13,108125.08,6557,147302.98,131574.6,5200,-884484.4,48162.82,1209,27434.23,24494.98,0,-118211.33,10855.12,6333,142977.4,129827.46,3900,-361666.04,54283.68,143523.76,321452.6,-372332.82,-223706.31,126939.59,557095.68,5963.91,407916.93,407916.93,170936.17,111566.77,20584.10,1108464.10,-88193.26,292238.89,292238.89,70487.23,7297.92,1704000,42.0,202784.92,1168960.23,294787.31,399204.22,454414.63,455522.47,199944.22,3065605.89,423684.97,681013.26,915257.44,925050.62,2836383,7635759,4692383,6569336,6569336,6569336,128.0,152.0,240.0,240.0,240.0,240.0
248,11571,325169.29,286289.82,6400,-238059.68,108378.39,6577,147723.12,131994.74,5200,-885948.21,48272.77,1214,27536.21,24596.96,0,-118263.25,10885.52,6353,143426.62,130276.67,3900,-361370.39,54405.63,143969.77,322326.95,-371916.19,-220534.41,127497.18,559297.85,5986.37,409207.00,409207.00,171636.50,112065.45,22332.11,1121092.21,-88129.08,298305.81,298305.81,72947.97,8876.32,1704000,42.0,203620.58,1171884.77,295948.67,400757.06,456181.49,457288.33,203502.03,3094567.16,429586.39,689402.91,926210.04,936075.70,2836383,7635759,4692383,6569336,6569336,6569336,128.0,152.0,240.0,240.0,240.0,240.0
249,11602,326021.42,287141.95,6400,-234481.51,108632.03,6596,148140.55,132412.17,5200,-887518.98,48381.7,1219,27643.68,24704.43,0,-118254.44,10918.06,6374,143881.26,130731.32,3900,-361013.91,54529.7,144417.03,323201.91,-371462.28,-217376.8,128051.32,561490.83,6008.85,410493.32,410493.32,172332.29,112561.05,23987.20,1133484.79,-88062.90,304332.63,304332.63,75291.81,10369.97,1704000,42.0,204452.45,1174779.99,297105.92,402304.98,457943.11,459049.23,206967.40,3122864.23,435380.33,697693.08,937072.76,946974.07,2836383,7635759,4692383,6569336,6569336,6569336,128.0,152.0,240.0,240.0,240.0,240.0
250,11633,326877.4,287997.93,6400,-230837.07,108886.87,6615,148560.47,132832.09,5200,-889060.17,48491.6,1224,27746.68,24807.43,0,-118305.86,10948.87,6394,144329.61,131179.67,3900,-360717.59,54651.36,144862.49,324077.36,-371052.9,-214188.6,128607.90,563687.29,6031.23,411781.81,411781.81,173031.28,113058.84,25647.61,1145911.85,-87997.68,310367.43,310367.43,77643.32,11868.20,1704000,42.0,205286.54,1177664.50,298265.19,403854.18,459705.77,460811.12,210442.61,3151591.63,441188.56,706005.85,947967.29,957899.21,2836383,7635759,4692383,6569336,6569336,6569336,128.0,152.0,240.0,240.0,240.0,240.0
251,11664,327733.32,288853.85,6400,-227036.45,109141.7,6634,148980.27,133251.89,5200,-890505.94,48601.46,1229,27854.07,24914.82,0,-118357.03,10981.38,6415,144780.52,131630.58,3900,-360420.95,54774.02,145315.77,324923.79,-370593.31,-210924.2,129163.97,565880.98,6053.62,413069.51,413069.51,173729.59,113556.18,27388.01,1158532.21,-87933.13,316484.95,316484.95,80100.22,13437.79,1704000,42.0,206097.23,1180568.62,299423.50,405401.71,461466.51,462571.18,214002.60,3180348.65,447086.52,714416.81,958969.30,968923.82,2836383,7635759,4692383,6569336,6569336,6569336,128.0,152.0,240.0,240.0,240.0,240.0
252,11695,328589.18,289709.71,6400,-223320.39,109396.5,6654,149399.95,133671.57,5200,-892015.43,48711.3,1233,27961.42,25022.17,0,-118407.96,11013.87,6435,145229.56,132079.62,3900,-360123.97,54895.98,145768.06,325768.37,-370167.66,-207699.99,129719.51,568071.83,6076.01,414356.40,414356.40,174427.19,114053.05,29059.50,1171028.70,-87866.86,322535.95,322535.95,82467.36,14945.59,1704000,42.0,206907.12,1183439.70,300580.83,406947.51,463225.29,464329.35,217500.04,3208875.77,452925.37,723003.94,969928.74,979905.90,2836383,7635759,4692383,6569336,6569336,6569336,128.0,152.0,240.0,240.0,240.0,240.0
253,11725,329441.08,290561.61,6400,-219449.85,109650.05,6673,149816.92,134088.54,5200,-893495.81,48820.11,1238,28064.85,25125.6,0,-118284.01,11042.64,6455,145672.86,132522.91,3900,-359568.99,55013.51,146217.42,326604.98,-369546.08,-204258.08,130271.55,570253.56,6098.37,415639.51,415639.51,175120.21,114546.79,30736.57,1183559.61,-87801.30,328668.73,328668.73,84842.29,16458.27,1704000,42.0,207713.23,1186309.86,301734.19,408488.59,464979.09,466082.76,221007.69,3237717.96,458778.05,731615.46,980918.11,990914.83,2836383,7635759,4692383,6569336,6569336,6569336,128.0,152.0,240.0,240.0,240.0,240.0
254,11756,330292.49,291413.03,6400,-215599.46,109903.44,6692,150236.37,134507.99,5200,-894920.86,48929.88,1243,28172.11,25232.86,0,-118273.66,11072.9,6476,146119.93,132969.98,3900,-359127.51,55132.52,146668.62,327443.32,-368951.71,-200828.88,130803.24,572438.67,6120.64,416924.78,416924.78,175816.41,115042.71,32483.11,1196260.51,-87736.16,334873.39,334873.39,87308.53,18032.91,1704000,42.0,208521.49,1189158.30,302889.49,410030.86,466733.82,467837.01,224589.46,3266577.11,464708.62,740315.45,992001.47,1002011.92,2836383,7635759,4692383,6569336,6569336,6569336,128.0,152.0,240.0,240.0,240.0,240.0
255,11787,331148.19,292268.72,6400,-211821.17,110158.18,6711,150655.7,134927.32,5200,-896400.1,49039.63,1248,28279.33,25340.08,0,-118171.96,11103.14,6496,146566.29,133416.34,3900,-358558.27,55251.27,147119.19,328282.74,-368322.44,-197410.68,131334.48,574621.41,6142.91,418209.32,418209.32,176511.98,115538.24,34172.99,1208862.91,-87669.40,341023.58,341023.58,89700.84,19556.72,1704000,42.0,209329.05,1192029.74,304044.02,411571.59,468486.76,469589.77,228118.14,3295352.09,470588.67,748974.45,1003048.73,1013073.83,2836383,7635759,4692383,6569336,6569336,6569336,128.0,152.0,240.0,240.0,240.0,240.0
256,11818,332003.82,293124.35,6400,-208043.32,110412.9,6730,151074.92,135346.54,5200,-897878.57,49149.35,1253,28383.18,25443.93,0,-118161.07,11132.09,6516,147009.22,133859.28,3900,-358043.44,55368.72,147568.0,329122.61,-367857.56,-193460.82,131865.15,576801.05,6165.17,419493.00,419493.00,177206.81,116033.26,35869.79,1221501.05,-87603.18,347182.89,347182.89,92102.43,21086.58,1704000,42.0,210135.74,1194872.28,305197.45,413110.42,470237.54,471340.38,231853.56,3324250.43,476482.16,757656.46,1014123.84,1024161.69,2836383,7635759,4692383,6569336,6569336,6569336,128.0,152.0,240.0,240.0,240.0,240.0
257,11848,332859.4,293979.93,6400,-204265.89,110667.6,6749,151494.02,135765.64,5200,-899356.28,49259.04,1258,28490.29,25551.04,0,-118149.93,11162.3,6537,147455.35,134305.41,3900,-357491.94,55487.42,148018.36,329964.32,-367374.19,-189479.49,132395.30,578978.03,6187.40,420775.92,420775.92,177900.97,116527.82,37573.63,1234175.81,-87537.03,353351.49,353351.49,94513.47,22622.61,1704000,42.0,210941.64,1197715.03,306349.76,414647.33,471986.14,473088.80,235600.01,3353151.74,482389.39,766361.88,1025227.25,1035276.22,2836383,7635759,4692383,6569336,6569336,6569336,128.0,152.0,240.0,240.0,240.0,240.0
258,11879,333714.92,294835.45,6400,-200417.23,110922.28,6769,151913.01,136184.63,5200,-900778.28,49368.69,1262,28597.34,25658.09,0,-118056.61,11192.49,6557,147901.35,134751.41,3900,-356821.85,55606.08,148464.26,330819.84,-366830.25,-185355.4,132924.94,581152.36,6209.62,422058.07,422058.07,178594.45,117021.92,39348.27,1247022.18,-87470.69,359593.13,359593.13,97017.42,24221.84,1704000,42.0,211746.76,1200526.89,307500.94,416182.30,473732.52,474835.01,239421.31,3382279.14,488374.51,775155.04,1036423.31,1046478.84,2836383,7635759,4692383,6569336,6569336,6569336,128.0,152.0,240.0,240.0,240.0,240.0
259,11910,334570.38,295690.91,6400,-196561.15,111176.94,6788,152331.88,136603.5,5200,-902254.47,49478.32,1267,28704.32,25765.07,0,-118042.72,11222.66,6577,148347.23,135197.28,3900,-356231.09,55724.72,148910.04,331675.3,-366325.8,-181263.53,133454.06,583324.01,6231.80,423339.45,423339.45,179287.25,117515.56,41185.55,1259772.00,-87402.61,365780.62,365780.62,99447.69,25770.55,1704000,42.0,212551.08,1203297.13,308650.97,417715.30,475476.65,476578.97,243190.34,3411197.93,494310.58,783909.17,1047585.33,1057649.42,2836383,7635759,4692383,6569336,6569336,6569336,128.0,152.0,240.0,240.0,240.0,240.0
260,11941,335422.56,296543.09,6400,-192785.01,111430.56,6807,152748.49,137020.1,5200,-903729.9,49587.08,1272,28807.91,25868.66,0,-118028.57,11251.52,6598,148789.66,135639.71,3900,-355627.51,55842.03,149352.37,332527.48,-365810.16,-177194.55,133980.25,585487.86,6253.96,424617.64,424617.64,179957.03,118006.57,43028.15,1272548.17,-87334.75,371975.68,371975.68,101885.76,27323.69,1704000,42.0,213352.18,1206088.94,309776.85,419243.88,477216.11,478318.38,246967.89,3440285.38,500255.39,792682.09,1058771.13,1068837.14,2836383,7635759,4692383,6569336,6569336,6569336,128.0,152.0,240.0,240.0,240.0,240.0
261,11972,336277.96,297398.49,6400,-189009.31,111685.2,6826,153167.16,137438.78,5200,-905204.58,49696.67,1277,28914.76,25975.51,0,-117945.85,11281.65,6618,149235.28,136085.33,3900,-354955.25,55960.6,149797.9,333382.89,-365260.0,-173135.1,134508.45,587640.51,6276.02,425897.58,425897.58,180629.44,118499.39,44878.63,1285365.80,-87266.91,378180.89,378180.89,104334.20,28883.80,1704000,42.0,214155.02,1208846.35,310903.82,420772.99,478955.80,480057.89,250757.62,3469396.37,506216.33,801481.46,1069988.42,1080056.35,2836383,7635759,4692383,6569336,6569336,6569336,128.0,152.0,240.0,240.0,240.0,240.0
262,12002,337133.34,298253.87,6400,-185234.03,111939.83,6845,153585.74,137857.36,5200,-906678.51,49806.24,1282,29021.54,26082.29,0,-117930.69,11311.75,6638,149680.78,136530.83,3900,-354350.45,56079.14,150243.3,334238.26,-364743.42,-169109.83,135036.18,589790.36,6298.07,427176.80,427176.80,181301.24,118991.78,46736.35,1298220.32,-87198.90,384395.38,384395.38,106792.21,30450.32,1704000,42.0,214957.09,1211623.97,312029.39,422300.11,480693.21,481795.14,254558.71,3498556.03,512193.62,810307.67,1081237.66,1091307.49,2836383,7635759,4692383,6569336,6569336,6569336,128.0,152.0,240.0,240.0,240.0,240.0
263,12033,337988.69,299109.22,6400,-181459.19,112194.45,6864,154004.23,138275.84,5200,-908151.69,49915.78,1287,29128.26,26189.01,0,-117914.8,11341.84,6658,150126.15,136976.2,3900,-353744.8,56197.65,150688.58,335093.61,-364137.05,-165332.16,135563.44,591937.36,6320.12,428455.29,428455.29,181972.43,119483.75,48601.33,1311111.68,-87130.62,390619.15,390619.15,109259.78,32023.26,1704000,42.0,215758.41,1214372.38,313153.54,423825.21,482428.33,483530.08,258371.20,3528124.09,518187.47,819161.14,1092519.32,1102591.05,2836383,7635759,4692383,6569336,6569336,6569336,128.0,152.0,240.0,240.0,240.0,240.0
264,12064,338844.01,299964.54,6400,-177684.77,112449.06,6883,154422.62,138694.23,5200,-909624.12,50025.31,1291,29234.91,26295.66,0,-117898.15,11371.9,6679,150571.4,137421.45,3900,-353138.31,56316.12,151133.73,335948.94,-363529.83,-161554.91,136090.22,594081.48,6342.14,429733.04,429733.04,182642.98,119975.30,50473.66,1324040.38,-87061.96,396852.29,396852.29,111737.03,33602.68,1704000,42.0,216558.95,1217121.88,314276.25,425348.27,484161.11,485262.70,262195.24,3557512.84,524198.11,828042.30,1103833.89,1113907.51,2836383,7635759,4692383,6569336,6569336,6569336,128.0,152.0,240.0,240.0,240.0,240.0
265,12095,339699.31,300819.84,6400,-173851.61,112703.66,6902,154840.91,139112.52,5200,-911050.44,50134.81,1296,29341.5,26402.25,0,-117812.45,11401.94,6699,151016.52,137866.57,3900,-352462.66,56434.56,151578.76,336804.23,-362853.46,-157718.91,136616.52,596222.68,6364.13,431010.03,431010.03,183312.91,120466.41,52404.88,1337115.70,-86992.88,403146.38,403146.38,114457.74,35234.70,1704000,42.0,217358.71,1219858.97,315397.51,426869.32,485891.58,486993.00,266082.43,3587191.74,530480.26,837003.05,1115233.33,1125306.18,2836383,7635759,4692383,6569336,6569336,6569336,128.0,152.0,240.0,240.0,240.0,240.0
266,12126,340554.57,301675.1,6400,-170079.14,112958.26,6922,155259.1,139530.72,5200,-912522.22,50244.3,1301,29448.02,26508.77,0,-117794.32,11431.96,6719,151461.51,138311.57,3900,-351854.48,56552.97,152023.66,337659.5,-362244.57,-153943.61,137142.33,598360.92,6386.10,432274.61,432274.61,183982.20,120957.09,54288.95,1350369.18,-86922.13,409395.41,409395.41,117116.76,36824.48,1704000,42.0,218157.68,1222589.92,316517.29,428388.31,487619.72,488720.96,269926.79,3616690.51,536727.73,845937.68,1126612.00,1136686.73,2836383,7635759,4692383,6569336,6569336,6569336,128.0,152.0,240.0,240.0,240.0,240.0
267,12156,341406.55,302527.09,6400,-166307.65,113211.82,6941,155675.03,139946.65,5200,-913993.67,50352.92,1306,29551.73,26612.48,0,-117775.44,11460.9,6739,151903.64,138753.69,3900,-351245.46,56670.29,152465.69,338511.48,-361634.83,-150169.27,137665.18,600490.92,6408.04,433535.92,433535.92,184647.60,121424.73,56178.96,1363661.01,-86851.47,415652.49,415652.49,119783.64,38419.58,1704000,42.0,218953.38,1225303.92,317633.10,429902.77,489343.01,490444.21,273781.48,3646367.00,542993.87,854899.71,1138023.49,1148100.07,2836383,7635759,4692383,6569336,6569336,6569336,128.0,152.0,240.0,240.0,240.0,240.0
268,12187,342261.76,303382.3,6400,-162537.12,113466.39,6960,156093.04,140364.66,5200,-915464.8,50462.37,1311,29658.17,26718.91,0,-117755.81,11490.9,6760,152348.43,139198.49,3900,-350635.6,56788.66,152910.39,339366.69,-361024.26,-146395.91,138190.00,602623.12,6429.90,434798.92,434798.92,185315.59,121894.14,58074.98,1376991.75,-86780.73,421917.72,421917.72,122458.46,40020.04,1704000,42.0,219750.74,1228003.04,318749.88,431417.59,491066.37,492167.40,277646.65,3676054.77,549278.96,863889.60,1149468.29,1159546.73,2836383,7635759,4692383,6569336,6569336,6569336,128.0,152.0,240.0,240.0,240.0,240.0
269,12218,343116.95,304237.48,6400,-158767.56,113720.96,6979,156510.95,140782.56,5200,-916935.62,50571.79,1316,29764.56,26825.31,0,-117735.44,11520.89,6780,152793.12,139643.18,3900,-350024.9,56907.01,153354.99,340221.87,-360412.86,-142623.51,138714.32,604752.23,6451.74,436061.13,436061.13,185982.93,122363.10,59977.11,1390361.98,-86709.76,428191.20,428191.20,125141.33,41625.95,1704000,42.0,220547.28,1230712.36,319865.12,432930.29,492787.30,493888.16,281522.44,3705795.59,555583.27,872907.79,1160946.95,1171027.23,2836383,7635759,4692383,6569336,6569336,6569336,128.0,152.0,240.0,240.0,240.0,240.0
270,12249,343972.1,305092.63,6400,-154998.98,113975.52,6998,156928.76,141200.38,5200,-918406.11,50681.2,1320,29870.91,26931.66,0,-117714.33,11550.88,6800,153237.72,140087.77,3900,-349413.37,57025.35,153799.48,341077.03,-359800.63,-138852.09,139238.13,606878.23,6473.57,437322.53,437322.53,186649.60,122831.60,61885.43,1403772.30,-86638.56,434473.05,434473.05,127832.38,43237.38,1704000,42.0,221343.00,1233395.11,320978.82,434440.83,494505.76,495606.45,285409.01,3735618.42,561907.10,881953.56,1172458.60,1182540.71,2836383,7635759,4692383,6569336,6569336,6569336,128.0,152.0,240.0,240.0,240.0,240.0
271,12278,344795.98,305916.51,6400,-151231.32,114218.47,7016,157332.67,141604.28,5200,-919876.27,50784.92,1325,29977.22,27037.97,0,-117692.48,11580.86,6820,153682.21,140532.26,3900,-348801.02,57143.66,154238.67,341922.4,-359187.56,-135081.62,139752.69,608966.77,6495.37,438567.31,438567.31,187305.11,123291.51,63800.08,1417223.45,-86567.03,440977.59,440977.59,130531.77,44854.46,1704000,42.0,222127.16,1236012.72,322074.57,435932.59,496204.71,497285.18,289306.56,3765481.57,568250.79,891027.30,1184003.71,1194087.68,2836383,7635759,4692383,6569336,6569336,6569336,128.0,152.0,240.0,240.0,240.0,240.0
272,12308,345620.13,306740.66,6400,-147404.86,114461.5,7035,157740.59,142012.21,5200,-921300.3,50890.18,1330,30083.49,27144.24,0,-117613.48,11610.82,6840,154126.59,140976.65,3900,-348131.42,57261.96,154679.99,342767.88,-358517.25,-131252.38,140272.64,611069.63,6516.93,439815.14,439815.14,187967.28,123756.36,65774.19,1430828.12,-86495.13,447544.22,447544.22,133309.08,46631.27,1704000,42.0,222916.90,1238532.53,323176.96,437430.40,497897.19,498972.53,293268.30,3795549.38,574667.69,900182.52,1195635.85,1205719.02,2836383,7635759,4692383,6569336,6569336,6569336,128.0,152.0,240.0,240.0,240.0,240.0
273,12338,346441.71,307562.24,6400,-143639.04,114703.73,7053,158143.81,142415.43,5200,-922769.78,50993.67,1335,30189.72,27250.47,0,-117591.19,11640.79,6861,154570.88,141420.94,3900,-347518.44,57380.23,155118.72,343612.14,-357903.54,-127483.82,140788.88,613164.99,6538.46,441056.50,441056.50,188624.42,124217.96,67701.72,1444362.71,-86421.58,454066.93,454066.93,136025.47,48366.42,1704000,42.0,223702.86,1241218.34,324275.69,438923.92,499584.88,500656.93,297188.27,3825477.09,581051.96,909313.52,1207249.37,1217334.40,2836383,7635759,4692383,6569336,6569336,6569336,128.0,152.0,240.0,240.0,240.0,240.0
274,12368,347264.72,308385.25,6400,-139874.13,114946.4,7072,158551.77,142823.38,5200,-924238.93,51098.97,1340,30293.14,27353.89,0,-117568.66,11669.67,6881,155012.31,141862.36,3900,-346905.15,57497.42,155555.64,344457.06,-357289.53,-123716.21,141309.09,615270.08,6559.90,442299.35,442299.35,189286.55,124683.18,69635.83,1457939.93,-86348.11,460598.90,460598.90,138750.53,50107.44,1704000,42.0,224492.71,1243777.25,325378.87,440421.42,501276.13,502346.51,301119.68,3855580.67,587456.97,918473.80,1218897.85,1228984.73,2836383,7635759,4692383,6569336,6569336,6569336,128.0,152.0,240.0,240.0,240.0,240.0
275,12397,348084.23,309204.76,6400,-136110.14,115187.97,7091,158958.31,143229.93,5200,-925707.75,51203.75,1344,30399.28,27460.03,0,-117545.92,11699.61,6901,155456.39,142306.45,3900,-346291.55,57615.66,155994.53,345300.32,-356675.2,-119949.55,141828.92,617372.99,6581.37,443541.57,443541.57,189948.15,125148.08,71576.60,1471560.45,-86274.55,467140.27,467140.27,141484.38,51854.43,1704000,42.0,225281.94,1246436.38,326481.10,441917.53,502965.57,504034.52,305062.71,3885704.96,593883.02,927663.81,1230581.82,1240670.54,2836383,7635759,4692383,6569336,6569336,6569336,128.0,152.0,240.0,240.0,240.0,240.0
276,12426,348895.9,310016.43,6400,-131842.74,115426.77,7109,159360.56,143632.17,5200,-926896.45,51306.85,1349,30505.38,27566.13,0,-117522.95,11729.54,6921,155900.38,142750.44,3900,-345677.66,57733.88,156431.04,346139.88,-355951.98,-116074.01,142345.07,619466.66,6602.86,444779.84,444779.84,190604.91,125609.69,73711.39,1485959.73,-86200.74,474029.82,474029.82,144451.85,53781.93,1704000,42.0,226067.22,1249011.54,327579.05,443408.88,504649.85,505717.72,309247.06,3917240.30,600681.12,937239.54,1242666.24,1253151.20,2836383,7635759,4692383,6569336,6569336,6569336,128.0,152.0,240.0,240.0,240.0,240.0
277,12456,349711.87,310832.4,6400,-127581.79,115666.93,7128,159765.59,144037.21,5200,-928171.75,51411.01,1354,30611.44,27672.19,0,-117499.77,11759.47,6941,156344.27,143194.33,3900,-345063.46,57852.08,156869.01,346981.45,-355274.94,-112202.02,142864.15,621565.31,6624.27,446020.81,446020.81,191265.49,126073.92,75726.54,1500028.04,-86122.02,480846.23,480846.23,147270.93,55599.62,1704000,42.0,226855.12,1251620.14,328679.41,444890.71,506335.75,507402.54,313305.75,3947318.10,607324.63,946669.07,1254835.81,1265429.01,2836383,7635759,4692383,6569336,6569336,6569336,128.0,152.0,240.0,240.0,240.0,240.0
278,12485,350519.77,311640.3,6400,-123275.02,115904.53,7146,160169.24,144440.86,5200,-929349.4,51514.67,1358,30708.8,27769.55,0,-117476.33,11785.49,6961,156775.56,143625.62,3900,-344448.94,57964.93,157297.26,347811.42,-354545.55,-108309.03,143382.86,623661.93,6645.70,447257.90,447257.90,191925.57,126537.83,77816.79,1514232.90,-86043.16,487793.22,487793.22,150192.50,57483.09,1704000,42.0,227642.41,1254232.50,329778.95,446371.19,508020.10,509085.93,317439.40,3978368.44,614033.80,956173.33,1267089.47,1277751.43,2836383,7635759,4692383,6569336,6569336,6569336,128.0,152.0,240.0,240.0,240.0,240.0
279,12514,351328.63,312449.16,6400,-118996.08,116142.45,7165,160570.32,144841.94,5200,-930628.61,51617.37,1363,30811.37,27872.11,0,-117395.72,11813.49,6981,157212.01,144062.06,3900,-343777.18,58079.73,157726.69,348641.97,-353781.27,-104429.61,143898.36,625750.48,6667.14,448491.56,448491.56,192581.43,126998.88,79818.36,1528211.48,-85962.43,494701.59,494701.59,153002.50,59285.70,1704000,42.0,228426.25,1256823.93,330874.82,447847.44,509700.00,510765.15,321484.49,4008664.04,620639.63,965581.32,1279255.36,1289951.12,2836383,7635759,4692383,6569336,6569336,6569336,128.0,152.0,240.0,240.0,240.0,240.0
280,12543,352141.15,313261.68,6400,-114654.19,116381.52,7183,160973.76,145245.38,5200,-931879.75,51720.98,1368,30909.68,27970.43,0,-117371.79,11839.89,7001,157642.47,144492.52,3900,-343162.02,58192.3,158154.41,349472.99,-353058.75,-100521.14,144416.27,627842.99,6688.50,449727.39,449727.39,193240.43,127462.08,81824.56,1542220.12,-85882.66,501617.01,501617.01,155819.20,61092.26,1704000,42.0,229212.32,1259409.88,331972.80,449325.34,511381.38,512445.80,325538.13,4039450.57,627257.75,975008.95,1291449.12,1302173.88,2836383,7635759,4692383,6569336,6569336,6569336,128.0,152.0,240.0,240.0,240.0,240.0
281,12573,352953.61,314074.15,6400,-110169.62,116620.57,7202,161377.09,145648.71,5200,-933041.86,51824.57,1372,31012.17,28072.92,0,-117347.62,11867.87,7020,158075.36,144925.42,3900,-342546.55,58305.8,158589.55,350276.44,-352288.55,-96545.99,144933.75,629933.50,6709.89,450962.59,450962.59,193898.87,127924.91,83906.32,1556409.55,-85803.54,508610.39,508610.39,158735.36,62966.24,1704000,42.0,229980.19,1262012.08,333070.07,450802.06,513061.42,514125.20,329671.44,4070200.81,633959.73,984527.97,1303742.58,1314488.75,2836383,7635759,4692383,6569336,6569336,6569336,128.0,152.0,240.0,240.0,240.0,240.0
282,12602,353766.02,314886.56,6400,-105765.39,116859.6,7220,161780.3,146051.92,5200,-934264.49,51928.12,1377,31114.61,28175.36,0,-117323.22,11895.83,7040,158506.48,145356.53,3900,-341930.76,58418.65,159023.75,351078.13,-351550.57,-92609.01,145450.81,632021.97,6731.26,452197.15,452197.15,194556.75,128387.36,85922.23,1570478.97,-85722.82,515540.14,515540.14,161565.77,64781.18,1704000,42.0,230747.44,1264586.87,334166.61,452277.59,514740.09,515803.30,333744.63,4100734.51,640604.50,994209.84,1315993.67,1326761.30,2836383,7635759,4692383,6569336,6569336,6569336,128.0,152.0,240.0,240.0,240.0,240.0
283,12631,354574.67,315695.2,6400,-101214.41,117097.44,7238,162180.93,146452.55,5200,-935459.48,52030.72,1382,31213.33,28274.08,0,-117135.0,11922.3,7059,158932.13,145782.19,3900,-341072.22,58529.36,159455.17,351872.24,-350628.79,-88465.22,145964.63,634102.44,6752.62,453428.24,453428.24,195210.37,128846.91,87943.07,1584578.66,-85642.81,522547.01,522547.01,164403.03,66600.41,1704000,42.0,231511.24,1267163.57,335259.57,453749.06,516414.54,517477.37,337826.76,4131592.59,647261.29,1003913.27,1328271.27,1339057.40,2836383,7635759,4692383,6569336,6569336,6569336,128.0,152.0,240.0,240.0,240.0,240.0
284,12660,355382.85,316503.38,6400,-96682.58,117335.14,7257,162583.92,146855.54,5200,-936601.94,52134.22,1386,31315.68,28376.43,0,-117054.64,11950.14,7079,159361.37,146211.42,3900,-340321.45,58641.44,159888.33,352668.01,-349732.85,-84333.51,146466.18,636186.78,6773.90,454661.49,454661.49,195867.10,129308.59,90029.58,1598837.86,-85563.22,529621.75,529621.75,167326.57,68478.24,1704000,42.0,232277.22,1269725.19,336354.58,455222.10,518090.38,519152.75,341978.68,4162414.33,653991.25,1013699.57,1340636.76,1351435.88,2836383,7635759,4692383,6569336,6569336,6569336,128.0,152.0,240.0,240.0,240.0,240.0
285,12690,356195.1,317315.63,6400,-92219.24,117574.12,7275,162986.79,147258.41,5200,-937795.86,52237.69,1391,31418.0,28478.75,0,-116887.55,11977.97,7098,159789.93,146639.98,3900,-339449.38,58753.27,160320.89,353464.8,-348803.77,-80212.25,146967.38,638269.55,6795.18,455894.19,455894.19,196523.35,129769.98,92062.02,1613001.99,-85482.12,536644.44,536644.44,170179.57,70307.59,1704000,42.0,233042.68,1272306.56,337449.08,456694.13,519765.04,520827.25,346079.75,4193167.25,660672.76,1023446.20,1352967.08,1363780.06,2836383,7635759,4692383,6569336,6569336,6569336,128.0,152.0,240.0,240.0,240.0,240.0
286,12719,357007.29,318127.82,6400,-87756.32,117813.09,7294,163389.56,147661.18,5200,-938989.06,52341.14,1395,31517.12,28577.87,0,-116806.69,12004.61,7118,160215.23,147065.29,3900,-338628.97,58863.9,160751.78,354262.02,-348030.8,-75585.91,147468.12,640350.06,6816.46,457126.20,457126.20,197179.00,130230.96,94100.76,1627198.49,-85401.56,543675.46,543675.46,173041.04,72142.46,1704000,42.0,233807.47,1274863.40,338542.73,458164.82,521438.18,522500.22,350364.06,4224034.57,667366.51,1033213.91,1365322.96,1376148.00,2836383,7635759,4692383,6569336,6569336,6569336,128.0,152.0,240.0,240.0,240.0,240.0
287,12748,357819.43,318939.96,6400,-83293.81,118052.03,7312,163792.21,148063.83,5200,-940181.55,52444.56,1400,31619.33,28680.08,0,-116725.58,12032.41,7137,160643.57,147493.62,3900,-337773.75,58975.68,161184.13,355060.98,-347240.28,-70929.68,147968.45,642428.69,6837.72,458357.60,458357.60,197834.10,130691.56,96146.00,1641428.45,-85321.07,550715.01,550715.01,175911.19,73983.04,1704000,42.0,234571.64,1277423.75,339635.54,459634.15,523109.77,524171.65,354658.46,4254889.73,674073.00,1043003.35,1377705.10,1388540.65,2836383,7635759,4692383,6569336,6569336,6569336,128.0,152.0,240.0,240.0,240.0,240.0
288,12778,358631.51,319752.04,6400,-78763.62,118290.96,7331,164194.75,148466.37,5200,-941321.15,52547.95,1405,31721.47,28782.22,0,-116568.46,12060.19,7157,161071.78,147921.84,3900,-336807.94,59087.44,161612.25,355873.06,-346394.24,-66137.83,148468.36,644505.44,6858.97,459588.39,459588.39,198488.66,131151.79,98258.28,1655820.10,-85240.43,557823.63,557823.63,178869.29,75883.49,1704000,42.0,235335.20,1279956.32,340727.49,461102.10,524779.81,525841.52,359023.57,4285956.12,680853.12,1052875.59,1390174.63,1401016.35,2836383,7635759,4692383,6569336,6569336,6569336,128.0,152.0,240.0,240.0,240.0,240.0
289,12807,359443.54,320564.07,6400,-74226.39,118529.88,7349,164597.18,148868.8,5200,-942512.21,52651.32,1409,31823.55,28884.3,0,-116486.76,12087.95,7176,161499.87,148349.93,3900,-335917.46,59199.17,162040.25,356685.09,-345585.72,-61376.6,148967.86,646580.30,6880.19,460818.56,460818.56,199142.67,131611.65,100443.82,1670118.84,-85158.15,564880.57,564880.57,181757.17,77735.79,1704000,42.0,236098.15,1282458.87,341818.57,462568.66,526448.27,527509.82,363338.70,4316797.89,687586.35,1062710.30,1402611.25,1413461.05,2836383,7635759,4692383,6569336,6569336,6569336,128.0,152.0,240.0,240.0,240.0,240.0
290,12836,360252.45,321372.98,6400,-69765.11,118767.8,7367,164997.46,149269.07,5200,-943702.56,52753.89,1414,31922.41,28983.16,0,-116404.82,12114.51,7196,161924.69,148774.74,3900,-335014.8,59309.68,162464.97,357494.0,-344766.56,-56637.1,149464.66,648648.43,6901.39,462045.84,462045.84,199778.23,132069.10,102634.25,1684441.55,-85076.09,571944.47,571944.47,184652.22,79592.18,1704000,42.0,236858.19,1284980.28,342896.21,464031.53,528112.85,529174.35,367661.67,4347823.77,694327.74,1072562.59,1415070.14,1425921.73,2836383,7635759,4692383,6569336,6569336,6569336,128.0,152.0,240.0,240.0,240.0,240.0
291,12865,361064.42,322184.96,6400,-65304.24,119006.7,7386,165399.7,149671.32,5200,-944892.2,52857.22,1418,32024.36,29085.11,0,-116257.76,12142.24,7215,162352.53,149202.59,3900,-334046.94,59421.35,162892.73,358305.98,-343914.65,-51906.68,149963.45,650706.62,6922.51,463274.92,463274.92,200416.41,132528.33,104831.98,1698802.58,-84994.06,579017.77,579017.77,187556.88,81455.06,1704000,42.0,237620.03,1287473.49,343975.25,465495.39,529778.23,530839.56,371995.99,4378848.29,701084.32,1082439.76,1427558.65,1438412.02,2836383,7635759,4692383,6569336,6569336,6569336,128.0,152.0,240.0,240.0,240.0,240.0
292,12895,361876.37,322996.91,6400,-60843.78,119245.59,7404,165801.85,150073.47,5200,-946081.14,52960.53,1423,32126.25,29186.99,0,-116174.86,12169.95,7235,162780.26,149630.31,3900,-333143.14,59532.98,163320.36,359117.93,-343094.61,-47208.72,150461.89,652762.84,6943.62,464503.44,464503.44,201054.11,132987.25,107036.48,1713197.93,-84911.88,586099.71,586099.71,190470.46,83323.95,1704000,42.0,238381.30,1289986.16,345053.32,466957.88,531442.04,532503.21,376340.93,4409918.22,707856.27,1092342.19,1440077.22,1450932.35,2836383,7635759,4692383,6569336,6569336,6569336,128.0,152.0,240.0,240.0,240.0,240.0
293,12924,362688.3,323808.83,6400,-56383.74,119484.47,7422,166203.91,150475.53,5200,-947269.37,53063.81,1428,32228.07,29288.82,0,-116091.26,12197.63,7254,163207.86,150057.92,3900,-332238.54,59644.59,163747.87,359929.85,-342189.32,-42745.98,150959.97,654817.08,6964.73,465731.40,465731.40,201691.35,133445.84,109247.77,1727627.61,-84829.46,593190.30,593190.30,193392.97,85198.88,1704000,42.0,239142.01,1292473.76,346130.42,468418.97,533104.26,534165.27,380696.56,4441367.66,714643.81,1102270.26,1452626.27,1463483.16,2836383,7635759,4692383,6569336,6569336,6569336,128.0,152.0,240.0,240.0,240.0,240.0
294,12953,363500.19,324620.72,6400,-51924.11,119723.34,7441,166605.88,150877.5,5200,-948456.91,53167.08,1432,32329.83,29390.57,0,-116006.96,12225.3,7274,163635.34,150485.4,3900,-331333.15,59756.17,164175.27,360741.74,-341283.24,-38283.65,151457.68,656869.30,6985.82,466958.80,466958.80,202328.12,133904.11,111465.91,1742092.09,-84746.69,600289.63,600289.63,196324.51,87079.89,1704000,42.0,239902.14,1294965.65,347206.53,469878.65,534764.87,535825.72,385062.98,4472606.66,721447.14,1112224.38,1465206.28,1476064.91,2836383,7635759,4692383,6569336,6569336,6569336,128.0,152.0,240.0,240.0,240.0,240.0
295,12983,364312.06,325432.59,6400,-47408.66,119962.2,7459,167007.76,151279.37,5200,-949600.66,53270.33,1437,32431.52,29492.27,0,-115857.08,12252.95,7293,164062.7,150912.76,3900,-330362.09,59867.73,164602.54,361553.61,-340311.49,-33765.51,151955.03,658919.47,7006.90,468185.64,468185.64,202964.40,134362.05,113739.88,1756695.13,-84663.52,607446.68,607446.68,199476.37,89010.79,1704000,42.0,240661.70,1297447.17,348281.65,471336.95,536423.90,537484.59,389489.24,4504145.81,728505.59,1122253.82,1477866.57,1488724.43,2836383,7635759,4692383,6569336,6569336,6569336,128.0,152.0,240.0,240.0,240.0,240.0
296,13012,365123.9,326244.44,6400,-42950.88,120201.06,7477,167409.54,151681.16,5200,-950787.58,53373.56,1442,32533.15,29593.9,0,-115771.37,12280.58,7313,164489.94,151340.0,3900,-329455.1,59979.25,165029.68,362365.46,-339403.82,-29305.02,152452.01,660967.59,7027.96,469400.80,469400.80,203600.20,134819.66,115968.97,1771464.97,-84578.78,614560.79,614560.79,202569.52,90901.52,1704000,42.0,241420.67,1299925.87,349355.76,472793.86,538081.35,539141.88,393874.69,4535477.72,735530.95,1132258.24,1490506.85,1501366.44,2836383,7635759,4692383,6569336,6569336,6569336,128.0,152.0,240.0,240.0,240.0,240.0
297,13041,365932.63,327053.16,6400,-38494.01,120438.92,7496,167809.17,152080.79,5200,-951974.2,53476.0,1446,32632.11,29692.86,0,-115684.94,12307.22,7332,164914.45,151764.51,3900,-328547.32,60089.76,165454.11,363174.18,-338495.36,-24845.46,152946.27,663008.65,7049.00,470613.02,470613.02,204232.44,135261.73,118203.67,1786270.85,-84494.13,621682.46,621682.46,205670.07,92797.26,1704000,42.0,242176.69,1302390.82,350426.50,474247.00,539734.84,540795.32,398269.87,4567001.65,742573.87,1142288.42,1503177.98,1514039.29,2836383,7635759,4692383,6569336,6569336,6569336,128.0,152.0,240.0,240.0,240.0,240.0
298,13070,366744.42,327864.95,6400,-34038.07,120677.76,7514,168210.78,152482.39,5200,-953160.52,53579.19,1451,32733.66,29794.41,0,-115597.81,12334.83,7351,165341.5,152191.55,3900,-327638.75,60201.24,165881.06,363985.97,-337586.11,-20386.81,153442.50,665052.56,7069.96,471826.99,471826.99,204867.26,135705.57,120444.04,1801113.30,-84409.41,628811.77,628811.77,208778.09,94698.07,1704000,42.0,242934.47,1304846.77,351498.56,475701.08,541389.05,542449.37,402674.90,4598512.72,749634.59,1152344.80,1515880.44,1526743.47,2836383,7635759,4692383,6569336,6569336,6569336,128.0,152.0,240.0,240.0,240.0,240.0
299,13100,367556.18,328676.71,6400,-29583.05,120916.59,7532,168612.29,152883.9,5200,-954346.54,53682.36,1455,32835.17,29895.92,0,-115509.98,12362.43,7371,165768.45,152618.5,3900,-326729.39,60312.7,166307.92,364797.73,-336676.08,-15929.09,153938.36,667094.32,7090.91,473040.36,473040.36,205501.58,136149.07,122690.16,1815992.89,-84324.48,635948.84,635948.84,211893.69,96604.02,1704000,42.0,243691.65,1307312.02,352569.57,477153.70,543041.61,544101.77,407089.94,4630073.74,756713.39,1162427.79,1528614.72,1539479.46,2836383,7635759,4692383,6569336,6569336,6569336,128.0,152.0,240.0,240.0,240.0,240.0
300,13129,368367.92,329488.45,6400,-25128.96,121155.41,7551,169013.71,153285.32,5200,-955532.27,53785.51,1460,32936.64,29997.38,0,-115421.45,12390.02,7390,166195.3,153045.35,3900,-325819.25,60424.15,166734.68,365609.47,-335765.27,-11472.29,154433.83,669133.92,7111.86,474253.11,474253.11,206135.40,136592.22,124942.12,1830910.17,-84239.34,643093.75,643093.75,215016.99,98515.19,1704000,42.0,244448.22,1309755.70,353639.53,478604.86,544692.50,545752.50,411515.13,4661707.31,763810.53,1172536.71,1541380.02,1552246.46,2836383,7635759,4692383,6569336,6569336,6569336,128.0,152.0,240.0,240.0,240.0,240.0
301,13157,369153.5,330274.03,6400,-20675.75,121384.76,7569,169402.57,153674.19,5200,-956717.68,53883.55,1465,33038.06,30098.81,0,-115332.22,12417.6,7410,166622.05,153472.11,3900,-324908.32,60535.57,167156.4,366415.47,-334853.67,-7016.41,154920.61,671138.76,7132.79,475450.24,475450.24,206758.76,137027.30,127200.04,1845865.83,-84153.88,650449.02,650449.02,218148.13,100431.69,1704000,42.0,245193.99,1312141.01,354692.87,480038.78,546325.54,547366.34,415950.65,4693368.68,770926.34,1182671.95,1554176.78,1565044.93,2836383,7635759,4692383,6569336,6569336,6569336,128.0,152.0,240.0,240.0,240.0,240.0
302,13186,369939.35,331059.88,6400,-16166.68,121614.2,7587,169795.26,154066.88,5200,-957859.3,53983.03,1469,33139.45,30200.2,0,-115188.71,12445.18,7429,167048.71,153898.77,3900,-323943.05,60646.97,167580.15,367221.59,-333887.71,-2504.7,155412.61,673158.01,7153.49,476650.41,476650.41,207388.58,137467.16,129514.37,1860966.85,-84068.09,657863.13,657863.13,221353.18,102512.23,1704000,42.0,245945.24,1314457.78,355752.95,481479.04,547953.12,548989.04,420447.03,4725221.76,778111.45,1192884.26,1567055.83,1577923.19,2836383,7635759,4692383,6569336,6569336,6569336,128.0,152.0,240.0,240.0,240.0,240.0
303,13214,370722.75,331843.28,6400,-11715.22,121842.86,7604,170183.47,154455.09,5200,-959044.07,54080.85,1474,33240.8,30301.55,0,-115099.05,12472.74,7449,167475.27,154325.33,3900,-323031.53,60758.35,168001.42,368026.54,-332975.51,1949.37,155901.20,675170.97,7174.19,477844.60,477844.60,208013.75,137904.04,131784.44,1876000.93,-83980.72,665235.44,665235.44,224500.33,104553.18,1704000,42.0,246693.08,1316914.03,356809.99,482915.84,549576.87,550609.66,424903.65,4756920.64,785265.40,1203073.32,1579916.88,1590785.97,2836383,7635759,4692383,6569336,6569336,6569336,128.0,152.0,240.0,240.0,240.0,240.0
304,13242,371507.52,332628.05,6400,-7264.64,122071.95,7622,170576.18,154847.8,5200,-960228.55,54180.37,1478,33339.48,30400.23,0,-115009.17,12499.3,7468,167899.11,154749.17,3900,-322119.72,60868.73,168420.99,368832.12,-332063.01,6402.52,156393.62,677193.69,7194.79,479040.30,479040.30,208643.75,138344.41,134060.70,1891075.08,-83893.44,672616.45,672616.45,227655.63,106599.66,1704000,42.0,247444.74,1319256.69,357871.48,484356.75,551204.35,552235.57,429371.04,4788801.99,792438.83,1213289.90,1592810.79,1603681.60,2836383,7635759,4692383,6569336,6569336,6569336,128.0,152.0,240.0,240.0,240.0,240.0
305,13270,372288.96,333409.49,6400,-2814.94,122300.0,7640,170967.56,155239.17,5200,-961412.71,54279.4,1483,33440.75,30501.5,0,-114919.08,12526.84,7487,168325.48,155175.54,3900,-321207.63,60980.07,168842.42,369636.12,-331150.22,10854.76,156885.74,679214.80,7215.43,480235.49,480235.49,209273.33,138784.52,136343.24,1906189.93,-83806.07,680006.28,680006.28,230819.20,108651.76,1704000,42.0,248195.91,1321692.84,358932.28,485796.62,552830.45,553860.30,433849.35,4820681.35,799632.03,1223534.43,1605738.06,1616610.57,2836383,7635759,4692383,6569336,6569336,6569336,128.0,152.0,240.0,240.0,240.0,240.0
306,13298,373062.95,334183.48,6400,2111.29,122525.68,7658,171354.85,155626.46,5200,-962331.2,54376.92,1488,33541.98,30602.73,0,-114828.77,12554.38,7507,168751.76,155601.81,3900,-320295.25,61091.39,169261.59,370436.61,-330134.0,15408.72,157374.42,681227.62,7236.10,481427.02,481427.02,209898.37,139221.56,138810.00,1922043.95,-83718.47,687726.69,687726.69,234204.57,110875.26,1704000,42.0,248943.44,1324050.66,359989.22,487232.26,554451.98,555480.81,438556.76,4853900.55,807178.37,1234144.99,1619045.29,1630292.53,2836383,7635759,4692383,6569336,6569336,6569336,128.0,152.0,240.0,240.0,240.0,240.0
307,13327,373841.03,334961.56,6400,7031.38,122752.66,7676,171744.79,156016.4,5200,-963331.94,54475.44,1492,33643.17,30703.92,0,-114738.26,12581.9,7526,169177.94,156027.99,3900,-319382.59,61202.7,169682.15,371239.0,-329161.64,19959.3,157865.92,683245.46,7256.69,482621.17,482621.17,210527.10,139661.13,141163.07,1937583.18,-83626.21,695377.52,695377.52,237448.92,112994.43,1704000,42.0,249693.52,1326445.01,361048.55,488659.00,556075.23,557103.02,443144.72,4885620.72,814577.67,1244616.41,1632431.45,1643781.45,2836383,7635759,4692383,6569336,6569336,6569336,128.0,152.0,240.0,240.0,240.0,240.0
308,13354,374611.43,335731.96,6400,11994.98,122977.22,7694,172133.41,156405.02,5200,-964239.95,54573.49,1496,33736.92,30797.67,0,-114647.51,12606.1,7545,169592.99,156443.04,3900,-318469.62,61309.3,170094.31,372030.37,-328139.56,24529.82,158357.10,685261.68,7277.30,483811.70,483811.70,211155.39,140100.42,143587.42,1953251.65,-83533.83,703152.26,703152.26,240790.54,115176.01,1704000,42.0,250443.10,1328836.70,362107.20,490084.58,557697.13,558724.03,447803.76,4918406.48,822039.10,1255158.50,1645897.07,1657312.34,2836383,7635759,4692383,6569336,6569336,6569336,128.0,152.0,240.0,240.0,240.0,240.0
309,13382,375382.75,336503.29,6400,16932.15,123202.06,7711,172519.59,156791.21,5200,-965244.43,54670.64,1501,33835.64,30896.39,0,-114502.47,12632.14,7564,170012.94,156862.99,3900,-317502.3,61417.75,170507.6,372822.31,-327084.36,29087.45,158845.28,687270.53,7297.93,484999.02,484999.02,211779.73,140537.03,145927.48,1968704.81,-83439.67,710890.22,710890.22,244026.10,117280.75,1704000,42.0,251189.47,1331213.98,363162.45,491506.29,559314.98,560341.22,452378.59,4950365.58,829402.18,1265608.87,1659278.99,1670726.31,2836383,7635759,4692383,6569336,6569336,6569336,128.0,152.0,240.0,240.0,240.0,240.0
310,13410,376157.55,337278.08,6400,21929.12,123428.0,7729,172908.01,157179.63,5200,-966222.24,54768.64,1505,33930.31,30991.06,0,-114411.25,12656.69,7583,170427.21,157277.26,3900,-316588.74,61524.1,170919.26,373614.68,-326068.82,33672.67,159335.75,689283.30,7318.49,486188.44,486188.44,212407.07,140975.69,148271.89,1984186.11,-83346.42,718634.76,718634.76,247267.95,119389.19,1704000,42.0,251937.97,1333587.47,364219.69,492929.53,560934.20,561959.75,456961.42,4982871.32,836776.72,1276077.62,1672687.00,1684161.84,2836383,7635759,4692383,6569336,6569336,6569336,128.0,152.0,240.0,240.0,240.0,240.0
311,13438,376932.3,338052.83,6400,27061.34,123653.93,7747,173296.32,157567.94,5200,-967115.59,54866.61,1510,34028.94,31089.69,0,-114319.81,12682.72,7602,170843.78,157693.83,3900,-315674.88,61631.32,171337.96,374380.86,-325007.99,38320.96,159825.84,691294.33,7339.07,487377.29,487377.29,213033.90,141414.02,150688.00,1999838.71,-83253.80,726453.25,726453.25,250604.16,121561.62,1704000,42.0,252677.12,1335974.22,365276.23,494351.63,562552.11,563577.05,461619.79,5015285.94,844230.70,1286632.88,1686189.35,1697684.47,2836383,7635759,4692383,6569336,6569336,6569336,128.0,152.0,240.0,240.0,240.0,240.0
312,13466,377706.99,338827.52,6400,32117.25,123879.84,7765,173684.53,157956.15,5200,-968066.42,54964.55,1514,34127.54,31188.29,0,-114228.15,12708.73,7621,171258.66,158108.71,3900,-314760.72,61737.92,171755.78,375145.37,-323977.77,42932.97,160315.54,693303.57,7359.64,488565.56,488565.56,213660.22,141852.00,153041.52,2015376.96,-83159.67,734211.19,734211.19,253858.85,123677.92,1704000,42.0,253415.70,1338336.84,366332.05,495772.55,564168.68,565193.07,466220.93,5047516.64,851630.15,1297341.05,1699651.09,1711166.55,2836383,7635759,4692383,6569336,6569336,6569336,128.0,152.0,240.0,240.0,240.0,240.0
313,13494,378478.11,339598.64,6400,37312.55,124104.62,7782,174070.28,158341.9,5200,-968991.0,55061.6,1519,34222.59,31283.34,0,-113981.42,12733.43,7640,171668.36,158518.41,3900,-313616.52,61842.61,172170.95,375902.68,-322773.5,47741.45,160802.18,695305.35,7380.20,489750.56,489750.56,214282.51,142287.24,155399.66,2030943.57,-83066.20,742042.28,742042.28,257119.95,125798.24,1704000,42.0,254151.02,1340702.09,367384.45,497189.58,565781.19,566805.23,470830.43,5080068.98,859040.81,1308069.38,1713137.66,1724670.66,2836383,7635759,4692383,6569336,6569336,6569336,128.0,152.0,240.0,240.0,240.0,240.0
314,13522,379248.79,340369.32,6400,42489.66,124329.26,7800,174458.27,158729.89,5200,-969865.71,55159.49,1523,34321.1,31381.85,0,-113837.14,12759.42,7658,172081.46,158931.51,3900,-312574.68,61948.58,172587.78,376661.56,-321593.77,52538.45,161279.70,697310.94,7400.69,490937.65,490937.65,214907.78,142724.52,157820.10,2046661.28,-82973.15,749937.71,749937.71,260462.91,127974.17,1704000,42.0,254888.43,1343055.69,368438.77,498608.06,567394.97,568418.58,475506.09,5112552.47,866520.76,1318876.14,1726707.34,1738252.64,2836383,7635759,4692383,6569336,6569336,6569336,128.0,152.0,240.0,240.0,240.0,240.0
315,13550,380023.33,341143.86,6400,47601.7,124555.12,7818,174846.16,159117.77,5200,-970789.29,55257.36,1528,34419.57,31480.32,0,-113610.49,12785.41,7677,172493.91,159343.96,3900,-311417.64,62054.32,173004.04,377421.41,-320382.58,57325.51,161756.90,699315.18,7421.18,492124.23,492124.23,215532.61,143161.54,160189.12,2062288.33,-82878.66,757783.61,757783.61,263738.78,130103.99,1704000,42.0,255625.37,1345425.51,369492.57,500025.55,569007.60,570031.04,480133.31,5144984.37,873954.50,1329644.93,1740243.27,1751801.70,2836383,7635759,4692383,6569336,6569336,6569336,128.0,152.0,240.0,240.0,240.0,240.0
316,13578,380797.81,341918.34,6400,52713.33,124780.96,7836,175233.93,159505.55,5200,-971712.2,55355.2,1532,34515.01,31575.76,0,-113465.74,12810.26,7696,172903.27,159753.33,3900,-310309.68,62158.93,173418.7,378181.68,-319319.68,62592.39,162233.69,701317.42,7441.66,493310.18,493310.18,216156.89,143598.17,162564.06,2077945.75,-82784.69,765637.31,765637.31,267022.61,132239.01,1704000,42.0,256361.68,1347773.44,370545.54,501441.72,570618.73,571642.02,484932.22,5177525.33,881399.68,1340433.46,1753803.13,1765372.97,2836383,7635759,4692383,6569336,6569336,6569336,128.0,152.0,240.0,240.0,240.0,240.0
317,13606,381572.25,342692.78,6400,57824.57,125006.79,7853,175621.61,159893.22,5200,-972634.45,55453.01,1536,34613.38,31674.12,0,-113320.77,12836.21,7715,173315.51,160165.57,3900,-309168.67,62264.63,173834.76,378943.6,-318240.1,67887.67,162710.07,703317.82,7462.13,494495.55,494495.55,216780.64,144034.45,164945.09,2093634.58,-82690.80,773499.00,773499.00,270314.59,134379.39,1704000,42.0,257097.40,1350126.03,371597.68,502856.56,572228.35,573251.49,489740.56,5210049.42,888856.75,1351242.34,1767387.57,1778967.36,2836383,7635759,4692383,6569336,6569336,6569336,128.0,152.0,240.0,240.0,240.0,240.0
318,13634,382346.63,343467.16,6400,63000.09,125232.6,7871,176009.17,160280.79,5200,-973506.46,55550.8,1541,34711.68,31772.43,0,-113103.69,12862.14,7733,173727.64,160577.69,3900,-307922.7,62370.29,174246.79,379717.98,-317107.91,73311.78,163186.05,705316.39,7482.59,495680.33,495680.33,217403.86,144470.36,167389.73,2109476.59,-82596.75,781426.19,781426.19,273690.00,136576.58,1704000,42.0,257832.52,1352452.04,372648.97,504270.05,573836.45,574859.42,494615.92,5242774.92,896383.56,1362129.56,1781054.66,1792640.28,2836383,7635759,4692383,6569336,6569336,6569336,128.0,152.0,240.0,240.0,240.0,240.0
319,13662,383120.96,344241.49,6400,68182.3,125458.4,7889,176396.63,160668.25,5200,-974427.37,55648.56,1545,34809.93,31870.68,0,-112958.26,12888.06,7752,174139.65,160989.7,3900,-306748.3,62475.93,174658.71,380492.31,-316011.35,78706.79,163661.62,707313.10,7503.02,496864.52,496864.52,218026.54,144905.91,169895.67,2125229.97,-82501.16,789304.19,789304.19,276998.62,138727.98,1704000,42.0,258567.03,1354755.45,373699.42,505682.18,575442.99,576465.82,499443.66,5275270.31,903865.62,1372980.83,1794690.13,1806283.39,2836383,7635759,4692383,6569336,6569336,6569336,128.0,152.0,240.0,240.0,240.0,240.0
320,13690,383892.33,345012.86,6400,73292.35,125683.26,7906,176782.05,161053.66,5200,-975347.6,55745.58,1550,34905.12,31965.87,0,-112812.6,12912.84,7771,174548.54,161398.59,3900,-305562.34,62580.42,175067.52,381263.68,-314904.7,84081.15,164134.61,709303.36,7523.44,498045.94,498045.94,218638.40,145339.15,172406.18,2141005.73,-82405.79,797188.69,797188.69,280313.94,140883.21,1704000,42.0,259298.77,1357074.27,374737.06,507090.76,577045.81,578068.59,504278.71,5307965.59,911355.24,1383848.50,1808346.39,1819941.30,2836383,7635759,4692383,6569336,6569336,6569336,128.0,152.0,240.0,240.0,240.0,240.0
321,13718,384666.61,345787.14,6400,78402.01,125909.04,7924,177169.33,161440.95,5200,-976267.17,55843.3,1554,35003.24,32063.99,0,-112605.1,12938.71,7790,174960.32,161810.37,3900,-304314.45,62686.0,175479.21,382037.96,-313766.93,89446.88,164609.50,711284.12,7543.77,499229.07,499229.07,219252.72,145774.09,174923.56,2156817.48,-82310.44,805082.00,805082.00,283638.27,143044.54,1704000,42.0,260032.19,1359368.91,375776.00,508500.24,578649.33,579671.96,509124.40,5340637.17,918859.06,1394739.50,1822030.41,1833626.97,2836383,7635759,4692383,6569336,6569336,6569336,128.0,152.0,240.0,240.0,240.0,240.0
322,13746,385440.87,346561.4,6400,83511.26,126134.81,7942,177556.52,161828.14,5200,-977186.08,55941.0,1559,35101.3,32162.05,0,-112458.55,12964.57,7808,175371.97,162222.03,3900,-303127.42,62791.56,175890.78,382812.21,-312659.45,94781.77,165084.03,713262.95,7564.11,500411.65,500411.65,219866.59,146208.71,177447.29,2172661.47,-82214.96,812983.40,812983.40,286970.94,145211.53,1704000,42.0,260765.06,1361680.72,376813.99,509908.37,580251.32,581273.79,513980.03,5373357.14,926377.28,1405654.17,1835742.59,1847340.80,2836383,7635759,4692383,6569336,6569336,6569336,128.0,152.0,240.0,240.0,240.0,240.0
323,13774,386215.1,347335.63,6400,88620.12,126360.57,7959,177943.63,162215.25,5200,-978104.34,56038.69,1563,35199.31,32260.06,0,-112311.33,12990.41,7827,175783.52,162633.57,3900,-301939.64,62897.08,176302.24,383586.45,-311471.01,99893.19,165558.21,715239.83,7584.43,501593.69,501593.69,220480.00,146643.01,179977.38,2188537.69,-82119.25,820892.91,820892.91,290311.98,147384.18,1704000,42.0,261497.37,1363969.67,377851.03,511315.14,581851.75,582874.06,518845.66,5406433.77,933910.09,1416592.89,1849483.36,1861083.20,2836383,7635759,4692383,6569336,6569336,6569336,128.0,152.0,240.0,240.0,240.0,240.0
324,13802,386989.3,348109.83,6400,93728.59,126586.33,7977,178330.65,162602.27,5200,-979021.93,56136.35,1568,35297.25,32358.0,0,-112163.45,13016.23,7846,176194.94,163045.0,3900,-300751.1,63002.57,176713.58,384360.65,-310281.82,105004.22,166032.03,717214.73,7604.74,502775.19,502775.19,221092.93,147077.00,182513.92,2204446.59,-82023.22,828810.61,828810.61,293661.48,149562.55,1704000,42.0,262229.12,1366263.69,378887.10,512720.51,583450.59,584472.75,523721.40,5439284.35,941457.69,1427556.02,1863253.13,1874854.59,2836383,7635759,4692383,6569336,6569336,6569336,128.0,152.0,240.0,240.0,240.0,240.0
325,13830,387763.48,348884.01,6400,98890.06,126812.07,7995,178717.58,162989.2,5200,-979897.95,56234.0,1572,35395.13,32455.88,0,-111953.29,13042.03,7865,176606.25,163456.31,3900,-299500.21,63108.04,177124.81,385134.83,-309030.27,110168.26,166505.50,719187.63,7625.04,503956.13,503956.13,221705.40,147510.66,185103.39,2220486.72,-81926.81,836783.02,836783.02,297218.22,151788.25,1704000,42.0,262960.29,1368547.50,379922.19,514124.53,585047.89,586069.89,528653.82,5472442.35,949246.03,1438590.37,1877098.76,1888699.46,2836383,7635759,4692383,6569336,6569336,6569336,128.0,152.0,240.0,240.0,240.0,240.0
326,13857,388537.64,349658.17,6400,103996.76,127037.81,8012,179104.43,163376.05,5200,-980814.98,56331.63,1576,35492.95,32553.7,0,-111804.07,13067.82,7883,177017.45,163867.5,3900,-298310.17,63213.48,177535.92,385908.98,-307839.58,115277.52,166978.60,721158.50,7645.32,505125.98,505125.98,222317.40,147944.00,187650.17,2236683.69,-81828.91,844714.54,844714.54,300719.09,153975.73,1704000,42.0,263690.89,1370829.75,380956.29,515527.19,586643.62,587665.48,533547.33,5505374.59,957002.70,1449600.62,1890925.00,1902527.30,2836383,7635759,4692383,6569336,6569336,6569336,128.0,152.0,240.0,240.0,240.0,240.0
327,13885,389308.83,350429.36,6400,109102.57,127262.61,8030,179489.23,163760.85,5200,-981731.72,56428.51,1581,35588.23,32648.98,0,-111654.19,13092.66,7902,177426.05,164276.11,3900,-297119.39,63317.96,177944.44,386680.18,-306648.15,120385.9,167449.10,723122.61,7665.57,506293.02,506293.02,222925.99,148364.83,190202.19,2252914.50,-81731.10,852653.12,852653.12,304226.84,156167.89,1704000,42.0,264418.67,1373099.19,381987.15,516926.22,588235.54,589257.36,538449.92,5538512.05,964775.80,1460635.02,1904780.14,1916384.04,2836383,7635759,4692383,6569336,6569336,6569336,128.0,152.0,240.0,240.0,240.0,240.0
328,13913,390082.93,351203.46,6400,114207.5,127488.34,8048,179875.9,164147.52,5200,-982648.19,56526.09,1585,35685.97,32746.72,0,-111503.64,13118.42,7921,177837.06,164687.12,3900,-295927.86,63423.36,178355.36,387454.28,-305455.98,125493.4,167921.47,725089.35,7685.75,507461.71,507461.71,223537.02,148787.32,192759.52,2269179.64,-81633.23,860598.84,860598.84,307741.57,158364.80,1704000,42.0,265148.09,1375362.61,383019.23,518326.08,589828.09,590849.76,543361.73,5571617.25,972565.57,1471693.95,1918664.62,1930270.13,2836383,7635759,4692383,6569336,6569336,6569336,128.0,152.0,240.0,240.0,240.0,240.0
329,13941,390857.01,351977.54,6400,119311.55,127714.05,8065,180262.49,164534.11,5200,-983564.39,56623.66,1590,35783.67,32844.42,0,-111352.43,13144.17,7939,178247.98,165098.03,3900,-294735.59,63528.74,178766.19,388228.36,-304263.07,130600.02,168393.46,727054.00,7705.93,508629.81,508629.81,224147.56,149209.48,195322.23,2285479.63,-81535.16,868551.80,868551.80,311263.38,160566.53,1704000,42.0,265876.92,1377632.97,384050.29,519724.52,591419.02,592440.53,548282.88,5604777.73,980372.26,1482777.83,1932578.92,1944186.02,2836383,7635759,4692383,6569336,6569336,6569336,128.0,152.0,240.0,240.0,240.0,240.0
330,13969,391631.06,352751.6,6400,124414.71,127939.76,8083,180648.99,164920.6,5200,-984480.31,56721.21,1594,35881.34,32942.09,0,-111200.56,13169.92,7958,178658.8,165508.86,3900,-293542.58,63634.09,179176.94,389002.41,-303069.43,135705.76,168865.08,729016.52,7726.10,509797.32,509797.32,224757.61,149631.30,197890.41,2301815.00,-81436.89,876512.11,876512.11,314792.36,162773.13,1704000,42.0,266605.15,1379884.31,385080.31,521121.53,593008.31,594029.67,553213.51,5638002.62,988196.11,1493885.99,1946522.27,1958130.95,2836383,7635759,4692383,6569336,6569336,6569336,128.0,152.0,240.0,240.0,240.0,240.0
331,13996,392380.44,353500.97,6400,129517.03,128157.26,8100,181023.53,165295.15,5200,-985395.94,56814.29,1599,35978.97,33039.72,0,-111048.02,13195.65,7977,179069.54,165919.59,3900,-292348.84,63739.43,179582.89,389771.18,-301875.04,140810.62,169328.43,730945.94,7746.25,510949.97,510949.97,225357.70,150045.43,200464.16,2318186.40,-81338.34,884672.13,884672.13,318328.67,164984.73,1704000,42.0,267323.10,1382081.13,386094.51,522502.10,594580.58,595583.69,558153.80,5671248.62,996037.44,1505018.79,1960495.07,1972105.35,2836383,7635759,4692383,6569336,6569336,6569336,128.0,152.0,240.0,240.0,240.0,240.0
332,14023,393130.06,354250.59,6400,134672.41,128374.83,8117,181401.71,165673.33,5200,-986269.99,56908.71,1603,36076.55,33137.3,0,-110843.95,13221.37,7995,179480.18,166330.23,3900,-291103.48,63844.75,179990.76,390540.06,-300629.03,145968.51,169796.72,732888.99,7766.19,512105.50,512105.50,225963.92,150464.10,203091.41,2334695.42,-81239.46,892887.91,892887.91,321935.04,167344.71,1704000,42.0,268046.23,1384223.48,387115.07,523888.64,596147.61,597146.09,563151.72,5704675.41,1003944.34,1516224.44,1974545.61,1986155.09,2836383,7635759,4692383,6569336,6569336,6569336,128.0,152.0,240.0,240.0,240.0,240.0
333,14050,393877.35,354997.88,6400,139773.05,128591.67,8135,181775.64,166047.25,5200,-987185.04,57001.59,1607,36174.11,33234.85,0,-110691.02,13247.08,8014,179890.73,166740.78,3900,-289909.19,63950.04,180396.28,391307.83,-299434.09,151071.62,170261.76,734825.99,7786.11,513255.33,513255.33,226565.70,150879.92,205676.53,2351140.43,-81139.09,901063.88,901063.88,325486.28,169667.01,1704000,42.0,268766.09,1386487.71,388132.71,525271.86,597710.93,598706.44,568111.72,5737941.03,1011821.37,1527407.64,1988578.62,2000189.71,2836383,7635759,4692383,6569336,6569336,6569336,128.0,152.0,240.0,240.0,240.0,240.0
334,14078,394625.95,355746.48,6400,144872.84,128808.92,8152,182153.84,166425.45,5200,-988099.8,57096.03,1612,36269.12,33329.87,0,-110537.88,13271.85,8033,180298.69,167148.74,3900,-288714.63,64054.39,180800.19,392076.19,-298238.86,156173.87,170730.43,736772.20,7805.95,514406.59,514406.59,227172.05,151299.05,208267.44,2367623.07,-81038.81,909247.98,909247.98,329045.14,171994.50,1704000,42.0,269489.56,1388646.15,389154.54,526658.92,599277.76,600271.77,573081.78,5771395.03,1019716.64,1538616.62,2002642.40,2014255.09,2836383,7635759,4692383,6569336,6569336,6569336,128.0,152.0,240.0,240.0,240.0,240.0
335,14104,395371.38,356491.91,6400,149971.81,129025.17,8169,182530.76,166802.38,5200,-989014.29,57190.03,1616,36366.6,33427.34,0,-110384.55,13297.54,8051,180709.05,167559.11,3900,-287519.8,64159.65,181205.86,392843.06,-297043.37,161275.25,171198.80,738716.82,7825.83,515557.35,515557.35,227777.98,151717.93,210864.23,2384143.90,-80938.46,917440.33,917440.33,332611.71,174327.24,1704000,42.0,270212.55,1390893.18,390175.70,528044.96,600843.22,601835.94,578062.06,5804829.89,1027630.42,1549851.78,2016737.41,2028351.70,2836383,7635759,4692383,6569336,6569336,6569336,128.0,152.0,240.0,240.0,240.0,240.0
336,14131,396109.73,357230.27,6400,155522.68,129239.19,8186,182903.81,167175.43,5200,-989676.82,57282.63,1621,36464.03,33524.78,0,-110231.02,13323.23,8070,181119.33,167969.38,3900,-286324.71,64264.89,181609.39,393606.58,-295749.67,166472.46,171663.90,740653.50,7845.72,516704.63,516704.63,228379.60,152133.88,213635.84,2401366.11,-80837.88,925946.43,925946.43,336388.74,176822.64,1704000,42.0,270932.07,1393064.01,391193.15,529426.95,602404.30,603396.04,583259.68,5839540.16,1035879.22,1561434.10,2031192.76,2043161.83,2836383,7635759,4692383,6569336,6569336,6569336,128.0,152.0,240.0,240.0,240.0,240.0
337,14158,396851.97,357972.5,6400,161067.71,129454.43,8203,183279.38,167551.0,5200,-990417.48,57376.15,1625,36561.43,33622.18,0,-110077.3,13348.9,8089,181529.52,168379.57,3900,-285129.36,64370.1,182014.23,394371.92,-294497.62,171666.45,172131.66,742594.91,7865.55,517854.39,517854.39,228984.70,152552.21,216299.42,2418289.00,-80732.88,934386.35,934386.35,340031.74,179218.90,1704000,42.0,271653.99,1395271.40,392212.85,530800.44,603966.97,604957.73,588343.72,5872730.39,1043988.14,1572883.94,2045721.61,2057788.22,2836383,7635759,4692383,6569336,6569336,6569336,128.0,152.0,240.0,240.0,240.0,240.0
338,14185,397586.92,358707.45,6400,166654.07,129667.37,8221,183653.69,167925.31,5200,-991070.08,57469.23,1629,36651.74,33712.49,0,-109923.35,13371.78,8107,181929.1,168779.15,3900,-283933.72,64471.27,182411.06,395126.79,-293198.36,176879.39,172599.10,744534.70,7885.40,519000.69,519000.69,229589.37,152970.28,219030.59,2435334.13,-80627.78,942943.78,942943.78,343766.94,181674.34,1704000,42.0,272375.41,1397471.46,393231.88,532172.79,605528.32,606518.23,593495.07,5907063.67,1052155.78,1584400.50,2060325.45,2072453.99,2836383,7635759,4692383,6569336,6569336,6569336,128.0,152.0,240.0,240.0,240.0,240.0
339,14211,398322.74,359443.27,6400,172215.32,129880.58,8238,184025.69,168297.3,5200,-991814.31,57561.48,1634,36746.75,33807.5,0,-109717.85,13396.39,8125,182333.33,169183.38,3900,-282686.47,64574.14,182808.97,395882.19,-291867.65,182080.08,173063.69,746467.45,7905.26,520143.93,520143.93,230190.28,153385.78,221681.66,2452174.49,-80520.99,951466.20,951466.20,347401.36,184056.76,1704000,42.0,273093.76,1399660.43,394247.65,533541.42,607085.77,608075.06,598566.34,5940505.43,1060229.85,1595829.73,2074849.48,2087008.44,2836383,7635759,4692383,6569336,6569336,6569336,128.0,152.0,240.0,240.0,240.0,240.0
340,14238,399061.86,360182.4,6400,177833.37,130094.84,8255,184399.81,168671.43,5200,-992533.22,57654.51,1638,36837.93,33898.68,0,-109563.46,13419.6,8143,182732.16,169582.22,3900,-281490.28,64675.06,183205.33,396638.01,-290574.61,187306.97,173530.44,748403.87,7925.05,521289.17,521289.17,230794.02,153803.24,224336.81,2469041.25,-80415.06,959994.76,959994.76,351041.63,186442.65,1704000,42.0,273814.12,1401845.05,395265.29,534911.49,608644.49,609633.12,603645.08,5974546.77,1068314.63,1607276.16,2089397.99,2101583.03,2836383,7635759,4692383,6569336,6569336,6569336,128.0,152.0,240.0,240.0,240.0,240.0
341,14265,399800.94,360921.47,6400,183579.9,130309.08,8272,184773.83,169045.45,5200,-993171.92,57747.52,1642,36932.87,33993.62,0,-109408.88,13444.18,8162,183133.19,169983.24,3900,-280293.82,64776.78,183608.38,397368.94,-289238.57,192593.76,173996.82,750338.58,7944.86,522433.85,522433.85,231397.27,154220.36,227059.96,2486070.30,-80309.75,968593.44,968593.44,354771.39,188889.22,1704000,42.0,274525.58,1404041.34,396282.24,536280.43,610201.93,611189.98,608795.41,6008445.90,1076474.65,1618804.49,2104035.74,2116240.02,2836383,7635759,4692383,6569336,6569336,6569336,128.0,152.0,240.0,240.0,240.0,240.0
342,14291,400539.96,361660.49,6400,189253.92,130523.31,8289,185147.75,169419.37,5200,-993865.23,57840.5,1646,37027.77,34088.52,0,-109254.09,13468.75,8180,183532.6,170382.66,3900,-279097.08,64877.94,184010.58,398098.29,-287931.61,197846.09,174462.83,752271.54,7964.67,523577.96,523577.96,232000.01,154637.15,229723.62,2502990.50,-80202.99,977134.53,977134.53,358423.66,191282.46,1704000,42.0,275236.49,1406214.96,397298.49,537648.22,611758.05,612745.58,613891.30,6042195.33,1084582.75,1630476.88,2118634.70,2130858.26,2836383,7635759,4692383,6569336,6569336,6569336,128.0,152.0,240.0,240.0,240.0,240.0
343,14318,401275.59,362396.12,6400,195060.38,130736.46,8306,185519.33,169790.95,5200,-994533.61,57932.65,1651,37119.31,34180.06,0,-108952.43,13492.1,8198,183927.1,170777.15,3900,-277682.28,64977.32,184410.28,398820.8,-286459.76,203285.05,174925.91,754197.35,7984.47,524718.96,524718.96,232598.92,155051.32,232391.62,2519937.34,-80096.88,985745.01,985745.01,362081.93,193679.47,1704000,42.0,275944.28,1408391.18,398311.45,539012.28,613310.28,614297.48,618995.01,6076256.45,1092701.37,1642168.22,2133256.99,2145497.17,2836383,7635759,4692383,6569336,6569336,6569336,128.0,152.0,240.0,240.0,240.0,240.0
344,14345,402010.79,363131.33,6400,200849.53,130949.48,8323,185893.05,170164.66,5200,-995154.64,58025.58,1655,37214.13,34274.88,0,-108748.07,13516.65,8216,184324.82,171174.87,3900,-276364.7,65077.88,184811.54,399544.8,-285011.22,208713.11,175385.45,756126.74,8004.19,525861.94,525861.94,233200.65,155467.42,235118.71,2537027.37,-79991.16,994416.48,994416.48,365817.83,196129.23,1704000,42.0,276654.04,1410556.71,399326.22,540377.69,614863.69,615850.47,624161.42,6110223.17,1100885.64,1653933.83,2147957.95,2160209.78,2836383,7635759,4692383,6569336,6569336,6569336,128.0,152.0,240.0,240.0,240.0,240.0
345,14371,402749.67,363870.2,6400,206576.86,131163.66,8340,186266.66,170538.28,5200,-995822.1,58118.49,1659,37308.92,34369.67,0,-108465.49,13541.19,8234,184721.93,171571.98,3900,-274937.72,65178.23,185212.27,400269.73,-283532.82,214131.72,175844.68,758054.78,8023.92,527004.42,527004.42,233801.94,155883.26,237796.92,2554031.08,-79884.08,1003040.85,1003040.85,369489.95,198535.17,1704000,42.0,277363.33,1412736.14,400340.47,541742.12,616415.94,617402.58,629281.76,6144153.38,1109025.94,1665663.26,2162626.69,2174890.96,2836383,7635759,4692383,6569336,6569336,6569336,128.0,152.0,240.0,240.0,240.0,240.0
346,14398,403488.5,364609.03,6400,212303.81,131377.82,8357,186640.17,170911.79,5200,-996488.92,58211.37,1663,37400.82,34461.57,0,-108260.69,13564.69,8252,185116.1,171966.16,3900,-273557.36,65277.53,185611.48,400995.04,-282195.24,220006.14,176303.50,759980.86,8043.64,528146.30,528146.30,234402.69,156298.73,240480.69,2571063.39,-79777.49,1011672.54,1011672.54,373169.56,200946.02,1704000,42.0,278072.02,1414895.09,401353.92,543105.26,617966.75,618953.23,634563.94,6178186.12,1117177.01,1677411.30,2177317.99,2189593.06,2836383,7635759,4692383,6569336,6569336,6569336,128.0,152.0,240.0,240.0,240.0,240.0
347,14425,404227.28,365347.81,6400,218030.37,131591.97,8374,187013.58,171285.2,5200,-997155.12,58304.23,1668,37495.5,34556.25,0,-108055.69,13589.2,8270,185513.01,172363.06,3900,-272145.62,65377.84,186012.01,401721.93,-280841.84,225907.54,176761.92,761905.15,8063.35,529287.62,529287.62,235002.93,156713.85,243170.19,2588125.28,-79670.98,1020311.76,1020311.76,376856.82,203361.91,1704000,42.0,278780.12,1417058.86,402366.54,544467.10,619516.08,620502.41,639855.00,6212196.91,1125339.28,1689178.52,2192032.46,2204316.96,2836383,7635759,4692383,6569336,6569336,6569336,128.0,152.0,240.0,240.0,240.0,240.0
348,14452,404966.0,366086.54,6400,223817.99,131806.1,8391,187386.89,171658.5,5200,-997773.63,58397.06,1672,37590.13,34650.88,0,-107782.21,13613.69,8288,185909.81,172759.86,3900,-270634.22,65478.12,186408.72,402460.66,-279438.48,231931.32,177219.96,763827.65,8083.04,530428.36,530428.36,235602.65,157128.62,245920.02,2605332.38,-79564.33,1029013.08,1029013.08,380623.22,205831.70,1704000,42.0,279487.63,1419196.75,403378.34,545827.63,621063.91,622050.10,645209.61,6246398.26,1133567.68,1701020.00,2206825.23,2219115.23,2836383,7635759,4692383,6569336,6569336,6569336,128.0,152.0,240.0,240.0,240.0,240.0
349,14478,405704.68,366825.22,6400,229611.96,132020.22,8408,187760.09,172031.71,5200,-998438.57,58489.87,1676,37684.7,34745.45,0,-107576.78,13638.17,8306,186306.49,173156.54,3900,-269190.79,65578.37,186805.32,403199.34,-278068.96,237927.46,177677.60,765748.34,8102.71,531568.54,531568.54,236201.86,157543.03,248726.59,2622455.08,-79456.22,1037667.63,1037667.63,384326.13,208257.99,1704000,42.0,280194.56,1421315.29,404389.30,547186.82,622610.23,623596.28,650518.93,6280366.69,1141753.51,1712827.22,2221587.82,2233885.03,2836383,7635759,4692383,6569336,6569336,6569336,128.0,152.0,240.0,240.0,240.0,240.0
350,14505,406440.55,367561.08,6400,235337.37,132233.44,8425,188131.36,172402.98,5200,-999102.89,58581.98,1681,37776.37,34837.12,0,-107371.14,13661.58,8324,186700.22,173550.27,3900,-267736.39,65677.55,187198.97,403935.2,-276689.87,243903.96,178132.78,767662.83,8122.36,532706.07,532706.07,236790.76,157955.25,251537.44,2639598.79,-79348.30,1046328.26,1046328.26,388035.32,210687.86,1704000,42.0,280898.83,1423446.79,405388.07,548542.60,624152.97,625138.97,655835.10,6314545.76,1149946.41,1724649.87,2236369.97,2248668.73,2836383,7635759,4692383,6569336,6569336,6569336,128.0,152.0,240.0,240.0,240.0,240.0
351,14532,407179.18,368299.71,6400,241062.4,132447.55,8442,188504.4,172776.01,5200,-999766.58,58674.75,1685,37870.82,34931.57,0,-107106.77,13686.02,8343,187096.68,173946.73,3900,-266223.19,65777.75,187595.35,404673.83,-275281.24,249872.27,178589.74,769568.25,8141.94,533845.21,533845.21,237382.00,158369.06,254354.75,2656776.44,-79240.43,1054997.19,1054997.19,391752.99,213123.49,1704000,42.0,281604.68,1425556.11,406388.04,549899.21,625696.33,626682.19,661161.29,6348681.26,1158152.71,1736494.54,2251178.30,2263478.60,2836383,7635759,4692383,6569336,6569336,6569336,128.0,152.0,240.0,240.0,240.0,240.0
352,14558,407917.79,369038.32,6400,246787.05,132661.64,8459,188877.35,173148.97,5200,-1000429.66,58767.51,1689,37965.22,35025.97,0,-106900.29,13710.44,8361,187493.03,174343.08,3900,-264767.78,65877.92,187991.62,405412.44,-273901.38,255811.27,179046.36,771471.79,8161.51,534983.83,534983.83,237972.79,158782.56,257178.05,2673984.51,-79132.42,1063673.74,1063673.74,395478.53,215564.46,1704000,42.0,282309.99,1427681.08,407387.09,551254.49,627238.19,628223.90,666496.86,6382868.56,1166372.59,1748361.54,2266013.20,2278315.03,2836383,7635759,4692383,6569336,6569336,6569336,128.0,152.0,240.0,240.0,240.0,240.0
353,14585,408656.37,369776.9,6400,252511.31,132875.73,8477,189250.22,173521.84,5200,-1001092.12,58860.24,1693,38059.56,35120.31,0,-106693.17,13734.85,8379,187889.27,174739.32,3900,-263311.67,65978.06,188387.78,406151.03,-272444.63,261537.96,179502.64,773373.41,8181.08,536121.93,536121.93,238563.12,159195.76,260007.35,2691222.99,-79024.21,1072357.93,1072357.93,399211.94,218010.79,1704000,42.0,283014.75,1429784.31,408385.21,552608.43,628778.52,629764.08,671841.85,6417389.65,1174606.23,1760251.24,2280875.06,2293178.42,2836383,7635759,4692383,6569336,6569336,6569336,128.0,152.0,240.0,240.0,240.0,240.0
354,14612,409394.93,370515.46,6400,258235.19,133089.81,8494,189623.01,173894.63,5200,-1001753.96,58952.95,1698,38153.84,35214.59,0,-106485.44,13759.23,8397,188285.4,175135.45,3900,-261854.85,66078.17,188783.83,406889.58,-270987.19,267264.28,179958.57,775273.10,8200.63,537259.50,537259.50,239153.00,159608.64,262842.71,2708492.33,-78915.68,1081049.83,1081049.83,402953.32,220462.52,1704000,42.0,283718.95,1431892.69,409382.38,553961.01,630317.30,631302.72,677196.37,6451672.27,1182853.81,1772163.98,2295764.28,2308069.16,2836383,7635759,4692383,6569336,6569336,6569336,128.0,152.0,240.0,240.0,240.0,240.0
355,14639,410133.46,371254.0,6400,264009.43,133303.88,8511,189995.72,174267.34,5200,-1002376.33,59045.65,1702,38248.06,35308.81,0,-106218.57,13783.6,8415,188681.42,175531.47,3900,-260338.82,66178.25,189179.77,407628.12,-269470.54,273040.95,180414.14,777170.83,8220.17,538396.53,538396.53,239742.42,160021.21,265728.29,2725886.06,-78806.80,1089793.61,1089793.61,406890.48,222959.15,1704000,42.0,284422.60,1433990.63,410378.58,555312.27,631854.57,632839.84,682604.63,6486266.99,1191329.04,1784144.20,2310725.36,2323029.48,2836383,7635759,4692383,6569336,6569336,6569336,128.0,152.0,240.0,240.0,240.0,240.0
356,14665,410871.98,371992.51,6400,269731.61,133517.94,8528,190368.34,174639.96,5200,-1003037.66,59138.32,1706,38342.22,35402.97,0,-106009.57,13807.94,8433,189077.33,175927.38,3900,-258880.59,66278.31,189575.59,408366.63,-268011.69,278765.57,180869.36,779066.59,8239.69,539523.01,539523.01,240331.38,160433.46,268573.29,2743428.66,-78696.51,1098498.51,1098498.51,410774.53,225419.47,1704000,42.0,285125.67,1436087.43,411373.82,556662.19,633390.31,634375.43,687975.89,6520620.23,1199774.10,1796101.40,2325667.83,2337973.45,2836383,7635759,4692383,6569336,6569336,6569336,128.0,152.0,240.0,240.0,240.0,240.0
357,14692,411607.67,372728.2,6400,275452.95,133731.11,8544,190739.02,175010.64,5200,-1003698.72,59230.3,1710,38433.98,35494.73,0,-105799.95,13831.42,8451,189470.78,176320.83,3900,-257421.66,66377.49,189968.96,409102.33,-266552.14,284489.36,181322.10,780955.85,8259.19,540646.81,540646.81,240917.09,160838.40,271423.21,2761003.18,-78586.30,1107210.04,1107210.04,414665.06,227884.19,1704000,42.0,285826.06,1438171.67,412365.96,558008.63,634922.37,635907.46,693355.70,6555190.24,1208234.65,1808081.37,2340637.57,2352944.68,2836383,7635759,4692383,6569336,6569336,6569336,128.0,152.0,240.0,240.0,240.0,240.0
358,14719,412346.14,373466.67,6400,281173.45,133945.16,8561,191111.48,175383.1,5200,-1004359.53,59322.94,1715,38528.07,35588.82,0,-105589.7,13855.75,8469,189866.51,176716.56,3900,-255962.03,66477.5,190364.62,409840.79,-265091.89,290212.3,181776.60,782847.56,8278.62,541772.17,541772.17,241505.10,161244.91,274278.13,2778610.11,-78476.04,1115928.29,1115928.29,418562.14,230353.38,1704000,42.0,286527.98,1440251.08,413359.22,559355.81,636454.98,637439.93,698744.19,6589709.94,1216710.91,1820084.50,2355634.98,2367943.59,2836383,7635759,4692383,6569336,6569336,6569336,128.0,152.0,240.0,240.0,240.0,240.0
359,14745,413084.58,374205.11,6400,286893.1,134159.2,8578,191483.85,175755.47,5200,-1005020.09,59415.57,1719,38622.12,35682.87,0,-105378.82,13880.06,8487,190262.15,177112.21,3900,-254501.7,66577.5,190760.18,410579.23,-263630.95,295934.39,182230.74,784737.22,8298.04,542896.96,542896.96,242092.63,161651.10,277138.12,2796249.95,-78365.60,1124653.36,1124653.36,422465.88,232827.10,1704000,42.0,287229.32,1442335.86,414351.48,560701.60,637986.01,638970.81,704141.48,6624289.58,1225203.13,1832111.16,2370660.52,2382970.61,2836383,7635759,4692383,6569336,6569336,6569336,128.0,152.0,240.0,240.0,240.0,240.0
360,14772,413822.99,374943.52,6400,292611.91,134373.24,8595,191856.15,176127.76,5200,-1005680.4,59508.17,1723,38716.14,35776.89,0,-105167.32,13904.37,8505,190657.71,177507.77,3900,-253040.68,66677.48,191155.66,411317.65,-262169.32,301655.64,182684.50,786624.79,8317.45,544021.17,544021.17,242679.68,162056.95,280003.24,2813923.18,-78254.97,1133385.33,1133385.33,426376.38,235305.41,1704000,42.0,287930.06,1444403.02,415342.72,562045.98,639515.42,640500.08,709547.70,6658924.61,1233711.54,1844160.73,2385713.45,2398025.01,2836383,7635759,4692383,6569336,6569336,6569336,128.0,152.0,240.0,240.0,240.0,240.0
