day,pages,posts_p10,posts_p50,posts_p90,views_p10,views_p50,views_p90,buyers_p10,buyers_p50,buyers_p90,members_p10,members_p50,members_p90,booked_p10,booked_p50,booked_p90,retained_p10,retained_p50,retained_p90,cash_p10,cash_p50,cash_p90,cost_p10,cost_p50,cost_p90,paid_p10,paid_p50,paid_p90,v_ig_p10,v_ig_p50,v_ig_p90,v_fb_p10,v_fb_p50,v_fb_p90,v_tt_p10,v_tt_p50,v_tt_p90,v_yt_p10,v_yt_p50,v_yt_p90,v_th_p10,v_th_p50,v_th_p90,v_x_p10,v_x_p50,v_x_p90
1,4,192,192,192,405692.47259810433,561888.4104747033,1225088.7085442236,285.33500442103184,341.56554205660746,580.3176493616348,285.33500442103184,341.56554205660746,580.3176493616348,6776.706354999506,8112.181623844426,13782.544172338827,4066.0238129997033,4867.308974306657,8269.526503403295,-11755.753881872522,-11101.230423794423,-8322.155894763902,77.05333333333333,77.05333333333333,77.05333333333333,0,0,0,149895.8930885228,195061.8701965846,329677.92202823237,116813.51985188694,157122.601789106,621395.0085025118,43814.841709435845,61393.12716127358,305016.77464371483,14604.544940624231,19665.99194326675,58384.11226693595,8023.190879190758,10925.088828625581,37841.245451804396,7743.000316498109,9976.100210366534,27740.66435062418
2,4,192,192,192,700509.9085609771,937338.8657208533,1829451.3076060875,391.46928136766604,476.7277059452215,797.8881850239059,713.2607580340789,881.5343906902808,1270.4546428150836,16939.94300330937,20936.44177889417,30173.29776685823,10163.965801985622,12561.865067336501,18103.97866011494,-6851.75144314999,-4893.046359031798,-372.4654557432996,77.05333333333333,77.05333333333333,77.05333333333333,0,0,0,253549.07048867896,324269.4142716798,598346.8007153056,193879.11472994497,267409.5625713427,941371.7775656597,72791.36770048922,107510.5012361375,360111.1081806751,24949.13926740331,33703.73196875726,104301.34607624343,13648.282538259684,18246.81535399101,91386.27628360652,12888.913284908664,18078.458641467987,72572.33174089302
3,5,290,290,290,1460624.1855325198,2046767.1858840054,3021293.9342311085,665.1104210774215,876.1219012039563,1226.9515306089133,1445.0029726078196,1830.0344333886922,2307.2863156995927,34318.82059943572,43463.31779298144,54798.049997865324,20591.29235966143,26077.990675788864,32878.82999871919,1555.0557122661312,6036.8219157554895,11592.033825854367,110.67222222222222,110.67222222222222,110.67222222222222,0,0,0,521526.9152669256,690590.0681559311,1996112.9590405414,408067.3800569438,573869.4817837918,1852747.4555180368,172602.60220451743,261980.45709194549,972666.2106984208,42931.07774937818,59498.596715132146,146146.32563294013,31721.10421267421,42465.999400766195,197218.0972586156,30970.97372597087,44013.06213345399,171656.0497763918
4,5,290,290,441,1942741.2376718833,2743891.054360095,3657326.307458665,763.6725598475923,1052.0864938553484,1380.923184970834,2380.421752439742,2848.671101785103,3613.080951380764,56535.016620443865,67655.93866739619,85810.67259529314,33921.00997226632,40593.56320043771,51486.40355717589,12332.658087287484,17783.080513667483,26467.268399468532,110.67222222222222,110.67222222222222,322.9902499893266,0,0,161.60024998932664,672806.8037649032,837447.2463578705,2100905.176117041,545477.1027172143,811578.4507007353,2924654.731429497,226537.03965066612,331017.71742927737,1352035.7603290372,57282.28816155197,77311.42629136266,273766.69585050724,42171.94628327171,62017.13894851077,274469.476226589,40731.18061425928,62029.963498905025,267362.13540576916
5,7,441,441,441,2562647.29221848,3374350.9278214835,4424901.159896754,989.4714469003325,1280.8445003552754,1659.52300179984,3569.3578512286867,4166.345846429525,5073.097804943418,84772.2489666813,98950.71385270123,120486.07286740617,50863.34938000879,59370.42831162073,72291.6437204437,25834.733683605005,32706.978702421882,43078.83371445653,331.67508310221933,387.2796933369809,478.05336297646573,170.28508310221935,225.88969333698094,316.66336297646575,884490.1226722335,1135161.291227471,3185726.7048128005,730018.9253693931,1006027.8126341216,3294047.710867065,340623.16285561625,481678.93610181415,1822650.528645394,66272.72955947192,86854.48616678442,206434.72257346753,59060.069505653926,81647.28901623476,292272.52446486003,56944.05576799247,79638.81808069399,270294.21378034103
6,7,441,441,441,2905100.615299403,3738524.2225457495,4788515.143175004,1115.2935353399207,1413.3316519262303,1791.878733450329,4923.930868091178,5526.1626847656735,6642.59197731155,116943.35811716548,131246.36376318475,157761.5594611493,70166.01487029929,78747.81825791085,94656.93567668958,41294.6756915793,48027.856168464124,60651.126187806454,472.8612448334066,543.753569263506,651.4303643370308,311.4712448334066,382.3635692635061,490.04036433703084,972213.9514182688,1372686.7927519043,2980692.057978796,822299.1665743012,1123639.3889822604,3834021.0309864487,363060.3116513876,509361.95784818317,1541632.8835251576,75465.57977019975,104441.19096066502,345331.036777536,63193.099571266575,87538.91858817895,338465.02350652555,63393.28734174513,91719.3245742475,345369.504248889
7,7,441,441,441,3197758.87012122,4067096.3480566815,5169971.5501198275,1223.2303367284285,1534.2378500864145,1934.1631873969432,6310.8652505127175,7119.837696246348,8283.699817475153,149883.04969967704,169096.1452858508,196737.87066503486,89929.82981980623,101457.68717151046,118042.7223990209,56690.21985050634,65886.23655021071,79037.31154140715,633.7167905858274,705.2318188159238,837.8077973057465,472.32679058582744,543.8418188159238,676.4177973057465,1109815.8409042112,1412326.5564257815,3865452.2997810454,907864.4802523839,1283450.4653089608,3833948.5314480904,387876.6258627476,602006.7115130551,1850748.7703979495,83872.3137292453,115342.43927904629,345979.8847317533,71634.71603331306,96984.00440802387,324533.1871592164,70189.40625932478,92903.62547591292,304307.400344158
8,7,511,511,511,4025200.6084522437,4829736.424199211,5737685.543425249,1521.6324322075657,1811.1046703314405,2137.9439130245537,8063.835914651316,8968.593286845797,10184.676358823745,191516.10297296874,213004.09056258766,241886.0635220639,114909.66178378122,127802.4543375526,145131.63811323835,76034.79740311383,86359.59142409454,100039.12866319966,806.1930262761631,902.2585042070317,1040.467131102952,621.2752484983853,717.3407264292539,855.5493533251743,1683368.4816735082,2087031.3671103308,4545690.836031188,993551.0059631183,1311538.3100155452,3990668.3090633955,430640.6119401998,607371.6648119586,2360442.832762234,90782.74888109083,121446.16011331746,372192.48153828236,76955.35733918847,103732.21472508747,362833.6179103928,74199.5101814683,107427.1221515413,370535.41386765
9,7,511,511,511,4147853.7210864886,4997291.261200682,6009082.477460354,1569.1696339328532,1874.921629171692,2238.2909937562963,9883.890589810224,10826.59398995692,12211.739806421978,234742.40150799282,257131.60726147686,290028.820402522,140845.4409047957,154278.96435688614,174017.29224151318,96574.93231903421,107248.11405693383,122382.28567933079,1014.3582926426213,1121.7982305907162,1266.2080953880973,829.4405148648435,936.8804528129384,1081.2903176103196,1761818.4806173386,2188671.889272988,4571709.968213811,1022302.910535129,1506452.2919231597,4250560.02672114,431737.90853789984,622534.3780558241,2163448.0498411045,95441.80173318711,130572.73379719337,427646.7440708487,80609.64420093369,104069.41109681377,375254.32679926796,83027.30737818868,114483.08912799567,400401.46923366387
10,7,511,511,511,4336931.80238717,5160111.27871503,6158969.01448213,1640.0039111441652,1935.478244929134,2294.8992468678302,11757.163645627214,12793.01800465986,14166.765950070383,279232.6365836463,303834.1776106716,336460.6913141716,167539.58195018777,182300.50656640297,201876.41478850294,116883.83391126107,128472.74462453707,144346.5208332206,1230.4897853177417,1342.4358140851623,1506.9218797903877,1045.572007539964,1157.5180363073844,1322.0041020126098,1836361.047043703,2283974.7456913046,4752079.377649019,1086727.275508252,1610476.66413061,4359493.189571418,467686.0675403126,696931.1865297615,2881865.134120009,95474.80630354825,125678.05219302168,375126.52888656285,82490.50768143061,106834.51015372551,440285.6193712383,82889.67894589633,110796.93369198008,377569.75301522476
11,7,511,511,511,4487274.725251548,5314125.839675408,6240386.324866167,1696.9990757638293,1994.7894500234504,2327.4287552834226,13761.025348118872,14821.823469157454,16245.723504859905,330589.33184940566,355743.21307941823,389974.3912988598,199932.89710939408,215129.30377564573,235667.96419869567,138645.12979191486,150313.93681415095,166359.20358696076,1452.940960696009,1575.9486658311357,1739.0812343486355,1268.0231829182312,1391.030888053358,1554.1634565708578,1936117.8356251786,2439558.6321578776,4786710.8312469395,1119484.8121652824,1691395.4601100069,4299269.519183715,482628.3583895346,706832.1810107126,2505011.9989245143,97747.60371303071,133099.75911739367,570532.6685916682,86044.77095630416,113496.57990390713,444892.3204284931,88276.17526738982,114915.31901218403,376511.59990503633
12,7,511,511,511,4749362.722188513,5501338.692956649,6458144.544090583,1793.5733826595929,2063.2725054472485,2411.0552584707057,15773.435964776265,16841.690448108297,18369.14738097389,383268.26457720523,409413.4991454168,446097.8344381645,232909.74619622383,249119.27863317428,272446.67507290584,160437.5115543321,172550.96697582715,188883.42244846467,1722.885253689395,1849.5219759081588,2020.6774794335752,1537.9674759116172,1664.604198130381,1835.7597016557972,1963070.4841151477,2533629.540558005,5060684.119595686,1188551.630634895,1765028.599125611,4389644.289758512,490600.26856901846,763864.8742658702,2754829.6582219037,100614.54467909916,135722.29322369077,488852.95891469443,88601.79169006395,124014.13249977937,398175.31319284637,90508.12229382497,128909.18796671357,392611.58938544587
13,7,511,511,511,4775584.248648239,5475540.065135032,6442061.428452568,1806.3317573914214,2056.666417378907,2405.0738481457965,17777.14925390439,18926.13586680544,20621.82242727827,439416.07452501537,467721.27267025324,510098.7391345926,270260.81908077066,286913.8600093595,314620.1347139064,181848.70861535295,194509.06855984862,212717.22777310293,1997.6923294129765,2132.7717663875637,2327.1667367186596,1812.7745516351986,1947.8539886097858,2142.248958940882,2054085.6814217952,2435711.9051911393,5202408.027606035,1235579.7050152589,1737283.6351475916,4282640.632274097,501580.115376095,798919.6082947386,2554571.182892938,104866.86663113337,141681.54476615007,759453.7810836276,94452.71520930684,128278.37561272956,388750.19200203073,93016.91001885396,120976.86201043162,396048.77611458814
14,7,511,511,511,4958499.543151607,5736737.0451700315,6629129.319990185,1875.9657004854732,2156.5476779591268,2476.7692196412904,19989.031389388354,21128.110791867475,22866.378475873815,499687.96895156376,529914.139162979,576677.1106829187,310048.0980554525,329047.6159345971,359132.20596878673,205033.3501452951,217374.48628168745,235763.98724228752,2308.951270117533,2447.7266111891067,2678.6122337269976,2124.0334923397554,2262.808833411329,2493.69445594922,2102536.184621344,2660653.2365498343,5314683.314379784,1260672.7261273013,1867900.4609748565,4432236.613932582,525669.0722997339,753627.2625531052,2451849.5253944346,105587.15329208059,140540.16563432047,443172.8082777539,97058.60760485454,136830.91727741473,494854.51813319616,97770.25372484318,134065.34768645893,400527.915990055
15,7,511,511,511,5164059.899282419,5869202.860259989,6746938.240217726,1889.9555010751776,2142.6637991069006,2461.248820433068,22079.226443660755,23286.793445414438,25093.41526985793,561170.6089865353,593746.8015004391,641889.9024228366,351372.3713949304,373482.7100902088,403088.19015564566,226669.73116524232,239908.8257340239,258512.13089949038,2640.5119282398823,2798.84124389942,3049.5461608510004,2455.5941504621046,2613.9234661216424,2864.6283830732227,2187876.347121561,2705595.9708446404,5082713.575163857,1319978.0705280444,1826861.9516008915,4408688.827231076,564026.9601759443,849471.3616592955,2208396.0209670262,110279.23950755724,155861.26118250628,675255.261140149,101738.42088232648,145658.13574293477,536970.7815600567,99691.32922322945,150080.86510249312,529682.0021896944
16,7,511,511,511,5239325.575076572,6003050.543157953,6824004.162337226,1923.6485997597456,2194.5385028199294,2492.855995536044,24234.90624683246,25487.668827482034,27349.429255789244,626000.1709741122,659969.7050983312,712432.1291628918,395154.70508743706,418427.931299862,453567.32978818915,248312.3351252192,262496.53719171387,281685.44480837916,2984.8808727355313,3169.1336951961844,3415.846029074825,2799.9630949577536,2984.2159174184067,3230.928251297047,2277685.055601415,2905025.9526178758,5553204.535546426,1362465.8837487148,1971115.7772283407,4642260.9821974905,565241.5323176206,798065.6985142139,2582258.3008989417,119110.65473712284,158389.33426605962,738980.4692248101,102250.03904182752,136087.6276198655,463749.86522167904,104225.94725940135,141330.36785614025,466474.8351976666
17,7,511,511,511,5402826.858779577,6131450.321718746,6994492.301635273,1984.837327326474,2245.5586331784875,2557.3437068715543,26449.931242877537,27775.48738914915,29623.00546659088,693564.4806513387,729833.1540373869,784633.2732829024,440645.7948030652,466513.93753101554,502193.25265100965,271685.9948887073,285472.4075735517,304428.7919401374,3349.73365350642,3543.677205276628,3836.5055260126874,3164.8158757286424,3358.75942749885,3651.5877482349097,2329903.7211951884,2935168.1873709685,5413150.991529937,1408870.1171139602,2014551.4686244852,4999899.72963601,587136.1982752377,858405.1037501263,3277372.0873729163,115289.25474006453,152693.25263136107,476554.71310526406,106093.6640731551,148031.13844511993,419498.79419422185,108070.88339644224,144578.8489984442,513103.93653549993
18,7,511,511,511,5502755.473769922,6203603.8859075,6997728.655708488,2024.9304757411628,2277.8505064165543,2564.163183417002,28682.82181706318,30016.514630933052,31927.891678266118,764086.5331929529,800445.3791145722,856833.434691316,490867.5389952188,515640.6960487315,553250.4366912232,293800.8850277212,307519.3389891375,326220.5350603431,3728.826067803321,3944.393923869574,4241.721549869524,3543.9082900255435,3759.476146091796,4056.803772091747,2410148.31225123,3011953.9087290913,5328594.9212148385,1455113.471624984,2006863.1394955993,4897048.139007718,594996.4960028238,870918.134628964,2813813.3664886956,121412.43587997167,157029.094268664,540976.3927849347,112286.03182212936,151924.0803025429,509442.65754501696,111586.41463181916,148694.9435067544,511792.1024291726
19,7,511,511,511,5786332.595431794,6450451.475873874,7211347.392733784,2132.682803055464,2372.1434589995583,2647.7447591273217,31160.072218520672,32375.300149920393,34285.997342448594,838182.127158391,874633.3124020451,932065.9544062084,542781.7977998592,567288.7904287974,605883.8445995754,317711.85099388217,330587.47255428985,349891.1350253754,4147.340602737934,4353.783578183873,4667.198083537971,3962.422824960157,4168.865800406095,4482.280305760193,2612067.053087427,3115489.271332448,5953854.682688233,1554676.9666960659,2251172.598466442,4956411.44761883,613722.6434403316,965655.5697970337,3636344.248440406,122796.31119771805,167472.70137363128,578258.2680331472,117422.54979931709,160940.65909358766,601749.4069687126,115513.0702423589,147961.12434901504,566142.4728679619
20,7,511,511,511,5911053.519402728,6625655.392475453,7317800.126712618,2181.7551658141624,2440.0562033515193,2688.460501259783,33517.391599042174,34832.693332586474,36680.44305851514,913433.9805950313,951849.8359269098,1011397.7761851092,594982.3502642848,621798.7263205202,662637.5402734306,340455.1369550568,354321.7376592355,373826.9734344327,4579.959426109937,4784.184364684422,5105.809816107572,4395.04164833216,4599.266586906644,4920.892038329795,2627268.323160359,3231884.0471471925,5983550.9041940225,1608361.7844222467,2471199.3662736956,5471677.68990819,647363.6295589297,948356.2429867239,2747602.5342156086,126573.59555504881,173523.3279355865,755772.6452540088,120275.17982870062,163129.2287771847,589101.825804377,119610.3416613263,158295.38802113684,535499.103340436
21,7,511,511,511,6145723.431518194,6802012.5315066585,7451739.745507999,2270.2720654904897,2507.0112460349083,2741.057626811822,36021.214505301534,37308.04800193142,39239.35027284871,992464.1064935235,1032344.1768352488,1089560.0309434903,649251.1507787184,677139.3886479628,718097.1494968057,364572.71383593435,378104.4231397411,397813.69769171794,5014.96402998015,5238.433830448778,5578.757280056366,4830.046252202373,5053.516052671001,5393.839502278588,2675518.1758306264,3424928.55564692,6252715.290252463,1714580.8497583354,2363077.5030866377,5176343.896665636,633989.1507044653,949716.7097211006,2693487.269177665,129457.17521753765,180299.83879314057,817365.0892108323,121271.39160976355,166820.74730458678,472711.76039598364,125825.83933148829,174207.4000466249,543018.7904976091
22,7,511,511,511,6288431.015450571,6969067.612356023,7554660.355607867,2327.4563102702014,2576.260275839119,2789.6843465568545,38518.41096810491,39926.24522723638,41919.35727001117,1071509.508701722,1113311.0372939107,1173246.6706474358,705125.6800808222,733727.1402302242,775294.6290695176,387992.99768633477,402871.87761509116,421536.58292373666,5467.204034267097,5699.606016510801,6040.920690251159,5282.286256489319,5514.688238733023,5856.002912473381,2827355.2129162094,3574001.6820718613,6473194.481858442,1793422.308558533,2460810.6556643792,6052669.167235713,675174.793537634,1087542.6264189626,3620555.5064392686,134931.36527434044,180672.23059440363,576680.322133088,128329.1049008069,175099.35072538222,619710.6314606994,131936.26036853433,179886.51040505213,586198.9916719465
23,7,511,511,511,6408572.891909928,6990867.1128577925,7564885.983488099,2379.509037283747,2586.707223352833,2794.4232098883954,41115.74739865684,42483.09548326155,44590.911858480424,1153018.6206268156,1192962.6588323612,1256132.3961138711,762048.0873522657,790379.5444723633,834751.9544953766,412359.2613867405,426296.92450924066,446421.73992311506,5932.825111784629,6171.170613029646,6517.5663533570905,5747.907334006852,5986.252835251868,6332.648575579313,3015759.532118502,3706322.949768554,6345149.260229037,1763557.365730107,2529238.771088853,5405559.761955635,684143.3475280335,1031923.8756110095,3700735.8783019776,135069.08889801285,179400.09642450965,689025.0543787166,130942.39043339068,175521.52133794062,530054.0214104204,129505.81585772234,179413.51891629677,563752.3601141209
24,7,511,511,511,6618000.606939748,7162363.1225636285,7769788.655739371,2457.0526392258453,2655.018261832461,2873.4858698092576,43740.56256964651,45174.078215682865,47169.674452339634,1235672.4488110587,1278933.207038383,1340193.8978856246,820415.8978025797,850170.1561514764,893362.5208785253,437224.4960701739,450810.27794864314,470105.3865675211,6407.178505713325,6643.273981714138,7013.044065239249,6222.260727935547,6458.3562039363605,6828.126287461471,3002671.5710861487,3702531.495339945,6902715.581567194,1944410.8560784953,2799274.821091679,5798469.900753114,725316.4082458074,1020219.4929935595,3659078.0891151126,144706.6912864382,201687.07271686028,553728.8910918018,138722.28223958454,190560.83972906455,604288.3148948464,138157.65390605325,193377.67862170225,617993.3042912869
25,7,511,511,511,6733642.446248379,7275188.600128187,7849044.084395689,2503.197229676925,2702.256595762579,2909.9586911918063,46430.582609472025,47853.75293787265,49953.79692078188,1319656.7926619598,1363937.665601918,1430366.914290349,877583.2676892689,909779.0102964095,956036.6823928899,461172.6679536867,475325.844110518,494583.7536057605,6893.576926132608,7141.529079040081,7501.465451765488,6708.65914835483,6956.611301262304,7316.54767398771,3175180.205593698,3923829.227406946,6813095.707865244,1936241.169765969,2681207.3971994366,5895128.6381845595,773046.4052590745,1094504.02619764,3739897.432711545,143177.39005437947,185836.88037636044,683582.6346904042,144506.22664918573,191754.6516567567,672835.3054668817,141085.7339989542,199594.96262153625,693493.3325957612
26,7,511,511,511,6903670.617355081,7419364.787025975,7923341.840309769,2572.0086958250126,2760.5272493480416,2940.42787892058,49128.21801645699,50642.352191836624,52660.27719520614,1405724.5437797261,1450963.1097505102,1516252.9120207524,939265.1076268479,969229.4159563765,1016376.9571355955,484908.43477912445,499267.13740925514,518164.0284545752,7369.971675188352,7638.269530247856,8023.750131051859,7185.053897410574,7453.351752470078,7838.8323532740815,3286406.7164997654,4150504.1298878323,6958400.062697594,2015908.486102104,2926497.1159347547,6055818.147068933,758348.9636807546,1067386.1429961277,3766287.458929017,152679.98378594374,201654.04795792437,1013472.6291025373,145445.74913500695,192054.49353827542,672235.1284184523,144619.7164045966,206105.5668926511,611603.8014646078
27,7,511,511,511,7026868.01219497,7469692.411456438,8036754.715805342,2621.6862304394813,2784.6659279695937,2985.389684218476,51883.41237900812,53385.38424875818,55429.33604971706,1490890.2554152089,1539226.4780324325,1605736.3233268354,998803.8206687242,1031448.270892713,1079235.4546236931,508843.357257084,524056.792213491,542676.7445227562,7883.98700800151,8133.689577414248,8526.58575390774,7699.069230223732,7948.77179963647,8341.667976129964,3344503.3387889885,4206867.705450861,6995307.273360474,2139131.533575082,2990418.214716064,6332530.303806046,802989.7386049345,1149298.5917537494,3022397.259233861,153340.10973884785,204637.11104748666,643007.4423438777,157356.96291383824,208063.58789720346,722029.7908661852,155663.74487214055,201142.54865963326,642891.5180055106
28,7,511,511,511,7137010.437688537,7591802.5597998975,8054287.128947327,2670.9022830225413,2833.2028441842986,2998.2927669835176,54708.923742226834,56246.636678012095,58212.22185314133,1581284.5734340872,1628988.585296277,1693732.6786733463,1060901.046035171,1095121.5212317624,1140187.0743285504,533675.1039134571,548333.9451146148,566852.9815879135,8380.142950017145,8652.180035217052,9050.406566308553,8195.225172239368,8467.262257439275,8865.488788530776,3498370.8932311432,4347526.943834045,7183653.277949573,2269812.605029473,3161615.103803922,6491811.918041978,790805.0922426238,1153978.4089056624,3832662.0737768062,159154.48910589534,210593.31702978731,643663.7663028478,160415.61241180118,219538.7009506247,768421.6210425969,158639.18376809184,216842.91741016772,741408.365226259
29,7,511,511,511,7241569.814672267,7735531.25361228,8179606.703360434,2714.2624546591937,2890.8487282253823,3051.5456243553635,57614.81560643027,59131.273297061955,61125.94218089644,1673299.2149994045,1719761.779636852,1786268.5499777638,1124934.1893814036,1158557.2437173561,1205311.6863637879,558691.2175228801,572883.8576800381,590707.2988496368,8897.619828070869,9182.790454709131,9558.336730515697,8712.702050293092,8997.872676931354,9373.41895273792,3592945.675099475,4544726.1880660085,7278909.417815035,2320699.9912025305,3269222.704996664,6613421.896839643,828636.8120980097,1268992.6684082625,3917835.160325812,161691.2311106203,218871.37379072176,839299.8565873558,165937.46081395197,226122.24472633083,725263.298133355,161219.03522050407,217144.14390943456,685533.2081097623
30,7,511,511,511,7470504.701706203,7858936.075890657,8284386.240003608,2799.941071512154,2940.589999652315,3095.7706609801517,60500.29703032232,62059.293052546855,64105.983200110604,1766027.96928594,1814319.6388678565,1880946.542103646,1190925.049908169,1225040.3229664909,1271412.2751169642,582647.1267346618,597719.9108540514,614894.7290040955,9431.22935595614,9711.421475422412,10101.041830809343,9246.311578178364,9526.503697644635,9916.124053031566,3742038.4898065804,4839376.952545701,7831424.633709855,2407873.8999481336,3502315.5312024453,6533551.30657188,861896.2077692999,1321516.500622671,3846753.4810847985,169162.42833863408,231371.32858975732,1354304.657892449,171709.87536809358,236566.952360566,800665.183293898,170074.54911442674,219920.87353416724,762124.2598070783
31,7,511,511,511,7519703.045878809,7894686.274192211,8226369.631782673,2825.737374681346,2959.2541796372716,3080.914757740055,63238.723860685786,64854.03814909655,66906.87242880708,1853210.222697887,1903591.3024799076,1967607.5784832789,1253949.0889657603,1289425.9357072776,1336152.032288225,610880.4962330057,627432.2117389576,646182.2972687305,9981.153193679187,10265.447135831868,10651.880070419145,9796.23541590141,10080.529358054091,10466.962292641369,3841195.4027576726,4855160.363784983,7547365.441799599,2536629.8856818043,3506992.992079661,6433889.468321602,900325.2620648447,1288154.147846649,4000055.3106191917,170201.73430364553,225203.6894632698,619459.1483401941,178218.8572414135,244133.68298904467,953330.5006027577,173863.96935843595,227067.31189284602,819188.4671401257
32,7,511,511,511,7633968.331658173,8018981.145056514,8340923.3217578605,2873.0484613852905,3011.9493845440634,3128.0823903074433,66057.17820800701,67679.73329491045,69682.66655050618,1942473.1857392634,1994680.514498273,2060376.5642461206,1320713.939436731,1355698.8463857889,1403419.7944849753,642800.8595224094,659088.2539485731,678727.7607179824,10506.353519159113,10801.993908671757,11191.378046846317,10321.435741381336,10617.07613089398,11006.46026906854,3988660.516650696,5032812.416666613,8053872.605942606,2546882.3100252827,3658261.8008092553,7311523.968281999,972343.7462840275,1532181.1762167427,4225856.300497137,183666.47156065798,242184.05293251827,769401.9463782908,188045.44782754767,251356.3500030272,780751.2962599023,187969.03415939223,245582.85184524747,866480.3207478934
33,7,511,511,511,7757647.105517634,8078856.208633717,8343268.60884859,2924.348999609178,3040.5987590209074,3135.7047645658695,68731.99082704917,70367.12833987281,72274.40792110946,2027678.6682161915,2079141.9150594003,2143814.117263777,1385171.8690198231,1421094.0194217162,1468140.3121833422,677793.841246842,695403.9393339098,717999.127181687,11062.727273083869,11354.268164326018,11751.942731819237,10877.809495306092,11169.350386548242,11567.02495404146,4275144.639831039,5281844.647663026,8001939.37211399,2709832.370001068,3824800.9615200087,7335908.935761888,970520.0963306513,1452271.6195089326,4041316.4911536626,177144.6440542339,241074.04333377018,806611.8186701977,193239.30548282724,251753.1898316078,986301.4311943173,188125.11634048886,246771.7504753408,973448.0420481928
34,7,511,511,511,7790946.175311204,8127209.351041928,8400000,2945.0346426278934,3064.0686309491643,3159.8485493162616,71406.74622204677,73015.67572577905,74899.88070490232,2113159.861316935,2164109.5433830717,2226092.6389031084,1450455.9453122257,1486174.7943888104,1535581.226852302,715636.0392911214,734586.4349550458,760639.5592417339,11599.876686276304,11899.227939625413,12291.280379305628,11414.958908498527,11714.310161847636,12106.362601527851,4327562.887511584,5520816.071241737,8668367.250193188,2845674.0667492296,3828062.1702843253,6987248.569183771,1015425.1381451031,1509340.6956806285,4055447.7084207125,186957.3825650986,260871.73473083592,716347.7113302967,200857.15830519158,274867.86286136997,1067841.9182682543,196292.03781908567,252611.16125632892,840120.4482629915
35,7,511,511,511,7885152.122858103,8196957.05943812,8400000,2981.7745586597184,3094.4970614438625,3167.5849946966696,73982.13532895867,75522.46109670239,77394.63574233057,2195814.7926880443,2245100.633805683,2305116.9508581758,1515389.5959102924,1551754.933016554,1599049.72858968,757520.7934415269,777206.571242804,804508.8675527056,12143.91065537966,12441.567731017863,12853.28800154696,11958.992877601882,12256.649953240087,12668.370223769183,4513680.313366518,5781801.154336332,8819986.80760952,3072501.0007316885,4509513.476132698,8008234.913879212,1028301.8632102234,1538025.0191583345,4272210.522211964,201244.7825986587,264280.7665796476,732310.0586720065,209524.86772512062,291311.2158994127,1111799.924841182,209031.46003363913,285969.62525467976,890759.9411379661
36,7,511,511,511,7990086.515498032,8216269.001324074,8400000,3025.048939998641,3108.587798140435,3174.5995005395653,76570.45511762562,78052.39122436073,79883.24403625961,2278298.983692006,2326657.811631159,2386829.5222799378,1581517.519100016,1616187.6444480629,1664356.6692232583,800182.0510379028,820657.733570171,848779.188342739,12685.024410363547,12988.06888624906,13382.192182691777,12500.10663258577,12803.151108471284,13197.274404914,4665582.8758380655,5898124.897309405,8645277.177586049,3092716.022406984,4343039.38328089,7642186.724688249,1069202.8118949449,1496163.338012249,4521186.406937311,199757.7780262103,267023.45168691827,859401.3741774675,211684.30903720713,289979.8714002383,823096.0748249468,207678.0353629748,288025.23950161913,988387.5505801876
37,7,511,511,511,8022509.230736939,8265623.748038986,8400000,3047.602907360882,3132.7418950419815,3181.634779027501,79093.60423677716,80562.88716058261,82365.13853902215,2360255.252890796,2408484.1650008047,2465956.270446058,1646224.5109073946,1681984.939596646,1728816.6139776595,844165.0297567524,866089.2083140898,895616.4548770735,13236.090436944578,13525.008148178302,13926.416687971596,13051.172659166801,13340.090370400525,13741.498910193819,4757523.224457388,5898846.314997078,8897371.26466016,3171616.9903711868,4339234.490857219,7495191.030205502,1135528.239067127,1681281.6003923332,4675091.754356401,204716.75711112117,268570.33466526854,696353.6798624137,219453.16969579255,299560.029310538,1163853.2592634012,225216.6294056135,303154.4833250995,972959.2228340188
38,7,511,511,511,8095188.595616639,8323978.904710766,8400000,3076.257170530855,3160.555272417324,3190.055139231493,81509.90671464746,82938.05637092947,84752.73666806075,2437208.656816575,2485719.8025154993,2543717.9668219974,1710957.477705892,1748021.9265949943,1793516.1124361777,892941.7789630778,914432.1691574639,945795.3463807211,13775.315368672733,14073.31894108316,14463.582894258274,13590.397590894956,13888.401163305383,14278.665116480497,4902913.619901981,5927121.586137302,9502369.414243245,3204140.130800402,4388478.425879571,7769182.865039224,1148617.5553004525,1805019.768375018,4341837.2256700415,208359.28758938174,271320.68437839433,859344.1323504797,222334.88705273633,287609.59150664386,1136579.8866340565,221890.12699009725,300557.4505266675,1059433.7202771152
39,7,511,511,511,8170060.8909386825,8387880.238455169,8400000,3113.9196406383453,3189.026124287364,3196.9949273385246,83930.92299234067,85367.30335223372,87206.84437265333,2514861.7550012595,2562446.9342842074,2622445.497134673,1776260.9198069684,1812223.2208921576,1858902.217347604,942205.8139311341,964292.4912323393,995856.0117821946,14314.75675866021,14623.627166069396,15002.745381412591,14129.838980882434,14438.70938829162,14817.827603634814,5273433.026787152,6591096.345627279,9858776.679771485,3415820.3970615114,4596885.8948549675,8247102.316276248,1194614.0520307044,1741094.6596631997,4490760.638430781,219185.54406603676,290449.303106073,958564.501593026,235650.01808168687,331390.4366230307,1068504.9929143826,236299.52771001644,325008.27578341606,1095779.5804347186
40,7,511,511,511,8196154.045546096,8400000,8400000,3126.2127131639304,3196.824222798741,3203.0315568377805,86288.19114393169,87743.82392202925,89545.80809951317,2590863.1559097664,2639716.377238428,2700025.3184377155,1841847.0921229776,1879762.1301382398,1924532.885572224,991288.4858632127,1013774.8087223759,1048452.865839138,14858.952109502514,15158.63795187909,15547.62958900781,14674.034331724737,14973.720174101314,15362.711811230034,5222478.542674173,6490825.548537541,10005971.092999034,3606049.1265249643,5194301.443842262,8964762.440352434,1159001.1566587284,1695518.3247834528,4302326.583183443,222841.07090979838,298222.39341706096,1132002.5953490424,241981.10246901814,334723.75373494986,1384411.581242611,240505.21576724853,326365.38184288866,1059184.4154996118
41,7,511,511,511,8233797.63193703,8400000,8400000,3148.8600497956318,3204.512216607438,3210.1845231775897,88684.67704189711,90125.85305965165,91840.24809424565,2670010.5922202086,2718058.591130798,2774147.2974687517,1908390.1646360236,1945466.3018509555,1989780.4030516474,1042046.3130767366,1065424.6556811747,1099110.8217042703,15405.503545469257,15721.462195596443,16094.551824212976,15220.58576769148,15536.544417818666,15909.6340464352,5260860.15546341,6771951.313865444,10402950.13380293,3600408.470071227,4804085.788026024,8573608.358778931,1156500.4745237217,1821782.6519677443,4577652.6448141495,216332.60240893418,297809.3627987825,1003467.8648582462,239646.59436275723,337123.5297457773,1200598.0789031922,237910.06041248987,318916.2921574696,892234.6977863305
42,7,511,511,511,8322942.8810549155,8400000,8400000,3185.3596992684697,3211.8576443863103,3216.8497791919003,91051.63692909521,92481.144710934,94177.8240679323,2748978.9933384596,2795462.2153440905,2849957.7681896184,1974649.9280954765,2011576.1472357037,2057850.0401455995,1092023.0980398976,1117486.9387870966,1151166.5246647296,15960.02914974464,16268.996959869073,16638.281136541504,15775.111371966863,16084.079182091296,16453.363358763727,5321214.571639586,6641044.430750816,9866633.834097778,3715608.5023457105,4937517.780064258,9250914.66586648,1142581.9831840908,1740027.245874665,4368495.810454173,220413.52796644016,295724.165108031,1030602.1780271047,243423.4058317929,325642.3356999346,1118424.6124975458,242840.05234143208,334710.7544254416,1251145.9761774342
43,7,511,511,511,8342282.129966756,8400000,8400000,3198.9157115069615,3218.9616235430176,3223.6129754117896,93458.67189113429,94868.13982625428,96525.99996710327,2826612.1780501613,2873330.945494044,2926278.2435320234,2041347.8134617885,2078829.6839768616,2123241.4991496205,1142492.732439464,1166829.858424077,1205255.0711803974,16512.193845240083,16819.912338075308,17205.52811232444,16327.276067462306,16634.99456029753,17020.61033454666,5438119.275686012,6872124.740038719,9759731.916664103,3608110.5158741716,5273497.5262374645,8625736.9795119,1204220.530302794,1724889.869071954,4555891.087756933,215508.61527262573,297974.5756633035,1055226.0295063125,245003.241158775,331237.68686949194,1100580.335241648,248542.65777233714,344436.93144843524,1258394.7071421002
44,7,511,511,511,8367827.679803542,8400000,8400000,3214.559587447435,3225.633158447307,3230.141790336749,95804.22089511475,97209.9839314099,98810.53364334162,2903540.463585982,2949711.1360569643,3003752.2034426173,2108894.344999855,2145042.6961237392,2188648.2816132195,1194251.697109343,1219036.8048624517,1257913.2630398725,17068.009556626013,17380.35847758496,17750.456937357947,16883.091778848237,17195.440699807183,17565.53915958017,5518487.738862658,6877067.836653955,9933934.91468062,3783831.2798107387,5474112.129367436,9321285.45479126,1199573.432338288,1848667.2556245474,4539694.59433229,223919.8887675589,296461.09490289376,1115519.4610559854,249633.88875214802,346763.1895357129,1255288.9859696631,252117.06282683785,335815.9840996902,1185957.38892147
45,7,511,511,511,8400000,8400000,8400000,3228.433666711554,3232.601665534245,3237.0102698836927,98189.06811518536,99504.88121823674,101082.02727118805,2982672.5775648197,3026752.977977627,3078953.1604885226,2175614.011641818,2211543.366930813,2255524.1656489084,1244737.0878541344,1270185.0401554545,1308327.8266216475,17630.897319443236,17932.13357880894,18295.51345788794,17445.97954166546,17747.21580103116,18110.595680110164,5594498.084560407,6939325.389032268,9988587.227877032,3635294.6978957555,5282175.035278911,9215176.904895885,1211914.2356899665,1808858.9108235354,4517859.427728708,223110.8108139343,291627.0229753099,819362.7712414877,247157.9053916567,355652.8356076299,1162699.91217423,252141.99277446588,336226.28021217714,1176551.3377846065
46,7,511,511,511,8400000,8400000,8400000,3235.4738162246535,3239.240764080425,3243.622290749893,100521.13681293665,101841.86284082677,103427.66121325822,3059142.5360721517,3103207.9996646494,3154322.091989247,2242298.10005354,2278965.3306763205,2321912.692566102,1296132.157771505,1321232.5253679568,1360068.6504111323,18186.894541459595,18486.305835534553,18852.81249151868,18001.976763681818,18301.388057756776,18667.894713740905,5683287.0881349025,7074408.257935583,10371837.37091469,3832920.930105021,5661918.505692445,8976364.675892577,1242184.560097691,1882600.7201887097,4540488.104428167,228140.9838636137,294568.328879475,1665977.1202109435,256170.8577207445,343503.4254426242,1114791.1262651668,253257.72439166767,347803.6356556633,1278174.9266892707
47,7,511,511,511,8400000,8400000,8400000,3242.161242583516,3245.8347271465427,3250.1244439374914,102891.5551159057,104144.91428133025,105708.56139689308,3136499.626884895,3178357.715947246,3231043.0468696444,2309994.722048608,2345640.96784949,2388992.1451399145,1346465.6953248035,1372236.6696508308,1413960.5209135553,18742.595278223944,19048.15553341378,19406.050215828625,18557.677500446167,18863.237755636004,19221.13243805085,5691198.211620369,7180233.016466078,10352937.194654148,3875311.8088786835,5549997.873863459,9610134.362054275,1234993.3435347616,1776934.2197108394,4365436.99393865,228302.23553729602,303333.75343002036,908676.6814509183,255842.24143354216,341770.7706102334,1190118.8712905352,256331.55993000933,338440.5917799322,1112977.7891971793
48,7,511,511,511,8400000,8400000,8400000,3248.7317033375402,3252.457271357793,3256.707386778423,105217.97818077984,106484.54884588909,107966.80713940106,3213895.6408914267,3255448.623991855,3305642.794600548,2377109.6426928514,2413095.888624898,2456431.266984082,1397106.2921416846,1424244.29359793,1464148.0513959364,19306.73379484951,19603.785843190195,19965.045653943733,19121.816017071735,19418.86806541242,19780.127876165956,5667710.7235853365,7008823.66596382,10934275.819957031,3907529.1743638897,5654444.96239816,9675320.1029738,1228268.24522745,1706664.912358087,4906330.163199042,221939.6761086553,301352.2248691183,1325570.7756672548,251080.8941825145,348354.664710529,1345624.8099762308,252304.48239677885,353599.96009783866,1304817.2367960494
49,7,511,511,511,8400000,8400000,8400000,3255.5378821367804,3259.02867716703,3263.3190653905963,107498.64514557997,108717.76134244206,110220.49219590404,3288918.846948847,3329778.952718513,3379921.6898814933,2443867.2673156257,2480051.7601291616,2523375.758355061,1449883.9681915632,1476615.689061488,1515121.3690470597,19866.024800218205,20165.910182985263,20527.03833597846,19681.10702244043,19980.992405207486,20342.120558200684,5673931.707950705,7319789.662438905,10795057.591367878,3912848.5848676995,5742894.753070915,9759564.666639633,1259487.869956023,1762648.5911019046,4532539.271173525,228895.33101002313,308787.0890721844,1580787.6359674584,261359.1989240112,355134.23160438356,1291684.8805861452,264948.6883821711,373880.6130181899,1136606.8882582441
50,7,511,511,511,8400000,8400000,8400000,3262.0836017345337,3265.6348000126627,3269.882250819124,109806.94994411345,111018.9435379663,112471.26139798758,3366094.256577071,3405676.9362112423,3454511.0732927523,2511628.855918939,2546857.5077321753,2590630.5888289167,1502683.9519159908,1528488.7659117368,1567783.387539643,20422.338338741323,20723.875778854126,21084.909097403288,20237.420560963546,20538.95800107635,20899.99131962551,5860499.7430621935,7197109.565157262,10557008.236351937,3996219.532776776,5926377.58954774,9310976.4032898,1244042.0528196823,1937489.871878313,4736100.736296156,223078.88531645873,309597.8975903227,1367444.5493309363,259375.8100671648,356036.0729916604,1050088.5176239505,266257.6005900683,353394.65605472,1159862.5853436077
51,7,511,511,511,8400000,8400000,8400000,3268.730593717543,3272.1843831109977,3276.475861649894,112107.73433327334,113246.9506633522,114709.15804185001,3441919.3615542296,3479766.871530872,3528238.5936162816,2578935.2147609154,2613434.5489838617,2656359.0265394547,1553908.8558024836,1582135.0749996488,1622017.6139330517,20987.018243768936,21280.59034221257,21645.36601801875,20802.10046599116,21095.672564434793,21460.448240240974,5906866.240306652,7313119.068647322,10399397.325952597,4175631.9286037404,6193689.505862588,9507691.590618316,1279361.6407826922,1781693.1201033846,4371172.795559769,226092.5388426652,304549.3751058805,1208386.8421429456,264982.1739640392,357985.03155870334,1182081.3361120482,263196.3460601836,346969.3129493107,1236831.1634232025
52,7,511,511,511,8400000,8400000,8400000,3275.3292563491095,3278.7115440180255,3282.919826131319,114261.00087372473,115461.669853002,116934.29315798408,3513436.6156663965,3553230.5680585443,3602416.316273599,2645243.940788405,2680522.723689406,2723737.2664538994,1608060.9579551066,1637142.9280901111,1676485.5880432692,21547.90456745207,21835.39901930996,22193.1029989399,21362.986789674294,21650.481241532183,22008.185221162123,5964866.795417977,7403953.074736587,10530827.355495887,4117526.4951083153,5738375.223239987,9576604.441627346,1244514.5838669492,1770987.421099252,4498554.446337512,219148.55239659114,310017.37445725285,1085058.3233377193,257214.32679250272,344602.93403494195,1178001.7653428393,267563.74403078604,356245.5230566239,1133597.176889011
53,7,511,511,511,8400000,8400000,8400000,3281.8301118420004,3285.288816047981,3289.525535926853,116456.48991429522,117710.34446292362,119132.01700548721,3586336.469959198,3628139.3817592356,3675237.5200246996,2711407.827222464,2747354.1123192133,2789771.1477112276,1662551.0305285899,1690599.2994704854,1729579.848314053,22100.47728434782,22394.467141856163,22754.588331560273,21915.559506570044,22209.549364078386,22569.670553782496,5667638.163823567,7217957.645665726,10202499.024031997,4148805.2142428984,5871646.812867851,9733878.858179614,1252832.4853848643,1816022.3973071603,4645311.109844507,223007.10191917123,307467.0566938183,1192381.6855568767,262520.26641361753,347680.24587785266,1126364.9588542427,274101.11342582485,363986.6013847247,1192229.2516848156
54,7,511,511,511,8400000,8400000,8400000,3288.3038359751154,3291.835924346079,3295.999445854042,118684.9251532284,119871.7142802623,121264.23442314284,3660466.857948064,3699855.5150882583,3746136.1302486532,2778975.06347193,2813766.51654658,2856494.6482684393,1715547.1322281589,1744411.8856628311,1786720.3794761745,22651.843004631646,22951.395380437887,23304.87067537134,22466.92522685387,22766.47760266011,23119.952897593565,5753117.525557458,7185608.312958362,10665293.105438838,4029208.105508321,5549445.576888709,10087313.895681081,1287586.663812006,1882410.5784698897,4736385.868020399,214961.73247592142,292300.93121841375,918115.5404664676,252922.64757198817,350720.24226121244,1264293.739130185,262867.6515707534,347953.5155960004,1288128.229862057
55,7,511,511,511,8400000,8400000,8400000,3294.941006222738,3298.3519329947626,3302.5409655165136,120825.14403614862,122037.34835793299,123446.40142506985,3731502.71007238,3771826.659694678,3818653.7193205394,2845556.4780493407,2880602.894473415,2923753.764674111,1770169.9639160428,1799106.4450492389,1837465.144779258,23214.903306710527,23504.83208233261,23860.899846681437,23029.98552893275,23319.914304554834,23675.98206890366,7742135.825678231,9997817.185865121,13896678.390863512,5657482.668144633,8169456.516518549,12265434.961514143,1662405.8394005646,2371010.643023067,5265636.790767563,299216.22604945966,401112.37642771326,1903678.7892743037,353503.83122718334,487205.6958518165,1642481.3792583724,353887.0437167754,487364.77068945946,1642800.5218424296
56,7,511,511,511,8400000,8400000,8400000,3301.46859588719,3304.904519066021,3309.1349965366776,123038.92645608465,124214.00005218068,125603.35627455781,3805045.01573861,3844158.2056799047,3890289.961305385,2912177.9218167556,2946414.0226313085,2990939.9213326173,1823998.9297012964,1853059.4479315577,1891007.8045039466,23769.74842818895,24061.801898389567,24421.392483395368,23584.83065041117,23876.88412061179,24236.47470561759,7745438.177843465,9931844.281445181,13407458.268168155,5742666.233049316,7840313.355676679,11337130.69146258,1688682.6209177535,2457130.4421468764,5328406.186208587,292949.14305776963,399447.7401540817,1860498.4342007602,347522.6509007128,469674.5446539173,1540029.4019645439,359166.8292575202,505807.4985591297,1843246.070096669
57,7,511,511,511,8400000,8400000,8400000,3308.0001099820347,3311.35659045405,3315.721874640453,125152.41186949975,126347.40158324142,127701.7917936555,3875312.5817449186,3915012.6883732798,3960057.9739130754,2977662.13326621,3012916.2713296516,3056859.7911062245,1878400.540678998,1907323.0810415305,1946698.3057649317,24324.92712625074,24610.227966372015,24981.277122216256,24140.009348472962,24425.310188594238,24796.35934443848,7774180.324488929,9717973.315147627,13744031.77307649,5678445.450399398,7877001.244556654,11714876.394969452,1663443.5343947604,2450023.6473356923,5659268.385984356,281131.5899898687,378727.364878442,1180340.52724668,357621.7362464982,486248.90647982014,1837876.3863825244,351921.72376852453,494798.08030708146,1780128.6523403833
58,7,511,511,511,8400000,8400000,8400000,3314.4173839550513,3317.876418757809,3322.1846069711983,127336.3318819747,128460.23727749576,129869.66856418837,3947898.920872392,3985229.6910135173,4032013.565189728,3044004.5028473795,3079101.0047078417,3124076.550066909,1932347.4952706748,1963024.7929618256,2000236.175297381,24870.628888329527,25164.413372191542,25530.60937032965,24685.71111055175,24979.495594413766,25345.691592551873,7945555.152279451,10015059.446989695,13897519.096379317,5546739.354616022,7688531.859105566,11386579.29835332,1598673.1211588776,2491160.1036099163,5403007.314481472,285104.47790927434,387286.92464546335,1500711.157674323,348372.8205704267,493646.87477374444,1729147.850464481,352189.29537034075,502026.8246712817,1688401.3127953294
59,7,511,511,511,8400000,8400000,8400000,3320.92428459288,3324.365118108612,3328.7744853006775,129463.13340768572,130594.62024117267,131994.4989098191,4018543.583665647,4056136.908203014,4102615.6171492897,3110217.122757128,3145072.1160758454,3190386.0128401928,1987064.0464258583,2017066.5910042615,2054555.337545819,25423.481968172608,25715.95281700979,26090.74902833535,25238.56419039483,25531.035039232014,25905.831250557574,7505625.502922021,9623307.472756125,13080152.545783289,5592132.415651283,7675787.541719985,11275171.082279043,1606142.3835301944,2393181.667920865,5091342.134164588,277860.189972035,363510.3772741298,1053245.4636451178,349942.7341086773,497012.7929510614,1616542.0349318318,345305.17212730047,469977.1307560333,1452340.6954760111
60,7,511,511,511,8400000,8400000,8400000,3327.4072246286437,3330.832874125083,3335.2754130235485,131577.0507862979,132657.56281989836,134085.04071437498,4088777.3713213,4124664.145683977,4172066.488930137,3176286.3882625243,3211118.7276245216,3256097.492083771,2041884.868962099,2073049.2443721958,2109715.916253242,25975.253800753842,26265.712078409822,26643.327884779384,25790.336022976066,26080.794300632046,26458.410107001608,7677647.237849979,9645157.351409951,13635032.49400743,5636717.186067005,7782640.1709219,11789699.51583897,1629385.0164708425,2449078.9759413013,5242424.627584553,281746.9569432349,385381.11513425974,1358085.1734816004,349975.8128395069,468704.1353802334,1355469.1880990511,352002.7417141229,495933.1270476511,1938474.4708393225
61,7,511,511,511,8400000,8400000,8400000,3333.845266362552,3337.308032120051,3341.7177149101735,133651.8395937753,134735.64536595097,136180.83972608473,4157706.738961892,4193699.1061036964,4241729.979218454,3241781.3801526222,3277080.0425576144,3321996.3236831585,2101179.839528432,2133078.483329865,2172697.534528222,26525.83101329881,26816.100507982123,27190.923545142537,26340.913235521035,26631.182730204346,27006.00576736476,7400021.07496355,9548462.441803416,13308394.700511824,5778453.13904852,7932310.260207044,11294398.157630427,1603400.967884184,2311753.5184047483,5203365.712709167,270411.6751106619,378296.66511991766,1571542.748088402,346337.82312139764,475423.9919330314,1782130.5459731391,349447.98154526716,472895.66972828173,1653724.1092749168
62,7,511,511,511,8400000,8400000,8400000,3340.3141745247667,3343.7748277017267,3348.1783846748194,135726.50512668517,136841.81332115195,138217.86910910477,4226617.282245355,4263673.396939519,4309398.209610065,3308164.272775713,3342588.49644214,3387656.0580108324,2162561.1302040485,2195573.749217206,2235157.9557959,27071.622612382962,27365.778132424563,27740.08047513743,26886.704834605185,27180.860354646786,27555.162697359654,7545549.370181938,9640410.317409381,13459454.618346086,5708404.218720027,7638695.121868095,11692909.849026889,1567987.9887963694,2478134.5225170273,5333764.406347602,267544.73509402014,352028.39991536585,1375868.5173955376,335210.82214402844,460150.8668513622,1416123.8117537594,347766.08083353814,482705.9930633291,1755624.0429317653
63,7,511,511,511,8400000,8400000,8400000,3346.822301252521,3350.1972251413863,3354.6156135304736,137819.50462863842,138906.64813359015,140276.52547323555,4296188.636270227,4332262.930787279,4377765.6686419025,3374054.3987451815,3408054.0568242297,3453008.5843356303,2228622.7813045783,2263229.3793526976,2305425.9740980566,27624.81338424205,27911.681914795612,28287.244927868047,27439.895606464273,27726.764137017835,28102.32715009027,7617979.801218265,9243176.736570612,12662857.831447037,5664289.984312143,7725244.075386078,11711666.197705839,1548470.9427695773,2353713.7555376296,5080596.007662253,263395.5654633409,349689.182482295,1181031.6150811857,346884.56630975753,464899.0723956515,1674713.6794093708,333874.72684068565,494661.4303350019,1629596.5736106497
64,7,511,511,511,8400000,8400000,8400000,3353.2821175240374,3356.615417335709,3361.022723954474,139866.92977667364,140975.60924301224,142358.73975313886,4364168.756790513,4401052.344405053,4446911.109750919,3439293.200180379,3473826.6653073896,3518805.8806399526,2297041.7345260233,2331341.768768652,2377331.304677057,28173.897767320956,28457.228251313023,28831.84931390803,27988.97998954318,28272.310473535246,28646.931536130254,7488509.46755423,9413754.297536096,13158832.602402925,5665149.590492642,7888555.737541959,11708041.90971178,1535479.0514001774,2341115.3113356177,5159455.561782372,259799.86963078473,352728.2220831246,1496652.9699222916,346626.04536351113,459689.4276586239,1644822.296774306,343861.60129082814,468639.5301346444,1777372.7344311604
65,7,511,511,511,8400000,8400000,8400000,3359.6780784490566,3363.063712285038,3367.4734392784267,141932.1379312291,143000.52466368498,144406.7646435198,4432772.012217801,4468251.703921748,4514969.4515533745,3505167.610624286,3539280.2383369505,3584624.635029027,2370130.315723467,2405388.831205397,2450900.564367072,28717.554445947604,29005.333322006023,29380.16011644405,28532.636668169827,28820.415544228246,29195.242338666274,8100206.456319426,9859905.630481573,13508110.680557221,5997384.128165375,8355824.6190025145,11772312.780565763,1630841.315681995,2448943.7720021023,5239900.008220702,267066.0880271547,365030.7714737127,1158107.4615766024,373696.6698320986,516887.24020610587,1678021.2096267827,358244.5300364055,510521.0776334745,1743035.537969926
66,7,511,511,511,8400000,8400000,8400000,3366.136353982773,3369.4807292487208,3373.926258336179,144008.32110173092,145073.6296927921,146478.98346183836,4501724.046337671,4537175.997076433,4583808.927938428,3571364.572726222,3605009.1975692753,3649957.8226973754,2444202.004777001,2478934.8747674227,2529884.662640578,29266.507866313492,29550.779763919032,29928.649736353,29081.590088535715,29365.861986141255,29743.731958575223,7988589.853297958,10240396.067422237,14255886.090794127,6184961.648258682,8885883.959401952,12110744.276067998,1650814.8252565719,2510675.8033154695,5211144.062618373,281645.6757870676,369624.81227739784,1279953.668113336,361597.3971976731,522130.0252325075,2024643.9081425008,366468.435660831,522250.34097101446,1484641.1701068822
67,7,511,511,511,8400000,8400000,8400000,3372.626252228061,3375.924744859733,3380.3314728134683,146049.73908825635,147113.83731139416,148521.18824910707,4569541.808100495,4604885.720283251,4651635.876292828,3636914.0388078103,3670474.6109609697,3715800.9601685316,2519693.146204902,2555606.242146909,2607090.3952704165,29818.14921716296,30098.521090855073,30473.092966922573,29633.231439385185,29913.603313077296,30288.175189144797,8915432.209752854,11421389.90556638,15406630.777368413,6667016.698738038,9489082.050709145,13337645.70015126,1871615.7430519913,2593663.7773967953,5739593.759198288,315887.00945408636,402917.3431059268,1407778.8191713241,407539.69989578164,584168.5479213322,1895396.5790026693,402403.9293504869,540109.3768995232,2073125.6574100952
68,7,511,511,511,8400000,8400000,8400000,3379.052670471354,3382.342922643232,3386.786682369464,148112.10039066128,149162.94307862583,150545.5777351124,4638033.728368963,4673010.3709398545,4718873.028417842,3702672.790683083,3736018.9256661166,3781191.4503955776,2597987.314267203,2634226.9649876133,2687927.86538299,30364.394767842863,30644.066202452526,31021.785779182206,30179.476990065086,30459.14842467475,30836.86800140443,8851856.409622297,11101507.632424118,14605989.16084556,6647537.756636999,9317388.335790602,13155259.261121036,1824649.6956805573,2642192.606848633,5482367.378349946,315170.1422599298,408915.63676296227,1444265.3821937344,418274.5351761522,567585.0203110436,1723213.755315635,412833.996235456,580171.0214383019,2005923.155938656
69,7,511,511,511,8400000,8400000,8400000,3385.499606929714,3388.7688358496193,3393.1975147446647,150143.3469796213,151190.63675912932,152570.80287821492,4705518.506487154,4740302.123778436,4786139.946628598,3768105.622623737,3801423.6925734943,3846608.9663817277,2677134.2685877015,2714407.3129088487,2768684.298852189,30912.384366803468,31190.268824995415,31566.70653107426,30727.46658902569,31005.35104721764,31381.78875329648,8929288.990884842,11157049.986011386,14254751.636036752,6866876.2411834225,9139220.610202817,13500575.749594076,1780271.0750360587,2659099.823947438,5735323.20179436,298961.8633061289,389140.0812534109,1398352.4658457555,419961.602771911,587562.9606328101,2496721.531652669,398269.8532820822,541007.9552624573,1806742.4877161935
70,7,511,511,511,8400000,8400000,8400000,3391.9145904533075,3395.181067899362,3399.610996704091,152189.80327990165,153221.31381347124,154608.3932631321,4773489.967559076,4807752.570628659,4853817.677639961,3833703.124344024,3867104.413043076,3912159.006767506,2758924.387667149,2795896.696960167,2850705.5634559034,31457.657966308918,31735.308549223562,32111.852497625507,31272.74018853114,31550.390771445786,31926.93471984773,8774095.232568258,10684970.045245048,14335899.39097005,6628724.896875334,9266394.563084828,13577149.486521512,1849973.5154471996,2757201.27340921,5966738.6727578975,289804.9928456915,399531.71145140013,1194856.5447243706,399151.48400995915,589590.9720420032,1776917.4885682478,404058.3361508967,546544.8466472217,1966099.0446489898
71,7,511,511,511,8400000,8400000,8400000,3398.3457180729433,3401.6203542199096,3406.0374712517164,154217.70133527217,155249.8997713799,156635.29054318162,4840851.188752412,4875130.277071867,4921142.661930308,3899184.4248314556,3932662.9337246194,3977629.9917168017,2839344.2374667847,2877352.4230659427,2932901.4377037063,32004.303813977975,32282.64788647008,32658.10283417366,31819.386036200198,32097.730108692303,32473.185056395883,8853187.970492544,10808525.052088112,14883544.692327484,6802681.321481449,9526133.945451565,13500643.130847719,1737090.3986584933,2650848.8440525415,5535791.817137725,291587.15405100817,399443.62237925956,1511128.3869081726,403830.86304815946,577801.7248081533,2128940.3827807796,400717.4513324047,537079.1096415616,1727501.2060491976
72,7,511,511,511,8400000,8400000,8400000,3404.7654534148487,3408.0476601690802,3412.456195266353,156247.3346803046,157276.86947325032,158672.5685714346,4908266.088122046,4942457.166910691,4988818.491617105,3964658.8076943997,3998140.175545222,4043225.5232966375,2920119.9899852015,2959097.03177632,3015663.446351108,32549.981318039907,32828.96889214961,33203.69437541779,32365.06354026213,32644.051114371832,33018.77659764001,8677694.285786476,10903692.519291298,14913288.20310899,6850821.35124852,9430721.086853446,13506657.53366281,1755505.5551055917,2478752.004478289,5402670.058437855,291561.3253552422,369915.0006939636,986616.1550666706,397646.2505556946,563979.5731291102,2159415.789697655,400217.44069157145,532550.6891335865,1706502.6837390687
73,7,511,511,511,8400000,8400000,8400000,3411.1845105582743,3414.466997602473,3418.8871297349647,158274.8604544425,159307.72064179607,160700.7349602353,4975611.347235134,5009914.741621478,5056185.497678187,4030150.3121974235,4063673.0531980433,4108743.4051332157,3001886.9881737204,3039848.9903041697,3099437.8365057115,33095.60117523111,33374.612573987964,33750.32380524976,32910.68339745333,33189.694796210184,33565.40602747198,8616400.066785086,10682032.019630272,14405536.875482652,6708798.965930629,9037698.449871462,13084820.22711458,1825694.0928850106,2843214.7995976065,5523137.893715806,283111.8884062899,381773.7796189722,1324019.8971950628,393594.02576164145,510414.8859615088,1714904.648729376,408659.89289840084,576481.9528560678,1903904.7062333098
74,7,511,511,511,8400000,8400000,8400000,3417.605246293865,3420.8917895292197,3425.3104514836486,160302.98808503916,161345.13238770005,162738.7812951351,5042976.549369413,5077591.986085431,5123883.575398408,4095664.6163274897,4129287.1634499226,4174374.8516897783,3084262.8181425785,3123490.8999461466,3182910.481241961,33641.36371275631,33920.71988776147,34296.30615388791,33456.44593497853,33735.80210998369,34111.38837611013,8719659.407544993,10640639.477653664,14607215.105753101,6693517.437658654,9384752.778298886,13235886.772774551,1689994.8689905796,2497829.830133529,5197375.883892192,278474.19226418354,376064.3230576452,1003427.4342623202,397534.64480879484,513187.99502440414,1888085.1238248204,392562.44894353225,540873.59978891,1770985.4479059328
75,7,511,511,511,8400000,8400000,8400000,3424.028217287009,3427.324545436267,3431.7449070284097,162331.73072761294,163374.14248471355,164768.42364510734,5110362.10605081,5144987.228525152,5191300.06426941,4161201.8144006045,4194836.625940479,4239942.132548633,3166799.7411764152,3206265.5898650223,3266101.4915845413,34187.31624717353,34467.504139860466,34843.2348751926,34002.398469395746,34282.586362082686,34658.317097414816,8622637.273364024,10775065.570545372,15730176.808230646,6842103.431764347,9646137.059228107,13483342.957977582,1721233.9876959499,2461793.043332111,5337909.828272596,278050.07227903284,380154.4228117278,1479951.6492780186,381648.5779979102,518872.01335514704,1350694.6053388822,386329.63652287645,527030.3494280883,1836275.012485804
76,7,511,511,511,8400000,8400000,8400000,3430.453432784373,3433.750963327498,3438.1730718184936,164361.14515581352,165403.77591045309,166798.7863460098,5177770.507859623,5212403.378164228,5258740.94427332,4226763.044809274,4260409.328959831,4305533.847474247,3249670.996215119,3288999.4633031255,3347232.7280247887,34733.459564449484,35013.74966061511,35389.62888234972,34548.5417866717,34828.83188283733,35204.71110457194,8763332.94627843,10988449.357681919,14396476.928761875,6775634.541129007,9248695.563827245,12557041.670088973,1703035.3147458676,2446624.507019798,5627679.562733942,279621.72844352736,358960.63869961107,1106816.056982918,387166.53271004953,527852.721803159,2025060.0320333054,391681.3157308346,541109.8595816669,2196274.4208061784
77,7,511,511,511,8400000,8400000,8400000,3436.881004393066,3440.1796597019443,3444.6036321053184,166391.3325993043,167434.0876772597,168829.80088722886,5245205.558655081,5279842.914952578,5326203.429781802,4292349.708456476,4326006.443128027,4371148.842691393,3331020.035565163,3372266.7382521485,3430487.4118795027,35279.803151188404,35560.18885244304,35936.22650672984,35094.88537341062,35375.27107466526,35751.30872895206,8476482.443639748,10532014.635286398,15148099.742777847,6878567.842659353,9606871.26939499,13256985.582804004,1714935.2280034774,2563213.428180215,5403464.485781405,281099.8246071846,368091.5310792649,1528108.407152972,396310.7032403733,559183.0565970151,2090262.8160889354,378204.45324003254,528516.7606554916,1904492.9644303848
78,7,511,511,511,8400000,8400000,8400000,3443.311069456517,3446.610749326277,3451.0364747736658,168422.14537421853,169465.09201775384,170861.509019226,5312661.588993735,5347305.439371798,5393689.386915425,4357959.652751365,4391627.233110458,4436787.991671663,3412141.899354931,3454988.6474737856,3513898.457656969,35826.35868158175,36106.83147051134,36483.018133539386,35641.44090380397,35921.91369273356,36298.100355761606,8513679.33027758,10788779.54436122,15205956.023778513,6738816.319382143,9017711.528792856,12824001.020648772,1648948.2045285318,2502695.701965282,5667676.0071718795,276188.13172546815,356212.73105512536,973753.178654926,384172.35770866903,500342.3580792975,1809619.6299066087,384254.99740101915,535199.710820438,1748641.0935379018
79,7,511,511,511,8400000,8400000,8400000,3449.7434169364083,3453.0441601088683,3457.471685458006,170453.65553417086,171496.78677640134,172893.89083067336,5380141.184623677,5414791.036640028,5461197.691179295,4423593.749494336,4457271.837357174,4502450.645504454,3497294.9243534515,3539473.372892043,3596174.9612284326,36373.108217372486,36653.671387031594,37030.011041708305,36188.190439594706,36468.753609253814,36845.093263930525,8546204.522158468,10680374.648333924,14266880.097184388,6934963.099810257,9426197.55969515,12973471.04268147,1695769.93517476,2360842.8332024785,5098756.251796312,276102.3470258449,366903.3044889386,1562459.4157145529,381448.9190363965,523961.0104847744,1912720.700777093,380707.53963546304,529814.4461335831,1835756.6813537444
80,7,511,511,511,8400000,8400000,8400000,3456.178132303366,3459.4799056232523,3463.9092005396524,172485.84465742772,173529.1517344093,174926.92368027987,5447643.347951477,5482298.874422974,5528727.586887184,4489251.441548241,4522939.905821729,4568136.586794616,3580303.439180582,3623238.411441356,3681129.746453416,36920.05902356391,37200.70975575423,37577.19982364823,36735.14124578613,37015.79197797645,37392.28204587045,8843944.742149778,10602949.17408803,14690772.419474425,7018767.14922245,9707450.423720881,13408448.214418588,1708274.1383417964,2588009.672226186,5373078.17873134,274708.7637187003,380022.8727117694,1414938.22860593,402419.9377900367,561737.4969015702,1981088.9291829716,397455.29022760305,534790.5903022311,2092165.4286784036
81,7,511,511,511,8400000,8400000,8400000,3462.6151609361023,3465.91795155115,3470.3489987053545,174518.66094481552,175562.19333410964,176960.6396770076,5515166.308013998,5549829.169677777,5596280.34760105,4554932.189208404,4588631.502818933,4633846.325392647,3663718.7701778673,3708392.8926721327,3768766.5113066,37467.20645734646,37747.943659625525,38124.58266773291,37282.28867956868,37563.025881847745,37939.66488995513,8784080.730426617,10819130.204936305,15658348.703270722,7053547.043562019,10023166.353628729,13484662.898658713,1709956.9662475013,2522822.015075134,5164975.971455099,280484.6400932334,376048.9204816558,1947896.1740187868,399928.15068774734,539892.9298769357,2027373.9316030235,395766.8838477549,535806.476138074,1945990.31179581
82,7,511,511,511,8400000,8400000,8400000,3469.0544499223925,3472.3583041979346,3476.7911299404554,176552.08315398407,177595.92303392518,178995.0257311653,5582709.354137054,5617382.306028239,5663855.341449319,4620635.7834237125,4654346.740678471,4699579.54185473,3748880.0829177634,3795132.3067219597,3854052.925760426,38014.54602118115,38295.37363460222,38672.1638227165,37829.62824340337,38110.45585682444,38487.24604493872,9146177.50962987,10910440.726202529,14669381.854996491,7333651.86436809,10027892.53191855,13836192.468880154,1836745.3167556701,2872146.414829437,6194355.119464739,276926.07339719974,374705.74560405547,988202.2344024524,410143.3726367213,552990.8286457047,1675160.4244465171,413361.58455926355,607372.8752949585,1938245.1330360903
83,7,511,511,511,8400000,8400000,8400000,3475.4959787670305,3478.8009745763206,3483.235562926934,178586.22904047233,179630.32978275017,181030.06975424945,5650276.43529704,5684957.912694063,5731452.171736557,4686363.372021245,4720085.512777909,4765336.126885468,3835779.6851719446,3879402.096872977,3940273.839007729,38562.075972975385,38843.000616765035,39219.94062656719,38377.158195197604,38658.082838987255,39035.02284878941,9208408.3918719,11667340.053216238,14892850.377393128,7682216.204996247,10271560.285097228,14735155.493667854,1805821.5791592465,2563556.3634952363,5386054.8812770285,279707.14368203736,361023.0729552297,1057946.729743128,417638.130948897,569187.1817133174,1921801.6885683418,411638.9029033873,558399.0234784768,1923826.3999544804
84,7,511,511,511,8400000,8400000,8400000,3481.9398600020827,3485.2459522331283,3489.682286949556,180621.09916617034,181665.46575251757,183065.83247943298,5717867.570679825,5752557.769530988,5799072.868102103,4752114.965175773,4785848.3607549295,4831116.667119758,3920251.6093159197,3964575.4297709814,4027394.770631966,39109.80587795482,39390.82371759369,39767.91216849002,38924.88810017704,39205.90593981591,39582.994390712236,9329551.046214504,11855053.724302292,16149534.744090501,7744431.792283331,10492105.44988679,14555529.154180506,1841656.303524068,2569588.1741255317,5345831.509530656,287912.3993877948,382603.5439656779,1128074.1971093833,430547.2814048502,590283.8059476474,1916826.563356056,429937.21969966014,576058.8304503844,1375011.8314589167
85,7,511,511,511,8400000,8400000,8400000,3488.3860946250757,3491.693290270091,3496.131359521545,182656.61231057177,183701.26782301054,185102.27372413466,5785480.036172536,5820179.815180177,5866716.169285002,4817889.772125152,4851634.727149322,4896920.8595596105,4006096.346251599,4051530.6697107367,4111327.0427032155,39657.73582090922,39938.84745073553,40316.0833371091,39472.81804313144,39753.92967295775,40131.16555933132,9688395.249211268,12201534.30005663,17050364.191578314,7990177.721207294,10802310.642084287,14374359.613997817,1884094.5341643253,2794356.3165247063,5639853.992010147,292705.5092640106,386198.7184700245,1157829.1366494433,441969.67294389853,600471.0626165995,2181208.634664029,438959.51534279686,586214.4806241798,2008687.3355613297
86,7,511,511,511,8400000,8400000,8400000,3494.834605110309,3498.1429340342474,3502.5827509372166,184692.8541091325,185737.76532718044,187139.3978419035,5853116.70244011,5887824.94854658,5934382.137077034,4883688.627989581,4917444.814361218,4962748.663641131,4092281.0116099454,4136549.4368677977,4197094.016937361,40205.85921215405,40487.067170688795,40864.4516074412,40020.94143437627,40302.149392911015,40679.53382966342,9705743.266151063,12239400.38836583,16467625.817888267,8118700.050501974,10691032.696720634,14981299.250756186,1913147.8424031658,3174329.610930165,5788559.255655911,295157.1160641129,400131.2087054899,1640671.6270246343,454211.69884615566,625163.9387670865,2117768.9374470375,434862.90882586327,623284.4540695148,2009648.7147841286
87,7,511,511,511,8400000,8400000,8400000,3501.285473332312,3504.594903368747,3509.0364572197186,186729.77194563232,187774.96875537667,189177.18632381732,5920775.805481572,5955493.520864109,6002070.151745533,4949511.023086304,4983278.7266987935,5028599.900463505,4178002.5251585217,4223769.153378652,4284395.52397481,40754.18301102429,41035.48456412127,41413.01664145387,40569.26523324651,40850.56678634349,41228.09886367609,10095348.714318829,12434235.064201456,16792424.530410487,8178950.775517054,10921455.054028139,15167810.377963835,1954178.71469681,2869547.9129597605,5917644.502817104,296534.88221115066,394262.71658941475,1328912.7668398006,466285.21823091054,638885.6465129151,2287998.9219463496,454345.01231711573,624016.1482514361,1952895.9775647155
88,7,511,511,511,8400000,8400000,8400000,3507.7386493221866,3511.049208499882,3515.492460829755,188767.40460698676,189812.87706744662,191215.68264327373,5988458.647462832,6023185.49782276,6069781.670611776,5015357.339140771,5049136.457550397,5094474.994718092,4264007.362525151,4311160.940109096,4369727.89932254,41302.70297016365,41584.10050026773,41961.776948306986,41117.78519238587,41399.182722489946,41776.859170529206,10364409.69794292,13001567.866263833,17773314.84865069,8381279.876282891,11429688.043160679,15400704.34438444,1925449.9475248053,2981449.078069439,6076698.456235277,293284.09820755123,393986.3315776965,1425706.6916601271,472544.29329088697,656083.443655497,2163115.68143343,463837.1273331556,612146.4538501444,2525592.721823883
89,7,511,511,511,8400000,8400000,8400000,3514.194170503997,3517.505848779451,3521.9508034037344,190805.73914334763,191851.49500856522,193254.84918964957,6056164.793620099,6090901.038370131,6137515.433044821,5081227.452587476,5115018.05607513,5160373.582129157,4351123.694177348,4397807.059320184,4456343.63073072,41851.42227061754,42132.91492403109,42510.73606709521,41666.50449283976,41947.99714625331,42325.81828931743,10558974.274977561,12760739.00848559,16685680.483542463,8902335.793004083,11772706.27260052,15375520.845859742,2004794.4244622437,2932232.032790003,5985955.045326097,304219.8154370709,417422.23600776464,1737171.884837048,478710.72491666034,640540.9905246894,2222600.5095521924,475659.52999385475,632149.1285029701,2348575.0594100403
90,7,511,511,511,8400000,8400000,8400000,3520.652024763478,3523.9648290269733,3528.411449228349,192844.78431613915,193890.84267291398,195294.72247677436,6123894.538024777,6158640.816122522,6205272.663200268,5147121.452077116,5180923.721906917,5226296.019940658,4437977.932051477,4484919.777703899,4543383.17038695,42400.33988267341,42681.92824507053,43059.890962187426,42215.42210489563,42497.01046729275,42874.973184409646,10864414.932508696,13595821.765381902,18263130.251712922,9126250.640176963,12314502.798247958,16959686.641618453,2043753.386660923,2971391.1441470915,6100982.923925238,303146.15599175985,411645.6862605875,1290805.0685020003,485934.8105671206,648251.370920777,2276378.79440235,495235.0945708791,671294.1846695854,2542491.3767152056
91,7,511,511,511,8400000,8400000,8400000,3527.1122207918743,3530.426168814404,3534.8744333275154,194884.51917338208,195930.93027317864,197335.3270171067,6191647.177972655,6226405.172887337,6273054.182331031,5213039.135823782,5246853.559044229,5292242.550246457,4529574.471283678,4576916.840699311,4636668.4257085705,42949.45654508708,43231.14212700209,43609.244610616595,42764.5387673093,43046.22434922431,43424.326832838815,11132921.858152652,13989696.256002672,18605867.378018174,9310542.744366411,12370753.866787598,16271752.119203402,2096653.6185528897,3088735.439512152,6042844.383608162,326755.5508503517,445856.2621954411,1879633.3357071886,501770.3469350869,741664.4558686814,2059718.4454016055,507395.9049524704,678451.9328478386,2264567.6839856496
92,7,511,511,511,8400000,8400000,8400000,3533.574738806253,3536.8898783376694,3541.339779435927,196924.98038124066,197971.7433006767,199376.65661162508,6259423.942112734,6294193.621637721,6340859.782328913,5278980.863392723,5312807.430530336,5358212.969520425,4622664.560605452,4672645.931670611,4731689.611262154,43498.770576309296,43780.557436479685,44158.799029831585,43313.852798531516,43595.639658701904,43973.881252053805,11397363.8334905,14251864.439757483,18039480.974723015,9708564.377579795,12932709.8763157,17284731.95557473,2139434.1696324204,2913664.504852441,6008271.383807927,325635.5479212361,444406.237838115,1584868.053497161,532025.312446267,784182.6172773885,2565825.67077212,520143.67243440286,717708.154428933,2745885.3300146987
93,7,511,511,511,8400000,8400000,8400000,3540.03961405811,3543.3559441696407,3547.8074676000415,198966.16174271872,200013.27542295592,201418.7217625743,6327224.621540178,6362005.949697933,6408689.814751593,5344946.577521786,5378785.278476398,5424207.485318479,4720358.640999366,4772071.902780248,4835556.692610882,44048.284972717134,44330.17303219724,44708.55252378133,43863.367194939354,44145.25525441946,44523.63474600355,11717900.644108139,14387939.817615848,18885754.7552286,10314681.045910621,13357514.443127343,17975608.477925185,2251122.308372017,3316108.9665847723,5892498.341876475,330189.75715368445,437615.78870217584,1424296.8590837095,531734.7350028545,715171.3412174353,2517056.997702609,521499.09067417233,715817.1905984031,2287668.9439097657
94,7,511,511,511,8400000,8400000,8400000,3546.5068409335086,3549.824360634941,3554.2775181684783,201008.09461927207,202055.55967450628,203461.53567977654,6395050.267670973,6429843.264141953,6476544.721722837,5410936.588780191,5444787.429293405,5490226.195636119,4820650.7112511,4870734.37679378,4936512.562659263,44597.999257126,44879.98843174777,45258.50682209844,44413.08147934822,44695.07065396999,45073.58904432066,12137326.931811402,14558302.897632524,18853937.76323477,10079899.915484447,13170711.77246152,17967111.76535902,2201919.3761282233,3289110.842653337,6247528.719767645,334681.97479482106,446663.6403924345,1737907.7662991588,527503.236474353,739095.4051735902,2624370.358783434,533580.9501365819,737001.3112707835,2727180.9683411173
95,7,511,511,511,8400000,8400000,8400000,3552.9764498804107,3556.2951597346473,3560.7499407486393,203050.78054334232,204098.59636799042,205505.0821297397,6462900.931600591,6497705.575234404,6544423.958199799,5476950.918181211,5510813.892176161,5556269.027427349,4926028.984205092,4976603.5254522255,5044036.255508865,45147.916017612704,45430.006355222824,45808.6627414121,44962.998239834924,45245.08857744504,45623.74496363432,11817330.699237673,14893147.812847758,19756911.8163293,10428337.178347722,13817839.229348164,18287716.864085857,2239088.053412212,3355666.1608562036,6202807.014576749,333018.39232488995,458580.99025944824,1818364.027877405,541667.498585164,734051.654420984,2297186.1584002385,548874.3533397114,775478.8917533092,2852880.867508747
96,7,511,511,511,8400000,8400000,8400000,3559.448442958942,3562.768342370212,3567.224728179152,205094.19581258873,206142.37525190756,207549.34940888104,6530775.817637822,6565592.5385279795,6612327.128479849,5542989.339373168,5576864.572511146,5622336.154872107,5029841.40339646,5080846.395673825,5155552.406136846,45698.03542928787,45980.22687924578,46359.01967300569,45513.11765151009,45795.309101468,46174.10189522791,12466177.435392743,15201636.578786843,20101529.607709978,10444188.661531374,13813821.374173578,18007346.74678848,2242596.90784556,3373055.1239740024,6708938.099491565,334570.91314044024,439672.59501830535,1242571.0269241603,532482.8770746705,752835.3059081835,2771847.1648579543,557928.8815013423,729365.7723136956,2545057.930242875
97,7,511,511,511,8400000,8400000,8400000,3565.9227979777615,3569.2438992657985,3573.7018975364813,207138.32384391045,208186.87059015143,209594.36899559607,6598674.369784827,6633503.290730882,6680255.297856146,5609051.694829718,5642939.223816497,5688427.608509948,5136191.884357775,5189450.594219239,5264990.814694022,46248.35560588751,46530.649215370664,46909.579068378676,46063.43782810973,46345.73143759288,46724.661290600896,12433723.983606707,15236730.292012043,19941949.53252757,10560914.391922852,13735592.929269776,18196269.907490343,2286749.512736055,3286847.5048202467,6832192.225252005,341018.9124040721,443475.0796781824,1698560.0757003156,546682.2909524214,772190.77013092,2931618.7892437815,562033.3447826607,755962.8887907475,2403458.966834915
98,7,511,511,511,8400000,8400000,8400000,3572.39949949311,3575.7218062565194,3580.1814518147007,209183.19411111585,210232.1183911463,211640.1328619256,6666597.575787179,6701439.038903768,6748208.188863427,5675138.275667291,5709038.201595761,5754543.313461831,5246975.200135433,5299822.888732415,5375544.446863484,46798.8752346921,47081.27130958193,47460.34118202735,46613.95745691432,46896.35353180415,47275.42340424957,12518514.424175031,15047927.94926637,19028121.006780572,10978261.838141374,14345419.770086845,19074182.12319143,2298791.7830383927,3388097.0488016685,6286779.849008747,341313.3201837281,482127.41223677027,1403429.6120069765,574621.2209606664,785180.6876948745,3134000.733284706,569266.6737630722,761428.6061516829,2854579.469596046
99,7,511,511,511,8400000,8400000,8400000,3578.8785760458127,3582.202098195663,3586.6633836727287,211228.79992449522,212278.11250231633,213686.6487003161,6734545.211077254,6769399.57629163,6816186.058839392,5741249.021758715,5775161.451533111,5820683.3500617035,5358517.826579274,5411271.910938612,5488734.79912696,47349.59674167187,47632.09612440912,48011.30538995971,47164.67896389409,47447.17834663134,47826.38761218193,12758386.248698924,15602266.55396552,20815735.538403228,11105919.293660332,14299773.561850697,18906188.714117434,2415660.6087401514,3389553.0430104863,6254385.625343791,342343.00403845124,485981.81763632025,2652153.613562202,574314.555518636,801889.2448969488,2795348.5066151037,568664.1830413529,777682.6271840534,2760160.3937069196
100,7,511,511,511,8400000,8400000,8400000,3585.3600217410503,3588.684769758148,3593.1477009864416,213275.15704586744,214324.85950892034,215733.91766330475,6802517.803725365,6837385.1232809145,6884188.945888174,5807384.09187607,5841309.0434532985,5886847.735288874,5470275.297347916,5523896.189322552,5602296.514043694,47900.51962576707,48183.12320722037,48562.47236162531,47715.60184798929,47998.20542944259,48377.55458384753,12780779.013739347,15730114.185530517,20209678.82642511,11216293.64824375,14487577.258875113,18537792.74798865,2377049.4603442806,3471675.248200646,6627053.000972409,340377.16173482005,461911.02648465784,1605673.0348425505,577393.0323987737,842641.0537978081,3062346.2463894,589644.4491554938,780826.9670389158,2982736.8879007143
101,7,511,511,511,8400000,8400000,8400000,3591.843852144713,3595.1698277895393,3599.634405420478,215322.26717142155,216372.35967124687,217781.94004236875,6870515.410177337,6905395.688334682,6952216.85952964,5873543.508385178,5907480.985949127,5953036.478055736,5583136.305875573,5637474.211282009,5716016.3301249705,48451.645210078364,48734.353139888604,49113.8422385184,48266.727432300584,48549.435362110824,48928.92446074062,13249755.777232088,16232123.559098747,19846479.605853062,11365759.484509766,14773981.09727783,19334654.068310264,2393969.4535234324,3434991.519478345,6370724.433704662,344238.72374491923,468793.31349649915,1814796.2547908248,586611.450930279,793098.6160926595,2862633.3128373623,594967.8299422868,825891.7987012601,2892299.8745993436
102,7,511,511,511,8400000,8400000,8400000,3598.3300694495274,3601.6572731322676,3606.123497848602,217370.13055674997,218420.6133088265,219830.71608025592,6938538.038367461,6973431.281993542,7020269.807471057,5939727.279462462,5973677.288284837,6019249.586622622,5696287.953251011,5751189.18579243,5827970.498398625,49002.9736809876,49285.78599402051,49665.415094908916,48818.05590320982,49100.86821624273,49480.497317131136,13259986.385362403,16597833.449363755,22153826.89925549,12161456.077121684,15320387.562298156,19800621.227281604,2346434.665286138,3553502.210815778,6596650.538526357,357509.94542372663,468119.7064491522,1263638.632308439,597586.9033713348,830071.3591137866,3113380.464200425,611003.0879849917,842260.5156755093,3293616.599451151
103,7,511,511,511,8400000,8400000,8400000,3604.818674457104,3608.147106694592,3612.6149790806494,219418.74747918764,220469.62072759288,221880.23971847515,7006585.697295716,7041491.914202133,7088347.5863756975,6005935.413833676,6039897.959457053,6085487.007859627,5810144.451550681,5863605.009367875,5942459.278283856,49554.50510663163,49837.42184681809,50217.19099963296,49369.58732885385,49652.50406904031,50032.27322185518,13315582.529328411,16367081.075283257,21194967.40140678,11857190.851806829,15541959.654664593,19980925.75295047,2441646.4137057224,3696447.8462638296,6423669.528651488,352654.77211994457,467072.2827568269,1546060.3552666726,604653.1685020309,815364.3245804128,2990148.833131497,606996.0154664855,844568.135675475,2839930.4083862086
104,7,511,511,511,8400000,8400000,8400000,3611.309668022909,3614.6393293585347,3619.1088439078067,221468.1182048302,222519.38096758383,223930.51630522296,7074658.395522034,7109577.552401192,7156450.375459949,6072167.92005357,6106142.996027733,6151748.799811209,5923752.645390111,5977146.084609705,6059281.758778998,50106.23955972508,50389.26077325322,50769.16950994134,49921.3217819473,50204.34299547544,50584.25173216356,13546193.304406255,16367848.99803315,21165278.605688028,12129602.894428784,15534302.329724692,19827673.929346036,2366046.3569768886,3651677.025129941,7468074.64027927,357044.57153644203,490062.3623202999,2464666.1054653293,622568.8365285867,830509.4360788835,2733657.7276280764,590737.9437976592,801287.9511236923,3048679.6812967737
105,7,511,511,511,8400000,8400000,8400000,3617.803050985644,3621.1339407870328,3625.605098020707,223518.24306126032,224569.8920611084,225981.54733630296,7142756.143957179,7177688.130562972,7224578.224702507,6138424.807568576,6172412.384933682,6218034.983160073,6037789.33437292,6094023.353680436,6173681.135043092,50658.177111557525,50941.30274467556,51321.351109537856,50473.259333779744,50756.38496689778,51136.433331760076,13582726.384212589,16353654.781808238,21291305.00534005,12027411.24517245,15874637.204843903,20946299.432450604,2496722.325528289,3615118.3531095283,6551367.47651253,343020.4538626108,448200.1430138226,1328730.2675948588,600820.755228231,876865.1011368238,3091721.12657444,605317.8864251507,819545.6806541681,2569512.305694603
106,7,511,511,511,8400000,8400000,8400000,3624.298824271429,3627.6309396993806,3632.103743447066,225569.1223729919,226621.15775383083,228033.33306692718,7210878.953420113,7245823.7742241435,7292731.142400797,6204706.085812383,6238706.168819321,6284345.566465018,6151314.544005094,6208448.977180114,6286476.077156325,51210.317840849246,51493.547652225134,51873.73597077839,51025.400063071465,51308.62987444735,51688.81819300061,13600874.844964996,16143125.149527833,20449321.13779711,12515606.269971523,15462068.08450551,19526597.660961445,2421670.563931562,3794197.062596625,6697191.555929834,345100.0054789488,460426.51428597915,1724456.3394902765,619086.8145755079,840412.7754025664,3287816.148414512,609006.0802690358,821552.67714663,2596714.8630227307
107,7,511,511,511,8400000,8400000,8400000,3630.7969888051357,3634.130330276404,3638.6047810259824,227620.75642051548,228673.1783575033,230085.87380584018,7279026.833027933,7313984.493666223,7360909.138805675,6271011.763568288,6305024.356890943,6350680.558967368,6265425.434793885,6324635.43826842,6401275.373976889,51762.66182621431,52045.99585127213,52426.32416498627,51577.74404843653,51861.07807349435,52241.40638720849,13247966.54337775,16292278.993974505,21520262.896803204,12701614.932358053,15613963.464474361,19593874.656592898,2438223.723171935,3738111.6362679745,7135171.026290587,345382.81972647953,443805.82715032273,1478568.2884369907,605479.0592997853,846915.5186228848,3051374.150113295,612519.286323669,862025.7624394458,2892064.7954069343
108,7,511,511,511,8400000,8400000,8400000,3637.2975454478715,3640.632113420681,3645.1082116634675,229673.1454298261,230725.9541385352,232139.16984740054,7347199.789911345,7382170.297405525,7429112.223706106,6337341.848929782,6371366.957671347,6417039.969792919,6379531.545095196,6437819.1824375065,6517679.184563779,52315.20914084685,52598.64741853564,52979.11576917251,52130.29136306907,52413.72964075786,52794.19799139473,13669278.003116902,16349455.82387638,20861010.719847385,12272753.629809802,16068395.089345438,20793066.81550273,2394571.3131362335,3530506.516324489,6571577.721086158,343256.69450574316,465544.3456774208,1667204.2775088218,607360.4944074269,859189.2439989191,3296393.464392574,606486.7604105137,774769.777659142,2682306.077503607
109,7,511,511,511,8400000,8400000,8400000,3643.800494993116,3647.1362899677792,3651.614036254208,231726.28971156865,232779.48539255143,234193.22148136378,7415397.834310237,7450381.195270381,7497340.406656226,6403696.351087136,6437733.9803025415,6483423.8079456,6495448.137906085,6553827.9358935505,6633613.113849878,52867.95985219263,53151.502425039005,53532.110859385444,52683.04207441485,52966.584647261225,53347.193081607664,13821829.30612482,16614481.633740595,21968588.837017227,12616707.829601774,16138655.328277493,20595777.167603794,2442571.3219837216,3748108.8846752113,6736201.197249622,349184.2494025231,471413.43262288993,1834830.6047602505,617583.5865510335,842221.7690133364,3004177.7214344693,599759.7782546135,819239.9619613392,3057208.533299743
110,7,511,511,511,8400000,8400000,8400000,3650.305838341876,3653.6428608139745,3658.122255680941,233780.18954275874,234833.77241026243,236248.0290267182,7483620.975270619,7518617.196863534,7565593.698258592,6470075.278840153,6504125.433821382,6549832.082786647,6610653.084019169,6669671.996654134,6752010.221947136,53420.91403683725,53704.56094696563,54085.30951065778,53235.996259059466,53519.643169187846,53900.39173288,13455784.464935072,16138214.37574131,21032391.596915167,12473502.283285065,16006871.263887435,20726339.1043717,2323538.5929513252,3339860.813390444,7135948.055627348,342770.42875396035,435547.77525698947,1091466.9986323644,615637.3321088341,878842.6072771609,2793952.562136055,617803.887974111,882332.0050128652,3160892.6794520947
111,7,511,511,511,8400000,8400000,8400000,3656.8135763568775,3660.1518268452337,3664.632870861436,235834.8452226942,236888.81549659683,238303.59278738947,7551869.222729258,7586878.312322668,7633872.108618059,6536478.641352295,6570541.327465223,6616264.803542782,6727196.877446489,6786477.184216295,6870041.529783679,53974.071768112386,54257.82305962263,54638.71180099984,53789.153990334606,54072.90528184485,54453.79402322206,13505959.134642968,16539432.1109007,21510113.225310214,12718037.771974925,16461415.241728978,20704923.600282356,2310847.446489903,3584193.5222651106,6848295.61249209,327864.25466628914,433755.54261126457,1366805.8065173111,616176.0215292316,840778.9225957992,2934901.255475211,607235.5455318181,842949.3757648965,2850103.8411399643
112,7,511,511,511,8400000,8400000,8400000,3663.3237099364997,3666.663188967179,3671.1458827002725,237890.25707236383,238944.6149545079,240359.91308066738,7620142.587362781,7655164.551718623,7702175.64828723,6602906.448015683,6636981.670455869,6682721.979575374,6844098.106091086,6905039.271062279,6987829.53130324,54527.43312238024,54811.288839987974,55192.31780730096,54342.515344602456,54626.37106221019,55007.40002952318,13213728.642440392,16418503.238659069,21248072.37274927,12989867.682273025,16420234.455792068,20484672.75991822,2375741.446255952,3482863.6820137515,6819554.107830538,322995.4715377532,426033.2734065473,1437635.8998645172,601041.7432451905,824963.5701605977,2569838.7620949447,620099.6453266303,830969.6117676136,2766719.4880713886
113,7,511,511,511,8400000,8400000,8400000,3669.8362400015376,3673.176948083909,3677.6612921152328,239946.42542155826,241001.17108308297,242416.99022200395,7688441.0801417185,7723475.924992664,7770504.327756041,6669358.708312893,6703446.471981589,6749203.620232073,6962104.441606171,7022945.993414655,7104315.160708401,55080.99817790848,55364.958364910024,55746.12760757257,54896.0804001307,55180.040587132244,55561.20982979479,13629966.479701353,16861276.22414439,21091022.133631323,12767752.741719197,16266867.190187294,20568879.531196233,2411685.2523539932,3411851.306473209,7088345.2159447465,324796.6782554892,427140.2620172961,1547600.6499427885,623501.2334339711,828697.1824957436,2853909.2654104456,615710.6952801407,818919.5806827506,2631013.8134898944
114,7,511,511,511,8400000,8400000,8400000,3676.3511674816564,3679.6931050962344,3684.179100022752,242003.35055568884,243058.4841861159,244474.82452193668,7756764.7105480535,7791812.442243671,7838858.157289783,6735835.431298171,6769935.741280396,6815709.734757743,7079596.174341648,7140497.600400967,7223093.785456211,55634.767013718556,55918.83171095769,56300.14127971172,55449.849235940776,55733.91393317991,56115.22350193394,13613129.519790865,16672420.856223654,20990020.229266405,12765031.162665386,16291442.618751014,21165984.23102879,2311037.9513469054,3402436.745102643,6302830.426075679,336017.83914494736,449388.3291080822,1905636.606426031,605719.2011603251,823453.5772565966,2558783.9189753192,618391.1674068405,855187.6433657497,2515387.2629415104
115,7,511,511,511,8400000,8400000,8400000,3682.8684932645265,3686.211660909843,3690.6993073291906,244061.0327602449,245116.55454670146,246533.41626826848,7825113.488065901,7860174.112864422,7907237.146438334,6802336.626028945,6836449.487380069,6882240.332226451,7196798.338919334,7259591.871530724,7341374.983475548,56188.73970526254,56472.90895511441,56854.35890075897,56003.82192748476,56287.99117733663,56669.44112298119,13575852.912194809,16346969.24276075,21302142.62006064,12740822.964159884,15963873.731719138,20633660.44509027,2339630.1784845563,3451048.192865664,6174313.134672695,318015.414227733,440118.4677878141,1622701.0042191017,601590.3753472974,817773.1873784421,2757414.7731078393,606174.4328914983,831600.2070833654,2735714.482648009
116,7,511,511,511,8400000,8400000,8400000,3689.388218238132,3692.7326164098104,3697.221914924162,246119.47235220333,247175.3824702626,248592.76575561523,7893487.423235381,7928560.946975087,7975641.304991106,6868862.30187371,6902987.719508166,6948795.421793019,7315662.947880547,7376611.14774804,7460518.158193445,56742.91632801899,57027.190172611685,57408.78054633154,56557.99855024121,56842.272394833904,57223.86276855376,13651456.955218699,16441730.790832954,21245081.241202485,13395364.565605657,16049159.725808505,20748925.873039562,2270353.241760382,3439106.097652312,6658484.498978379,321125.99815419613,443723.8818077228,1876573.354329953,609294.2479840494,817622.1177221009,3075664.535008684,610942.8015897763,831975.9749002839,3041354.166368587
117,7,511,511,511,8400000,8400000,8400000,3695.910343320952,3699.2559725008005,3703.746923705198,248178.66961637858,249234.9682548285,250652.87329279372,7961886.525518419,7996972.954479987,8044070.6432130225,6935412.467891856,6969550.446856312,7015375.0127540715,7434199.193418101,7495553.432441522,7578019.010100773,57297.296960058695,57581.67544034583,57963.40629271961,57112.379182280914,57396.75766256805,57778.488514941826,13457297.183703758,16203289.043588344,20672006.832307998,13069684.144286597,16693813.710127143,21673859.043769985,2313251.7232031925,3616575.820651476,7088379.9637774555,315328.53864200576,423568.2182033987,1277376.075539223,608510.1327063843,857684.4892715226,3298409.172080829,611096.7222657586,846706.035037348,2882113.0416157823
118,7,511,511,511,8400000,8400000,8400000,3702.4348694011624,3705.7817300839524,3710.2743345837325,250238.62485804697,251295.31219485798,252713.7391722996,8030310.805062665,8065410.145163756,8112525.1708217915,7001987.133345352,7036137.678585032,7081979.114251221,7552757.148713098,7616010.765546363,7696576.982429126,57851.88167687658,58136.364834913715,58518.236217395046,57666.9638990988,57951.447057135934,58333.318439617266,13267401.97616158,15892434.511358019,20523735.606088713,13008203.429895958,16411571.421119483,20785756.932371214,2347863.332351008,3396301.5298117483,6345169.146528892,325755.23940808384,431828.931259795,1489357.4241805843,606043.5710423285,825596.4476657548,2750686.755644179,612982.4122662834,866432.5806022338,3014333.8752213106
119,7,511,511,511,8400000,8400000,8400000,3708.961797386799,3712.309890057356,3716.804148456002,252299.3383680606,253356.4145855765,254775.36369540644,8098760.27153108,8133872.528836111,8181004.89782938,7068586.30735838,7102749.4238652475,7148607.735515239,7671930.132375383,7736223.745484623,7816244.397323639,58406.67055565571,58691.25843265305,59073.270396537955,58221.75277787793,58506.34065487527,58888.352618760175,13569527.380912382,16381079.303164849,20939708.3237824,13188435.297065562,16257766.78130719,20912166.08749659,2308340.695423566,3406791.2359292195,6447764.516992798,314367.286062888,411306.2883677665,1190581.9271084787,607498.072064859,769592.6652263226,2406989.45481195,610969.3983023288,861027.0877416007,3447029.7699548076
120,7,511,511,511,8400000,8400000,8400000,3715.4911281723903,3718.8404533201224,3723.336366226984,254360.81044261227,255418.27572079102,256837.74715994296,8167234.934765721,8202360.1152592,8249509.834132054,7135209.999110637,7169385.691857552,7215260.885747014,7792034.055629426,7855115.556657049,7935484.340383589,58961.66367243095,59246.35630998818,59628.50890707144,58776.74589465317,59061.4385322104,59443.59112929366,13491065.168913845,16813378.164834857,21343501.58831026,13159562.444073629,16487123.22960131,21568762.47460098,2357729.4768461464,3538294.3973047463,6800001.348406812,315435.87758959085,423991.8031772421,1618308.603983238,605221.6422880467,876698.983207724,3121725.4631238626,610134.7465636566,876957.9418644028,3309789.1544573097
121,7,511,511,511,8400000,8400000,8400000,3722.0228626579055,3725.3734207703483,3729.870988798727,256423.04137493082,257480.89588698454,258900.88985200177,8235734.804508934,8270872.91394951,8318039.989232776,7201858.217756122,7236046.491654281,7281938.574036603,7915698.957784755,7979556.799656521,8060098.63119861,59516.86110369976,59801.658543257385,60183.95182566956,59331.94332592198,59616.740765479604,59999.03404789178,13492346.053579697,16117268.621131947,21092404.983902596,13091203.448019892,17141581.169188146,21611922.91413067,2267963.322809847,3502836.666197283,6840531.522750379,307083.73058850825,410386.4546272415,1168743.9893335267,622828.3579725452,884744.6464619514,2812985.08117271,617370.3070621879,817962.0415983074,2485002.0541970804
122,7,511,511,511,8400000,8400000,8400000,3728.5570017407963,3731.9087932994394,3736.408017062412,258486.03146666125,259544.27536703975,260964.79206512476,8304259.890785212,8339410.93430295,8386595.372884374,7268530.9725345215,7302731.832315585,7348640.80954987,8041379.409330711,8107291.99632224,8189069.8956340905,60072.26292574547,60357.16520823012,60739.59922808281,59887.34514796769,60172.24743045234,60554.68145030503,13330349.56673578,16712328.091055559,21423305.59739224,13192042.725288816,16268408.278885337,21109830.874003783,2270552.0494699026,3329572.8440432646,6093785.208780446,311429.3089447968,430889.56250371307,2229758.083297498,588588.2292320415,778878.6641274116,2265314.5786567223,605629.5331127165,846731.0583683668,2965368.734314287
123,7,511,511,511,8400000,8400000,8400000,3735.093546326914,3738.4465717956455,3742.947451916654,260549.78100587917,261608.41444967553,263029.4540845131,8372810.203164274,8407974.185911264,8455175.994560244,7335228.272557031,7369441.722961449,7415367.601374732,8170700.084061748,8239047.159337732,8324813.455931447,60627.86921556546,60912.87638040765,61295.45119069336,60442.95143778768,60727.95860262987,61110.53341291558,13449378.320719456,16611279.932478765,21554645.4835161,13057840.6962133,16788112.761884596,21981182.04314066,2207378.1947709466,3266151.367027582,6241433.808744796,306070.98189085984,408457.0775621725,1335534.8969295304,598812.7315166361,805326.214294112,2478496.829942694,605402.9864788674,864702.2590001157,2862786.2276939014
124,7,511,511,511,8400000,8400000,8400000,3741.632497309513,3744.986757153083,3749.4892942524248,262614.29028338933,263673.3134263667,265094.87619226996,8441385.751307711,8476562.678458642,8523781.863630151,7401950.126964897,7436176.172741905,7482118.958571842,8303103.927043843,8369898.621777966,8457748.364603275,61183.680049086375,61468.79213578986,61851.50778923388,60998.762271308595,61283.87435801208,61666.5900114561,13962818.607124792,16902216.11468025,21331014.313519347,13511316.038644878,17023864.284744386,21291655.604504377,2326619.5245442144,3373671.151817046,6274728.971216936,300586.22660139215,419237.4358117251,1782386.5481585518,613602.8079503621,810650.6379255725,2911969.9598803082,594390.0580191296,785008.8294887831,2702570.73148578
125,7,511,511,511,8400000,8400000,8400000,3748.1738555847937,3751.529350268814,3756.033544958024,264679.5595783105,265738.97257628274,267161.05867213226,8509986.54448523,8545176.421216823,8592412.98951883,7468696.544788225,7502935.190690012,7548894.890220532,8440161.229504878,8507733.916259984,8595565.218181986,61739.69550248526,62024.912550626985,62407.7690992098,61554.77772470748,61839.994772849204,62222.85132143202,13504916.030901758,16231767.20419197,21080633.311580718,13074164.298325539,16864452.502166465,21346270.93632016,2243392.41862772,3376601.605911947,7193251.810425556,294034.1990819607,396135.07174655795,1214872.9387810272,614270.9194886484,841555.9094432645,3334488.353694302,612992.2028683092,802431.2885849449,2511789.815355703
126,7,511,511,511,8400000,8400000,8400000,3754.717622038061,3758.0743520284323,3762.5802049235817,266745.589169389,267805.3921786843,269228.00181116926,8578612.591954084,8613815.423460593,8661069.381762726,7535467.535055826,7569718.785842029,7615695.405435356,8576367.859014465,8644079.20820218,8738860.725096833,62295.91565101298,62581.23770019454,62964.235196282214,62110.9978732352,62396.31992241676,62779.31741850443,13462613.464499656,16418194.252267135,21070522.85719987,13616081.408003785,17194691.585119136,22074483.466842502,2313428.5931219757,3508078.1685416526,6670564.933248541,292598.726551485,385589.38009573956,1282213.3759513623,610957.884054115,839888.6613563256,3059424.4923921577,618226.5053126686,833308.997370342,3181247.5348633276
127,7,511,511,511,8400000,8400000,8400000,3761.263797554493,3764.6217633178458,3769.129275042682,268812.3793446974,269872.5725169939,271295.70589009894,8647263.90328453,8682479.69460446,8729751.049685385,7602263.106890292,7636526.967277403,7682520.513271706,8715376.640010675,8784071.173307117,8880213.908986092,62852.34056990967,63137.76765979469,63520.90615640575,62667.42279213189,62952.84988201691,63335.98837862797,13206112.065847019,16262699.681579366,20618254.734687686,13523050.605678657,17354011.813923363,21887802.77992997,2174283.022166491,3429210.581821601,6409661.162871994,298056.7573574178,406593.0865403318,1409749.4654387808,586873.1999777377,788390.9495630892,2466593.1968610995,606140.208150415,791783.6954578776,2539198.0073944046
128,7,511,511,511,8400000,8400000,8400000,3767.81238302846,3771.171585027196,3775.6807562031086,270879.93039896904,271940.5138847665,273364.1711888981,8715940.488270052,8751169.244402725,8798458.002585737,7669083.269482227,7703359.744177345,7749370.222780367,8856658.275987042,8925846.416191868,9025441.39683151,63408.97033519688,63694.50250508947,64077.782055042,63224.0525574191,63509.58472731169,63892.86427726422,13452501.25553624,16309292.771526955,21552932.92749874,13451265.813906036,16808590.616629228,22122254.18862292,2260821.90899306,3198163.1084299167,6515797.455459732,301093.2059733298,377148.40732750966,876218.1603272631,605692.5764343047,840509.1363775632,3229052.713125265,626247.3657499645,827235.1812470868,2635670.2670666757
129,7,511,511,511,8400000,8400000,8400000,3774.3633793610024,3777.7238180566023,3782.234649292193,272948.2426160265,274009.21656211716,275433.3979909332,8784642.356338415,8819884.082159087,8867190.249876443,7735928.031919098,7770217.1255950285,7816244.543047688,8999285.764128687,9069190.022143617,9170382.903558435,63965.80502346301,64251.44231258899,64634.86296761418,63780.887245685226,64066.52453481121,64449.9451898364,13748753.490152998,16381849.34071648,21532420.13562861,13743963.420601128,17055715.45391861,22300375.57382651,2187708.636160042,3545550.2407282772,6714236.640633797,299403.98632461595,398161.0895379087,1629147.5221650444,615323.3097988671,863195.9348595823,3059094.9506796165,609742.26340472,826724.7731766928,2788044.7373670335
130,7,511,511,511,8400000,8400000,8400000,3780.9167874430486,3784.27846329363,3788.7909552007536,275017.3162825176,276078.6808317453,277503.38657688623,8853369.517012166,8888624.21726401,8935947.800880296,7802797.403318679,7837099.120611365,7883143.483136506,9144190.641841678,9214004.460465956,9315699.19781727,64522.84471043693,64808.58715773635,65192.148969841845,64337.92693265915,64623.66937995857,65007.231192064064,13330478.967789909,16739489.438253032,20949742.36135137,13879740.991344668,17505049.192074608,22757658.889333267,2210658.320032083,3147156.131716489,6513701.801755675,286558.32293392473,390962.0865127835,1288041.5469466,612124.5934568833,829160.6606509411,2910425.699651447,607376.4769885961,837740.8539766864,2484524.483610169
131,7,511,511,511,8400000,8400000,8400000,3787.472608168498,3790.8355216285654,3795.3496748173043,277087.1516793408,278148.90697407495,279574.13722722884,8922121.979621124,8957389.659031745,9004730.664913183,7869691.392745411,7904005.73828763,7950067.052110123,9288384.677762607,9359111.703957176,9460673.327595351,65080.0894721001,65365.93711620582,65749.64013724866,64895.17169432232,65181.01933842804,65564.72235947088,13370997.890431823,16728504.548018908,21541498.72427858,13775020.630961109,17470831.275013752,22367845.8826093,2256990.474620639,3442677.4589641206,6075904.301338803,288915.8566203996,376435.0108260478,1557614.992763781,614796.3372875658,845872.8403011984,2953829.3488951167,603907.7495726396,808743.7219607722,2849923.1471037776
132,7,511,511,511,8400000,8400000,8400000,3794.0308424260206,3797.3949939497675,3801.9108090304044,279157.74908697425,280219.8952696481,281645.65022253804,8990899.75348112,9026180.416780524,9073538.85129454,7936610.0092621315,7970936.987688644,8017015.259035253,9433844.708612274,9505584.299742794,9605675.249385169,65637.53938398954,65923.49226350803,66307.33654536214,65452.62160621176,65738.57448573025,66122.41876758436,13445529.618746126,16418645.16978285,20785602.311939023,13850530.36372525,16927311.69582286,22455021.832338195,2183176.601999589,3421477.0615415564,6275494.508114506,283286.01613721525,381274.14809474885,1970429.2373010314,624032.7529147572,866751.9521209322,3450081.998866391,607997.1786320576,871854.7110910645,2877628.407832112
133,7,511,511,511,8400000,8400000,8400000,3800.5914911041305,3803.9568811459453,3808.4743587289463,281229.1087860299,282291.6459990984,283717.9258435222,9059702.847912641,9094996.499831654,9142372.369348299,8003553.261935508,8037892.877882485,8083988.112982352,9580622.502036268,9651020.527531203,9751814.772336628,66195.19452162887,66481.25267518315,66865.23826973823,66010.2767438511,66296.33489740537,66680.32049196045,13373343.72286067,16069832.29184006,19599399.936139263,13797633.272437796,17056367.621304557,21468767.634666543,2241794.8216580553,3376579.8607920264,6624623.8033743845,278477.27173263894,373489.4707728804,1506064.946677382,606202.4918179591,825177.6067276046,2161893.427289196,612516.3443295546,845674.1421322352,2386021.6303560655
134,7,511,511,511,8400000,8400000,8400000,3807.1545550917162,3810.521184106126,3815.040324802191,283301.2310572331,284364.1594431617,285790.9643734281,9128531.272240013,9163837.91750992,9211231.22848352,8070521.159835725,8104873.41794065,8150985.623049077,9725631.549800599,9796499.84314569,9899157.621094504,66753.05496057367,67039.21842679848,67423.34538596404,66568.1371827959,66854.3006490207,67238.42760818626,13448814.52014529,16352697.95688703,21204942.733894005,14368572.877148818,18033863.6919268,21612138.20730501,2199473.0712242494,3216085.9016317865,6120003.6925746035,278256.8619270667,383875.3205747175,2027941.8235072314,622019.2613678713,828242.8788790174,2953579.2511180267,610874.2711557199,823115.4137493976,3133481.7499883114
135,7,511,511,511,8400000,8400000,8400000,3813.7200352780123,3817.0879037196714,3821.6087081420665,285374.1161814289,286437.43588316423,287864.7660936905,9197385.03579165,9232704.679159967,9280115.43804847,8137513.7120365845,8171878.616942837,8218007.798317874,9871784.752955636,9945706.557881355,10045208.823031139,67311.12077640882,67597.38959394986,67981.65796985342,67126.20299863104,67412.47181617208,67796.74019207564,13215595.820835292,16271619.945274191,21271288.71009963,13753183.500423137,17446454.768889297,22184827.813286968,2102779.565810649,3068776.847801824,6562893.21244498,283205.50940966955,391223.71490553714,889457.4073936042,603405.2678904952,804649.0487880916,2692858.218899432,625481.0566003511,866913.5332737255,2993093.2741184626
136,7,511,511,511,8400000,8400000,8400000,3820.2879325526064,3823.6570408767484,3828.1795096390074,287447.76443954743,288511.4756014018,289939.3312853906,9266264.147898767,9301596.794158898,9349025.00737957,8204530.92761503,8238908.483980585,8285054.6478701485,10017796.979441078,10091289.278758174,10191411.754000617,67869.39204474931,68155.76625230142,68540.1760970934,67684.47426697153,67970.84847452363,68355.25831931562,13585783.28397328,16259531.14419426,21086034.601367164,14132503.11316191,17831623.955661204,22399157.298747767,2093791.5323252256,3173656.7883885875,6462918.695115367,270496.46104055503,364584.55128984846,1195340.6158579031,598502.741488265,811570.1374894028,3090592.602330346,617543.8669952526,884127.8213035789,3126449.857841085
137,7,511,511,511,8400000,8400000,8400000,3826.858247805395,3830.228596468685,3834.752730183348,289522.17611260456,290586.2788789577,292014.6602297299,9335168.617895417,9370514.271843135,9417959.945817286,8271572.815651178,8305963.0281359935,8352126.180790873,10164658.486520698,10239333.257114235,10339154.089948528,68427.86884123636,68714.34847761599,69098.89984336235,68242.95106345857,68529.43069983821,68913.98206558457,13587911.282120783,16384183.88413819,21272387.76154596,14339194.47604667,17739057.66516334,22530474.994962353,2159498.3674526564,3384075.271677137,6458131.543115269,273783.9711019431,361609.9157471134,1131576.6813134064,612285.3792458888,818369.0325655477,2850914.736801417,619236.8089679481,813400.8912718057,2695244.4517896287
138,7,511,511,511,8400000,8400000,8400000,3833.4309819265864,3836.802571385882,3841.328370665772,291597.3514817277,292661.84599701094,294090.7532080039,9404098.455119427,9439457.12155228,9486920.26270523,8338639.3852286395,8373042.25849447,8419222.406168293,10311346.229063537,10386482.580983166,10488713.179808097,68986.5512415376,69273.13634557773,69657.82928436839,68801.63346375982,69088.21856779995,69472.91150659061,13396926.316429928,16443725.792905375,21085587.539323002,14163532.953326844,17638031.105237994,22661340.345058292,2188663.2577001806,3196746.7222609897,6520180.312355177,279197.8582590615,380532.64653338457,1602889.0281279467,617409.535753129,826382.7365163285,2701770.2165316064,633779.1868740639,819479.9683796843,3257918.571872451
139,7,511,511,511,8400000,8400000,8400000,3840.0061358067296,3843.3789665190657,3847.9064319772833,293673.2908281827,294738.17723686196,296167.6105016062,9473053.668913368,9508425.352630105,9555905.967390256,8405730.64543485,8440146.18414506,8486343.333093952,10458977.91028913,10534863.457230005,10637732.485983394,69545.43932134978,69832.12993189837,70216.96449584689,69360.521543572,69647.21215412059,70032.0467180691,13898140.135224521,16345744.262616253,20735196.915022865,14547897.065655962,18059442.81555815,22547679.25237932,2197948.504957532,3352860.5547655155,6250219.65613578,269855.1641486138,360789.93231244,949672.3777595756,620420.0185951097,839842.8022374485,2744741.251703243,621973.3802868277,815135.7483471794,2811825.2343939706
140,7,511,511,511,8400000,8400000,8400000,3846.5837103367503,3849.9577827593193,3854.486915009211,295749.9944333316,296815.27287990897,298245.2323920344,9542034.268623037,9577418.974423643,9624917.069222696,8472846.60536057,8507274.814180117,8553488.970662773,10606143.1833382,10682374.782175926,10788398.472680332,70104.53315640154,70391.32931231994,70776.30555356071,69919.61537862376,70206.41153454216,70591.38777578293,13316657.751352472,16460089.31901703,21739248.86927258,14502558.601847809,17873529.785363473,22621995.585811637,2132098.566042228,3227510.579818283,6220616.049717277,269484.0030432793,357663.86418375536,1378106.5134983652,620334.8835000994,824355.3864605962,2896302.519192249,612852.1959747198,830401.8871200427,2871069.196550082
141,7,511,511,511,8400000,8400000,8400000,3853.163706407899,3856.5390209980505,3861.069820653213,297827.4625786473,298893.1332076526,300323.619160875,9611040.26359798,9646437.996283326,9693953.577555846,8539987.274100028,8574428.15769535,8620659.3279729,10755040.515367601,10831507.422747735,10937157.362222498,70663.8328224492,70950.7345626121,71335.85253330089,70478.91504467142,70765.81678483431,71150.9347555231,13593018.06787161,16563742.460169015,21427909.39136527,14539750.495749153,18365983.25412308,22715237.92602935,2086142.834485411,3077228.5781998504,6064183.984950301,274752.8943272815,375995.54355589085,1455007.0816578486,614991.5026608026,832567.4580680265,2824572.9556445563,617286.9250824951,794127.6574733933,2993939.1357140522
142,7,511,511,511,8400000,8400000,8400000,3859.7461249117673,3863.1226821269947,3867.655149801265,299905.69554570055,300971.75850168767,302402.7710898103,9680071.663190983,9715482.427562725,9763015.501746163,8607152.660750765,8641606.223789727,8687854.414125755,10905865.803795196,10981647.690090166,11087795.497291533,71223.33839527801,71510.34575857235,71895.60551088529,71038.42061750023,71325.42798079457,71710.68773310751,13380000.781598216,16601325.670757158,21064576.11289967,14480674.028870275,18330683.369739283,23474907.556121036,2096185.7363106348,3126975.011775533,6018326.421335528,263355.39585766854,341382.654499434,1485678.4772345976,604634.5823640083,806615.2723029666,2744253.5736701353,620743.8363360079,797670.4302226602,2711431.5723918127
143,7,511,511,511,8400000,8400000,8400000,3866.330966740271,3869.7087670382084,3874.2429033456624,301984.6936161502,303051.14904370415,304482.68846061185,9749128.476757761,9784552.277618555,9832102.851153068,8674342.774413526,8708809.021565493,8755074.238225974,11054515.048194522,11133002.373067183,11236899.250603551,71783.04995070082,72070.1629760255,72455.56456215908,71598.13217292304,71885.24519824772,72270.6467843813,13684522.031568274,16732539.7030323,21177759.202423338,14868411.192715812,18664347.4535205,22748850.494254716,2130375.8450420476,3025204.9089605575,6114043.2406889275,263008.83651609276,351490.0032767696,1293923.812287453,597243.0582578194,842912.3722525404,2619508.076386808,613219.883250768,836467.3694320214,3282956.065993258
144,7,511,511,511,8400000,8400000,8400000,3872.9182327856397,3876.297276624068,3880.833082179017,304064.4570717403,305131.3051154886,306563.37155514193,9818210.713656846,9853647.555810757,9901215.635139002,8741557.624192225,8776036.56012818,8822318.809381422,11205269.853719931,11284025.062423524,11387240.338223763,72342.96756455717,72630.18629082356,73015.72976299423,72158.04978677939,72445.26851304578,72830.81198521645,13778355.090932198,16725317.233832067,21348143.62495675,14601338.088278206,17868877.161853872,22725579.018052563,2145987.4605869465,3385157.4502561307,6400010.227286127,266623.001358868,342219.8708990489,853114.6576523344,620374.5114317599,839083.3004799108,2956138.3527239445,622182.8209399047,879707.6093910454,2737527.9622792364
145,7,511,511,511,8400000,8400000,8400000,3879.507923940414,3882.8882117772728,3887.425687194257,306144.9861943169,307212.2269989226,308644.8206553573,9887318.38325017,9922768.271502404,9970353.863069545,8808797.219194125,8843288.848586585,8889588.136703247,11354437.108136289,11433973.504167633,11538634.65350501,72903.09131271299,73190.41577884596,73576.10118928963,72718.17353493521,73005.49800106818,73391.18341151185,13704078.361164128,16624146.700327093,21545724.672379985,14602159.935513655,17796080.99796594,23372059.148183957,2111363.650553943,3202417.4720783695,6154291.042697337,254025.42420605596,353285.0293487407,1589876.8341061352,604192.5617699871,830526.1438982525,2727524.815975797,615202.631817015,866338.3504219033,2744132.16569569
146,7,511,511,511,8400000,8400000,8400000,3886.1000410974634,3889.4815733908417,3894.020719284632,308226.2812658281,309293.91497599037,310727.03604331653,9956451.494903035,9991914.43406,10039517.54431368,8876061.568529828,8910565.896052863,8956882.229305957,11506733.325740015,11584311.199465003,11688214.966830663,73463.42127106217,73750.85151599933,74136.6789169715,73278.50349328438,73565.93373822155,73951.76113919372,13483602.972295286,16234963.327264158,20742809.553773504,14880329.246083697,17854374.688018568,23280858.47349129,2108357.160575376,3099548.93139775,6573191.51914456,254869.05055664538,337816.4874551457,955227.6019145785,595621.290711593,805440.6652704044,3028424.145319766,605849.0364509147,812820.8245856599,2689239.7893740213
147,7,511,511,511,8400000,8400000,8400000,3892.694585149983,3896.077362358124,3900.6181793437213,310308.3425683116,311376.3693287722,312810.0180011762,10025610.057983737,10061086.052853236,10108706.688243639,8943350.681313157,8977867.711642455,9024201.09630735,11657794.037530271,11735165.717925234,11840788.232341532,74023.95751552634,74311.49357821832,74697.46302199409,73839.03973774856,74126.57580044054,74512.54524421631,13400914.2669962,15980669.552613394,20927699.8598241,14701225.71311398,18539602.626266193,24074498.70033757,2062911.7073989748,3061706.3431520117,6175403.376867929,256652.01441272852,336542.42163799756,1221449.5705298577,615525.4191725064,835710.1158043793,2962063.98347176,627119.6319457268,857492.3709498099,3110217.48002116
148,7,511,511,511,8400000,8400000,8400000,3899.291556991486,3902.67557957279,3907.2180682654266,312391.1703839076,313459.5903394449,314893.76681118645,10094794.081863957,10130283.137255017,10177921.30423475,9010664.566661267,9045194.304474091,9091544.746828485,11808626.558450412,11888752.595254835,11992187.741792362,74584.70012205408,74872.34204146492,75258.45358033903,74399.7823442763,74687.42426368713,75073.53580256125,13320432.775144367,16164522.720522609,21325034.928691108,15150666.767517308,18698451.17430733,23258441.37191773,2091580.2107728352,3230502.0606280197,5899225.077048753,259399.16438845766,335120.9032762875,902870.6179732219,611660.9559043472,815167.3473554532,2175779.4793808907,622933.151635036,810480.3712909739,2969281.3292423026
149,7,511,511,511,8400000,8400000,8400000,3905.8909575158104,3909.2762259288324,3913.8203869439694,314474.7649948507,315543.5782902845,316978.28275569645,10164003.575918512,10199505.696641529,10247161.401665641,9078003.233694596,9112545.683669824,9158913.18999374,11960397.105986116,12040959.250036154,12144706.959903324,75145.64916662168,75433.39698172854,75819.65066801517,74960.7313888439,75248.47920395076,75634.73289023738,13335976.00060551,16580280.574762836,20833966.498796985,15295529.982699601,18965961.10980333,24818079.238398477,2069545.5921228789,3019774.7309446577,5642118.106301157,248818.32373399142,332075.9276360554,1304583.6306290324,600262.2717056184,802735.0069493451,2519471.9319071295,621494.8236326365,860236.3067943357,2825206.2038858873
150,7,511,511,511,8400000,8400000,8400000,3912.4927876171173,3915.879302320571,3920.425136273896,316559.1266834755,317628.3334636646,319063.56611715106,10233238.54952555,10268753.740392208,10316426.98991812,9145366.691536909,9179921.858354999,9226306.434930772,12113822.218732158,12193139.828286326,12296885.842188818,75706.80472523275,75994.65847502631,76381.05436105894,75521.88694745497,75809.74069724853,76196.13658328116,13431863.50921618,16202103.805165665,20586236.119343877,14944185.556863893,19158705.23476676,22949698.834373824,2014634.5709280989,2940831.4672570564,5868715.6496081,251081.26877309283,324844.63547519926,1387523.8105825013,611174.8702388899,890402.1812310258,3087281.078447278,609118.0704521913,884053.564235671,3026084.335540148
151,7,511,511,511,8400000,8400000,8400000,3919.097048189893,3922.484809642647,3927.032317150076,318644.2557322143,319713.8561420573,321149.61717809306,10302499.012066454,10338027.277889766,10385718.07837722,9212754.949315257,9247322.83765827,9293724.490770537,12270471.915052338,12352260.269670006,12454493.348513864,76268.16687391869,76556.12659740278,76942.66473553421,76083.2490961409,76371.208819625,76757.74695775643,13510051.064942544,16454641.517208884,20982882.585566018,15220471.942788422,18805848.326601077,23522327.69882153,2061511.1775391453,3246315.3818829358,6074196.086189852,245285.60264448158,333134.23154283216,1244802.8628193096,600515.493137832,825286.7700755491,2991456.089607964,618948.9648231496,875201.7165978182,3058005.8623153362
152,7,511,511,511,8400000,8400000,8400000,3925.7037401289467,3929.0927487900262,3933.6419304676997,320730.1524235985,321800.1466080366,323236.4362211662,10371784.972925896,10407326.31852029,10455034.676431367,9280168.016160015,9314748.630711634,9361167.366647333,12429004.221668322,12510588.109600296,12616049.317213502,76829.73568873826,77117.80142493003,77504.48186753226,76644.81791096048,76932.88364715225,77319.56408975448,13594683.669025185,16578491.03565696,21596336.420281295,15517387.172847575,18818347.378991943,23996351.890716974,2066151.926362796,3170100.3475752003,5797091.812572206,240225.81246443384,338219.9290513086,1134872.0624348815,627696.9744041034,892553.462176978,3311675.6593960803,621687.4575586057,851621.6880977966,3373885.8904052367
153,7,511,511,511,8400000,8400000,8400000,3932.312864329413,3935.703120658003,3940.2539771222873,322816.8170402556,323887.20514427946,325324.0235291137,10441096.441491751,10476650.871673293,10524376.793472258,9347605.901204845,9382199.246650442,9428635.07169877,12591120.162774447,12675726.146219661,12784040.104359416,77391.5112457779,77679.68303370806,78066.50583317222,77206.59346800012,77494.76525593028,77881.58805539444,13668499.514552234,16221988.318947637,20677134.059397835,15016884.761521272,18448891.427065745,23808189.002041303,2092246.7999914985,3149057.155239667,6468842.821358608,241498.70171692435,339316.19488528237,1830027.7577358652,600791.8118484905,810523.4451045311,2426347.3630339922,617696.7919679077,822281.5600275706,2503272.6096723625
154,7,511,511,511,8400000,8400000,8400000,3938.9244216867496,3942.3159261422,3946.8684580096833,324904.2498649138,325975.03203356365,327412.37938478077,10510433.427155228,10546000.946741622,10593744.438894993,9415068.613586737,9449674.694613375,9496127.61506581,12756373.558053264,12839135.833488641,12950910.307964727,77953.49362115149,78241.7714998648,78628.73670860086,77768.5758433737,78056.85372208702,78443.81893082308,13792376.362434918,16271244.948967712,20891791.347285103,15436557.795697782,19521760.32001674,24328218.538232885,2128506.895657368,2859903.83111845,5891879.803265338,236170.395385034,323374.6883892112,1163621.7063294149,618096.7609915639,875115.9912476982,3297598.1627048966,637162.1769766227,874649.1630510567,3289864.198393364
155,7,511,511,511,8400000,8400000,8400000,3945.5384130967386,3948.9311661385664,3953.4853740260596,326992.45118040196,328063.62755876646,329501.5040711158,10579795.939310875,10615376.553121451,10663137.622098092,9482556.162446022,9517174.983742442,9563645.005892765,12924387.649253171,13008744.80646915,13120408.264102714,78515.68289100059,78804.06689955591,79191.17456999286,78330.7651132228,78619.14912177813,79006.25679221508,13531643.485280018,16698283.77997595,21626967.926662542,15428161.731434932,19408888.650211655,24163416.747211363,2025958.7789210333,2943011.662731518,6057414.59365559,241960.18820407544,324200.66939386347,939369.1188735445,601861.1675185248,843958.703863603,3255811.045710063,619358.2080027583,868133.7263577402,2967712.332484023
156,7,511,511,511,8400000,8400000,8400000,3952.154839455492,3955.5488415433765,3960.104726067918,329081.4212696524,330152.9920028699,331591.3978711701,10649183.987356696,10684777.700212417,10732556.352483507,9550068.556926377,9584700.123183016,9631187.253327306,13093536.82874861,13178759.273058416,13292074.23336864,79078.07913149463,79366.5693089648,79753.81949355082,78893.16135371685,79181.65153118702,79568.90171577304,13480259.111404669,16582297.414447326,20136834.8929078,15149162.106592948,18765479.801656198,23657289.11372582,1981370.194388049,3022157.847887912,6153274.794438394,244014.41507560475,320608.3646627147,1169206.1989964002,603770.0194469475,844643.5151412141,2644814.348732727,602239.4779004434,830884.8482106705,3223597.986314835
157,7,511,511,511,8400000,8400000,8400000,3958.7737016594488,3962.168953253237,3966.726515032089,331171.16041570343,332243.1256489602,333682.0610680969,10718597.58069419,10754204.397417622,10802000.63945655,9617605.806174874,9652250.122083833,9698754.36652045,13263383.446316114,13349590.70144707,13467721.770823114,79640.68241883093,79929.27880430291,80316.67155550534,79455.76464105315,79744.36102652513,80131.75377772756,13461644.114862602,16434273.720682396,21188203.985091127,15246246.242656657,19146459.016213942,24765562.895473517,1967725.3617266845,2865743.8978409837,6197017.045006827,238009.12290219765,314515.8447911432,1244958.7506186394,614346.9289474367,834799.8019413219,3065322.506004444,630019.1295817744,862224.9304622932,2920434.1336731543
158,7,511,511,511,8400000,8400000,8400000,3965.39500060538,3968.7915021650815,3973.3507418157305,333261.668901694,334334.02878022724,335773.49394515273,10788036.728728218,10823656.654143615,10871470.492425995,9685167.919341922,9719824.989597017,9766346.354626575,13437653.835863069,13524450.151724296,13646588.229900716,80203.49282923507,80492.19546180972,80879.73083211486,80018.57505145729,80307.27768403194,80694.81305433708,13470950.357782103,16429165.167920899,20946787.93755448,15538708.138216257,19438644.62456721,24846037.71390122,1949407.9069095193,3152435.6837538355,6041061.960945362,239512.48147488286,321969.59111275437,999131.2173192292,617420.2069633475,873398.7173956919,2640909.4406971456,625931.6037713473,858092.1042115778,2474907.3187096063
159,7,511,511,511,8400000,8400000,8400000,3972.0187371903844,3975.416489176178,3979.9774073163308,335352.9470108615,336425.7016799595,337865.69678569934,10857501.440866902,10893134.479800213,10940965.920804087,9752754.905581228,9787424.734877978,9833963.226803437,13613699.12913731,13700607.320925575,13823292.964945594,80766.51043896047,81055.31935775292,81442.99739966591,80581.59266118269,80870.40157997514,81258.07962188813,13486210.162208417,16510023.672429284,21603622.79138149,15624266.016095301,19575754.93931803,24833957.75647495,2016015.0607953416,3026658.7192575093,5526545.117385609,231066.82696891073,298392.1284902381,749987.372759078,618956.5479868504,837097.9085745674,2628293.271548186,619591.9610029757,886149.3666223688,2892193.435660041
160,7,511,511,511,8400000,8400000,8400000,3978.644912311885,3982.0439151841156,3986.6065124317092,337444.9950265471,338518.14463154995,339958.669873201,10926991.726521814,10962637.883800715,11010486.934006495,9820366.774049886,9855049.36708552,9901604.992212152,13790897.607477495,13877608.930023335,14001142.037840711,81329.73532428802,81618.65056842759,82006.47133447308,81144.81754651024,81433.73279064981,81821.5535566953,13505048.491269916,16533368.747629777,21389866.47487203,15343216.029859917,19784036.07737456,24426618.792882305,2037402.4231965914,2881420.369983012,6107984.34867537,228925.12417795297,296774.5706106905,840699.6016761498,590962.096400322,850101.4791749162,3023449.082045117,607368.9182577938,839105.6533041664,2607557.3933925643
161,7,511,511,511,8400000,8400000,8400000,3985.273526867636,3988.673781086816,3993.2380580600147,339537.8132321929,340611.35791849525,342052.4134912266,10996507.59510788,11032166.875561846,11080033.541452348,9888003.53390831,9922698.895381797,9969271.6600172,13966130.580616632,14054621.31912233,14179619.716816984,81893.16756152683,82182.18917015711,82570.15271287905,81708.24978374905,81997.27139237933,82385.23493510127,13133363.66437097,16533338.299923358,21157628.04713475,16341606.746297088,20061195.059983227,24748137.46875057,1945339.4160980345,2799372.6489669676,5971553.7746259505,229921.48571256138,292602.33787933434,916848.2161779559,610799.1445892105,877229.6889016762,2958103.2300138916,629057.1117107157,854926.9450979602,2584281.8802698897
162,7,511,511,511,8400000,8400000,8400000,3991.9045817557167,3995.306087782529,3999.8720450997253,341631.40191134607,342705.3418243963,344146.92792344955,11066049.05604351,11101721.46450381,11149605.75256425,9955665.194320308,9990373.328932349,10036963.239386443,14144984.240338515,14234709.280467179,14357181.309493314,82456.80722701369,82745.93523929275,83134.04161125445,82271.88944923591,82561.01746151497,82949.12383347667,13234805.85003778,16529655.91531372,20844479.211917736,15864518.104962207,19521602.87750967,24021303.404029712,2007265.2960942683,2926403.575597784,5902755.153150382,223629.81583152578,302316.87989715487,1047933.3509471911,615415.5521499352,820689.457560041,2562217.627949271,611496.7536016982,816983.5719152414,2947740.2820530958
163,7,511,511,511,8400000,8400000,8400000,3998.5380778745402,4001.940836169838,4006.508474449651,343725.76134765765,344800.09663295804,346242.21345364733,11135616.118750563,11171301.660050264,11219203.576768277,10023351.76445304,10058072.676906075,10104679.739491122,14324095.907300385,14411859.81293226,14534752.354139253,83020.65439711369,83309.88885221402,83698.13810599814,82835.7366193359,83124.97107443624,83513.22032822036,13444746.13955902,16692423.634232001,20589838.695526432,16046668.59575439,19741887.612210914,24525086.313757744,2024406.7875092234,2967147.1778348926,5692731.3356635915,229903.0048033791,299945.41981477814,922594.5732194813,635932.4581947926,854917.9848816228,3029692.0435627196,607669.3605725477,803102.0637589499,2864440.2045692923
164,7,511,511,511,8400000,8400000,8400000,4005.174016122847,4008.578027147654,4013.1473470089336,345820.8918248833,346895.6226279908,348338.27036570234,11205208.792654384,11240907.471628353,11288827.023493966,10091063.253477067,10125796.948475268,10172421.169505846,14501827.97598133,14590006.746380132,14714118.912144503,83584.70914821979,83874.0500853284,84262.44227353713,83399.791370442,83689.13230755062,84077.52449575935,13385529.970677497,16124612.394946722,21555547.157763977,15547094.224419655,19779826.736112777,24577071.03761963,2020234.5106793935,2883761.9261613386,6111836.6087526865,224198.27386459708,296067.38978602656,1108495.4866997823,608523.4642367181,816167.1100299562,2864456.694459545,614025.7458505093,809651.6818263477,2541653.98500947
165,7,511,511,511,8400000,8400000,8400000,4011.8123973997126,4015.2176616152224,4019.7886636770436,347916.79362688295,348991.9200934081,350435.0989436003,11274827.08718377,11310538.90866867,11358476.102174304,10158799.670566296,10193546.152815579,10240187.538608601,14679601.839680068,14770724.99821413,14892570.647178441,84148.97155675334,84438.41901507167,84826.95419032649,83964.05377897556,84253.5012372939,84642.03641254871,13587242.119725656,16419568.477809804,20929293.34667937,16317636.365003768,20301635.797502644,25323654.218552712,1963151.7869559622,3030017.8391767032,5798126.453570645,225461.41109309084,296332.1160528457,914036.1637430687,624332.6676167409,848939.5169800814,3141132.1809575628,615659.4133399671,814043.7926492494,2866581.261265391
166,7,511,511,511,8400000,8400000,8400000,4018.453222604539,4021.8597404721154,4026.4324253537843,350013.46703762136,351088.98931322916,352532.6994714312,11344471.011771007,11380195.980605302,11428150.822245728,10226561.024898037,10261320.299106054,10307978.855980735,14859925.118656116,14949051.026239183,15072589.683073465,84713.44169916358,85002.9957179076,85391.67393284946,84528.5239213858,84818.07794012982,85206.75615507168,13732013.810510652,16889638.827830363,21655031.44400176,16243481.915154183,20598677.05769203,24201432.76231693,1961452.280142392,3021597.2902843147,5702386.12312923,219271.09343724788,309438.44256888254,1119122.7088491241,598246.4568428826,804259.2534645231,3242124.7685542586,605947.6560677942,840510.2928684675,2886056.6315618847
167,7,511,511,511,8400000,8400000,8400000,4025.0964926370625,4028.5042646182405,4033.0786329392877,352110.91234116745,353186.83057157614,354631.0722333899,11414140.575851839,11449878.696875766,11497851.19314817,10294347.325652968,10329119.396529097,10375795.130806996,15038161.487119662,15129916.018801495,15253646.809431858,85278.1196519281,85567.78027032824,85956.60157761724,85093.20187415031,85382.86249255046,85771.68379983946,13627091.556188298,16750851.654051775,22431232.663933728,16119455.179353245,20377124.119559612,25585629.888587944,2061445.7141057544,3214774.5487750787,6328579.4080816,220572.4971842436,287357.9301046086,914287.7768055535,600798.4334631169,779511.47867576,2462737.112369174,606695.7928544211,810458.9453864518,3425602.15867768
168,7,511,511,511,8400000,8400000,8400000,4031.7422083973497,4035.151234953833,4039.727287334019,354209.12982169486,355285.44415267656,356730.2175137756,11483835.788865488,11519587.06692107,11567577.224325025,10362158.582015147,10396943.454270504,10443636.372275503,15216948.544174237,15310335.724619336,15435927.111658923,85843.00549155251,86132.77274885359,86521.73720116941,85658.08771377473,85947.85497107581,86336.81942339163,13614780.438071404,16293249.91619877,21112824.251665562,16612548.942541916,20334328.940229405,25214494.56813787,1964703.292108528,2881853.9714393914,5952548.915321741,223990.21418983676,294448.1905378872,1199028.0529102392,616115.7592540041,839774.756284334,2574815.7672611303,610830.094529901,845027.4558235933,2748586.5971875037
169,7,511,511,511,8400000,8400000,8400000,4038.390370785799,4041.800652379461,4046.378389438775,356308.1197634817,357384.8303408618,358830.1355969921,11553556.660254655,11589321.100185683,11637328.92522316,10429994.803172015,10464792.481519446,10511502.589577753,15397460.029426627,15490546.671672324,15618420.397977723,86408.09929457068,86697.97323003199,87087.08088007364,86223.1815167929,86513.05545225421,86902.16310229586,13538229.513879176,16688310.407763312,21662450.016694438,16295228.666899554,20126151.041666,25317209.674788635,1910131.7657739862,2948001.4154115696,6057926.004484293,219234.83629594513,307035.2570561032,1562338.9018648695,605483.8583366224,801999.0568628539,2711671.3164290115,614515.80948416,820911.5817985944,3174837.3314515734
170,7,511,511,511,8400000,8400000,8400000,4045.0409807031388,4048.452517796024,4053.0319401546817,358407.8824509113,359484.98942056886,360930.82676754805,11623303.199465513,11659080.806117572,11707106.30529293,10497855.998314392,10532666.487468485,10579393.79190864,15578100.058339614,15671432.73732997,15800803.21489246,86973.40113754457,87263.38179043983,87652.63269092572,86788.48335976679,87078.46401266205,87467.71491314794,13318932.138263296,16145845.27369737,20469812.599303097,16706350.841403762,20227302.977981407,25154487.192608587,1904936.685013683,2910139.702897531,6204886.50541373,223912.02463052087,284962.99171416246,865393.1034537702,618492.242978557,799944.682809432,2657722.823126677,616772.4821420558,830153.9595397289,2814806.612854234
171,7,511,511,511,8400000,8400000,8400000,4051.6940390504305,4055.1068321047533,4059.6879403832,360508.41816847055,361585.9216763386,363032.2913100565,11693075.415947707,11728866.19416815,11776909.373988148,10565742.176636484,10600565.481313549,10647309.988466427,15759598.161000717,15854052.674432497,15980836.158108836,87538.91109706438,87828.99850668182,88218.39271034978,87353.9933192866,87644.08072890404,88033.474932572,13605142.17077922,16275777.770339195,21610461.01777704,16770003.226925705,20598741.686067455,25915018.26329127,1954592.7107882984,2921644.5124756345,5706440.404283252,216003.6583165603,290843.371507529,1435562.4120193776,623317.6344732327,795325.4531159298,2948085.7789919707,607621.3322086189,840989.4303694292,2787924.2494523684
172,7,511,511,511,8400000,8400000,8400000,4058.349546729067,4061.763596207211,4066.3463910261203,362609.72720075207,363687.62739281694,365134.52950923576,11762873.319154361,11798677.273792338,11846738.140766129,10633653.347335873,10668489.472253975,10715251.18845277,15942487.642523933,16035634.277465468,16164677.399739861,88104.62924974848,88394.8234553907,88784.36101499801,87919.7114719707,88209.90567761291,88599.44323722023,13580837.288096556,16326159.681277111,21207223.19806345,16875458.14894348,20838964.36278638,25523189.832506057,1868708.4189951848,2858032.2500441014,5892816.467627865,215773.66328998253,294432.3088211129,864758.3467374368,603658.3448783221,857920.5007334508,2848283.980461295,607315.1615766083,810845.9244719559,2598423.3294965816
173,7,511,511,511,8400000,8400000,8400000,4065.007504640772,4068.422811005292,4073.0072929855655,364711.80983245274,365790.1068547545,367237.5416499084,11832696.918542089,11868514.054448523,11916592.615087654,10701589.519613545,10736438.469492473,10783217.401072714,16124546.201157777,16218761.817775197,16346747.449604826,88670.5556722434,88960.85671322756,89350.53768155085,88485.63789446562,88775.93893544978,89165.61990377307,13383313.899174394,16207206.617047306,21152608.614562042,16931852.20881257,20821894.10236022,25471382.244113356,1947963.906239607,2926078.420038229,6208340.931691367,211618.1216763507,274650.00613066537,1228897.7361808338,616028.0793145198,844779.1456080085,3473957.7257342576,597479.9767059523,816939.3528900582,2460737.1898715217
174,7,511,511,511,8400000,8400000,8400000,4071.667913687603,4075.084477401223,4079.670647163992,366814.6663483742,367893.36034700647,369341.3280170021,11902546.223570973,11938376.545598567,11986472.806416988,10769550.70267386,10804412.482235134,10851208.63553469,16308159.898514107,16403330.90712602,16530059.313456835,89236.690441224,89527.09835688172,89916.92278671707,89051.77266344622,89342.18057910394,89732.00500893929,13410507.779199084,16067777.535956377,20286100.807396077,16862358.06317608,20975043.760159552,25502006.01494165,1882869.3854117922,2839401.4371864563,5590319.9774233475,208782.41728320907,280630.7192561964,1377204.264222298,606492.4719473559,839770.8219593345,2882819.1303524594,604813.5419283703,801403.3742422819,2710016.415140666
175,7,511,511,511,8400000,8400000,8400000,4078.3307747719473,4081.748596297562,4086.3364544641854,368918.29703342327,369997.3881545339,371445.8888955494,11972421.24370458,12008264.756707836,12056378.724221883,10837536.905724568,10872411.519691456,10919224.901050521,16489806.65722241,16585793.563672468,16713845.800852802,89803.03363339328,90093.54846307056,90483.51640723353,89618.1158556155,89908.63068529278,90298.59862945575,13743181.323832724,16577415.51583974,21940987.815312475,16821680.819646835,20612537.792323623,26399613.306379404,1918252.0455792602,2704703.3816427933,5476019.432700905,205936.17571227805,288466.74158420134,1428589.5926168403,603871.8824631484,841806.0680822973,2594261.6472211657,632119.831796248,826209.5888697237,3098056.668776297
176,7,511,511,511,8400000,8400000,8400000,4084.9960887965262,4088.415168597202,4093.004715789267,371022.7021726111,372102.19056240126,373551.2245706874,12042321.988409957,12078178.697245156,12126310.377973573,10905548.137976805,10940435.591074318,10987266.206835419,16675193.35419117,16769672.058912853,16896635.61181931,90369.58532548252,90660.20710853992,91050.31861986546,90184.66754770474,90475.28933076214,90865.40084208768,13513342.842749674,16436946.495155938,21080011.09427149,16867804.822995678,20589303.37470284,25540296.75661139,1904008.5835764366,2731259.9267336796,5577152.277531514,207375.13089599143,276074.34817064425,1028780.0552489422,620988.9946158719,846714.0924004731,3084523.4207492806,614301.6386935912,883111.3613666422,3161358.633369495
177,7,511,511,511,8400000,8400000,8400000,4091.6638566643924,4095.0841952033643,4099.675432042688,373127.88205105404,374207.76785577886,375657.33532765904,12112248.46715765,12148118.376682855,12196267.77714679,10973584.408645108,11008484.705599986,11055332.562107995,16859042.393121,16954170.933177043,17082196.685316715,90936.34559425115,91227.07437006377,91617.32950140628,90751.42781647337,91042.15659228599,91432.4117236285,13646400.284466669,16315716.538020872,20470312.543869805,17401386.26468614,21424436.950209424,26201916.747731578,1841885.8525412555,2885895.2670252956,5552778.111096341,206327.83079914804,268171.0122173842,1006694.775218997,597735.6806290653,824588.880451438,2752467.134864453,610186.1370396415,825377.6410767133,2988570.365776352
178,7,511,511,511,8400000,8400000,8400000,4098.334079278932,4101.755677019606,4106.348604128235,375233.8369539736,376314.1203199417,377764.2214518114,12182200.689421678,12218083.804496735,12266250.931219734,11041645.726947404,11076558.872488122,11123423.976090241,17043338.708492015,17140261.457568917,17266778.364852812,91503.31451648702,91794.15032444433,92184.54912867774,91318.39673870924,91609.23254666655,91999.63135089996,13654842.079655444,16622468.260164848,21589536.028085254,17092711.915341552,20845522.193148095,26914183.15015423,1849070.8186619293,2777319.2789560687,5513858.877135424,202486.31181185317,279739.8636213737,1471224.4310536175,629530.7310179188,834100.8697948579,2750234.773502522,604862.8211539771,852975.3070472428,2954814.3108076314
179,7,511,511,511,8400000,8400000,8400000,4105.006757543863,4108.429614949816,4113.024232950023,377340.56716669584,378421.2482402702,379871.8832285966,12252178.664679542,12288074.990166102,12336259.849674106,11109732.102105005,11144658.10096179,11191540.458007555,17227902.608237278,17324849.85926496,17452490.235743564,92070.49216900615,92361.43504851214,92751.9775785298,91885.57439122837,92176.51727073436,92567.05980075202,13602785.874002263,16393425.63444054,20898108.52862424,17282332.11160178,20670693.67074607,26081125.063543014,1871603.0487515486,2804402.3029068066,5932901.934667095,198934.67293023408,282514.84839725983,1054048.5161437835,607774.704592275,846291.3291976865,2873973.4838192067,614718.7330008318,838614.9039915644,2816113.290962235
180,7,511,511,511,8400000,8400000,8400000,4111.681892363235,4115.106009898214,4119.702319412505,379448.07297465205,380529.1519022492,381980.32094357227,12322182.402412249,12358091.94317374,12406294.54199509,11177843.543342624,11212782.40024744,11259682.017088724,17414237.147078786,17511042.096822686,17637945.28019796,92637.87862865282,92928.92861912603,93319.61492784074,92452.96085087504,92744.01084134825,93134.69715006296,13465420.978649223,16188919.38715927,20968303.18805825,17262937.34720982,21232082.545198973,27114441.17944827,1886812.1412954263,2805926.5502304896,5840292.680109671,197899.41011254137,265714.2244325716,700441.2613639155,624561.4628858306,834663.9100600929,2906567.171752631,617523.8145850014,841863.9589390471,3231474.0346954376
