day,pages,posts_p10,posts_p50,posts_p90,views_p10,views_p50,views_p90,buyers_p10,buyers_p50,buyers_p90,members_p10,members_p50,members_p90,booked_p10,booked_p50,booked_p90,retained_p10,retained_p50,retained_p90,cash_p10,cash_p50,cash_p90,cost_p10,cost_p50,cost_p90,paid_p10,paid_p50,paid_p90,v_ig_p10,v_ig_p50,v_ig_p90,v_fb_p10,v_fb_p50,v_fb_p90,v_tt_p10,v_tt_p50,v_tt_p90,v_yt_p10,v_yt_p50,v_yt_p90,v_th_p10,v_th_p50,v_th_p90,v_x_p10,v_x_p50,v_x_p90
1,4,192,192,192,154471.30542289434,190285.98590815,372295.2389919055,103.76883990206235,108.78289516999814,134.26419060172393,103.76883990206235,108.78289516999814,134.26419060172393,2464.5099476739806,2583.5937602874556,3188.774526790943,1232.2549738369903,1291.7968801437278,1594.3872633954716,-13869.184036873328,-13810.820433554554,-13514.218154729268,77.05333333333333,77.05333333333333,77.05333333333333,0,0,0,50141.928783901036,62619.44083123204,92617.18449297258,51312.57800200097,64127.83770886332,120340.69742130082,19304.559694253156,25098.434836624354,65398.20475855771,6636.006493615432,8675.364616979396,15860.868855805315,3665.4472064185998,4730.74867762164,10728.191772163673,3558.167673037827,4449.726967901514,8930.60435135146
2,4,192,192,192,233620.15248744423,301674.413838255,625678.6169339862,114.84967849109933,124.37727508021285,169.73786351361522,221.70164509221533,238.02737249290945,297.5202263919906,5265.414070940114,5653.1500967065995,7066.105376809776,2632.707035470057,2826.5750483532997,3533.052688404888,-12573.49951779328,-12383.4680508492,-11690.971231463896,77.05333333333333,77.05333333333333,77.05333333333333,0,0,0,77667.23160341197,96129.02144826853,151349.62773797204,77093.33204007019,99460.20341733098,220486.97278954554,28523.561716670665,37583.766630680424,85853.93520040222,10170.21999646578,13289.916240831026,35451.60080922492,5516.715586901841,6984.800587800775,14463.155436078401,5280.053536970609,6874.473714111458,15086.660732176462
3,4,192,192,192,345152.3935558587,474401.81870813086,914988.8031999934,130.46419224067736,148.55911176199547,210.2412895908562,364.17728613467096,397.77730651987406,470.6886687358832,8649.210545698435,9447.211029847007,11178.855882477226,4324.605272849218,4723.6055149235035,5589.427941238613,-10992.13638939243,-10601.032152108666,-9752.34389591432,77.05333333333333,77.05333333333333,77.05333333333333,0,0,0,112855.37777864585,151693.6136024426,305204.9442872576,119979.05269134151,159376.69398771794,362541.5080679218,41099.61027869301,58850.10949920643,130656.68255920566,15044.59219442755,20229.768621839674,38733.713817038726,8116.761028353609,11184.404238732062,28514.370677626277,8189.9239321643245,10750.159358982817,23660.138527957315
4,4,192,192,192,442500.5228860378,588006.3405282615,1005227.3189037333,94.09293034690245,114.46374481681374,172.8746817893798,468.5265169094165,528.3492224975184,611.7688069961907,11127.504776598642,12548.294034316063,14529.50916615953,5563.752388299321,6274.147017158031,7264.754583079765,-9854.564676507724,-9158.22838346222,-8187.224419897671,77.05333333333333,77.05333333333333,77.05333333333333,0,0,0,146372.10069000875,180373.3161194726,322510.8082148001,148634.47831504373,190887.93641411912,476160.33081473416,52512.66144017511,72728.20589085652,258270.13836737088,19328.607757365888,25453.09130737808,55527.72758759704,10199.939727774497,13265.02009112922,40957.962297905666,10410.640509583736,13402.842648817697,25426.389151326573
5,4,192,192,192,502491.5650113077,628616.6250663962,1054136.2110158338,102.49167624444024,120.14918465215263,179.72192668507387,586.1590669375597,662.2535592849715,762.7552310623935,13921.277839767043,15728.522033018075,18115.43673773185,6960.638919883521,7864.261016509037,9057.718368865924,-8562.375127513471,-7676.635236589598,-6506.795777100406,77.05333333333333,77.05333333333333,77.05333333333333,0,0,0,163485.35207180667,202906.61194916986,338181.7181084711,168049.6045203965,219959.33876479065,645377.5419271274,59474.68471862787,79281.41690065686,205155.53277839167,21306.776355574133,26666.820992102043,64948.49299026538,11430.631668733895,14787.39251804941,32148.468264436673,11419.333116291613,14423.137916035903,29038.712610140385
6,4,192,192,192,533609.3611461796,663455.0478980202,1082778.4130044067,106.84816770332228,125.02656384857997,183.73183496347406,707.2735602267148,802.6208412390347,907.6859200734378,16797.747055384476,19062.244979427072,21557.54060174415,8398.873527692238,9531.122489713536,10778.770300872075,-7229.65575896104,-6119.8134079776355,-4896.855890345183,77.05333333333333,77.05333333333333,77.05333333333333,0,0,0,171343.82755928393,215011.93777908693,463669.7161475806,182993.91722337034,227933.38700379716,531884.3649921584,62731.30303046556,83879.29077192233,164043.89545537316,22532.552263524318,28096.670845075947,50177.0657231015,11759.327763703426,15346.370035447777,40554.23458779477,12086.437009939753,14989.26307672388,28349.166891600707
7,4,192,192,290,568850.4281476167,781694.7919332506,1260924.9412391388,111.78191708352347,141.58012801351222,208.67234891633657,841.8587905388674,943.6389586004706,1093.4548130638425,19994.146275298106,22411.425266761176,25969.551810266265,9997.073137649053,11205.712633380588,12984.775905133132,-5740.137011460916,-4555.415855223855,-2845.178198159094,77.05333333333333,77.05333333333333,110.67222222222222,0,0,0,185218.60213393174,251071.2174136464,578629.3828353384,191371.6151262011,257190.25830908937,621092.2124772301,69257.12518101587,99236.65508875536,273963.4312528689,22798.70867513166,29339.630747932613,61620.70416043101,12816.023323478843,18248.7553314689,55877.237737576594,12614.845713660734,18487.741953390912,52280.38425260856
8,5,232,340,340,806059.2771830104,1003137.7025608177,1438395.2379629388,144.9911559484786,172.58213550137162,233.51819045766857,1010.9914603518284,1128.8850488531302,1289.5942289307845,24011.047183355928,26811.019910261843,30627.86293710613,12005.523591677964,13405.509955130921,15313.931468553064,-3898.81719018057,-2526.6291424606743,-689.5931752456672,90.49777777777777,127.47777777777779,127.47777777777779,0,0,0,305766.48195150757,372790.47518138954,591746.2895467444,242871.64900714884,310987.02235141303,825227.6917266581,95961.06097380498,126967.95208749824,346560.16939820215,24831.27555970158,32872.71952242509,103633.24026588644,17799.824696479915,24194.943406124352,58186.89912158579,17675.32271073742,23113.595535063418,54210.91273686868
9,5,340,340,340,880893.9297522632,1115204.249831403,1489111.8616187014,155.468007308174,188.27145211925355,240.61851776947532,1209.9882874105544,1326.9032132992716,1505.4108549151183,28737.221826000667,31513.95131585769,35753.507804234054,14368.610913000333,15756.975657928844,17876.753902117027,-1710.0652234300308,-382.794374974261,1695.0345734341995,127.47777777777779,127.47777777777779,127.47777777777779,0,0,0,336054.82257485995,402238.5825414957,689105.8222081406,265650.0844203379,332339.58254891634,840856.7790458845,104634.17080646993,141542.05022113267,364296.16972280905,26893.977393176985,34384.39604068497,69100.8138919438,20681.361510776456,24981.723676174362,62539.105528001404,20126.04309868129,25365.642597698647,77686.39890795999
10,5,340,340,340,945723.3936017865,1162234.6902437499,1638597.5058161668,164.54413224710723,194.8557137769821,261.5465079571205,1397.7266002999345,1536.4798055275658,1700.908093560277,33196.00675712345,36491.39538127968,40396.567222056576,16598.003378561723,18245.69769063984,20198.283611028288,347.7309608245703,1933.7045221091832,3843.1446534860706,127.47777777777779,127.47777777777779,127.47777777777779,0,0,0,359917.6627103679,428465.20771876845,780178.1331839465,291206.6778260555,367329.6909524018,1063346.7496665386,111219.31844575661,147778.10989217393,307393.5777125808,27829.898682697996,35757.068399630836,62735.43516261859,21524.69334204128,27290.12891178474,75126.35556436113,21632.653966456375,27049.24617230067,59129.3974058832
11,5,340,340,340,985536.8899737601,1244820.6195205431,1701978.349337451,170.11802173918355,206.4177438757332,270.41982605010026,1594.3105360340758,1745.895540641722,1938.1923282391824,38654.85659357751,42208.047400678006,46809.822048018534,19697.933913398054,21484.149223260512,23793.788150178247,2508.4901949921964,4272.9396486252,6477.655367370751,127.47777777777779,127.47777777777779,127.47777777777779,0,0,0,374543.35298362863,459107.94768345647,746491.7904986384,297915.0512840084,381516.18445156957,1144665.6569749687,115412.4898145133,156323.47561455058,479855.50835557416,29846.975582396382,37670.49283313261,76332.42733805608,22333.809633409008,28730.720821280287,74752.39184417216,22658.739258256468,28475.734514160333,66111.71379401258
12,5,340,340,340,1037014.5606737965,1327388.1458125925,1684624.259902228,177.32489563718866,217.97719755662007,267.9902535291691,1807.6633532089697,1970.4479348121354,2149.6790881349,44538.74558392932,48500.133707634806,52933.79763359939,23106.486678362067,25092.268641927876,27441.945983826157,4886.125384163013,6759.251738991037,8811.883474779126,127.47777777777779,127.47777777777779,127.47777777777779,0,0,0,401301.84812503285,464397.8221494207,910871.8631506468,317651.560802607,398385.4276636243,954809.5263884411,125185.11270482824,155035.8478878435,343354.1478404508,31045.336803811446,41127.74552709662,101658.40878237406,22965.37838835231,29072.262835059697,76100.70964653179,24096.579740771347,28647.1951220819,70730.65298620038
13,5,340,340,340,1088446.778487107,1382830.1996146336,1735758.8507472058,184.5254061310521,225.73908508890582,275.149096247466,2017.0922347192761,2188.9242310118025,2400.5005539942686,50918.52165842678,54824.407883947504,60185.46982407142,26731.70426536325,28839.006927294406,31737.011068848617,7178.438672586441,9150.301506905722,11603.967559604396,127.47777777777779,127.47777777777779,127.47777777777779,0,0,0,399063.9593946222,489792.8403639204,892084.5074897327,328062.2968923057,419964.7130847074,1422210.1604726417,123419.37182463027,175364.66156423007,484212.9189922677,30660.25415251381,40084.01417350231,71276.08242608784,24505.947360201684,30362.602923339902,60252.943804652015,24591.463663165032,31985.508106335834,99148.39015849581
14,5,340,340,511,1114871.9368064918,1425254.444271082,1911521.7316645114,188.224928295766,232.17034961547435,299.75589957588875,2245.518448525066,2420.084597486859,2675.446382191831,56859.1687531176,61143.902064434325,67444.28747737642,30205.131930912466,32431.646580824436,35683.750791165425,9706.11696305399,11738.066936969257,14482.09590376589,127.47777777777779,127.47777777777779,321.25287001818293,0,0,136.33509224040517,427373.16327526676,522674.7998926251,905321.6736974282,343684.78742521955,440631.782803782,1130209.3083783593,134176.8849346386,180908.5628600297,409415.8577829299,32034.57640064949,42188.6484800917,98455.5463501442,25380.906552239536,32362.871366112733,60886.27503685207,25923.2862987866,33212.056838063276,78588.06828075653
15,7,511,511,511,1349563.3915857442,1678075.2568220526,2099470.62591644,190.66601346761394,236.35932733008642,295.61982729346005,2467.1408148985374,2650.698240768982,2935.7168123213532,62931.4450457628,67539.51850698491,74702.72811446676,33613.48827435783,36104.04309160802,39898.36625747243,12045.55240316984,14102.627669723599,17162.636970210235,308.4872105353816,327.04149928464807,354.1423677041563,123.56943275760388,142.1237215068703,169.22458992637854,500778.3120790034,598348.3855223064,1061959.4917022649,416584.6764417056,546603.9600299124,1572116.0440286677,160339.83262635887,217545.6317366578,628860.8004843371,36087.83256429165,46216.39483766411,95036.39903185303,31674.799094640966,39167.142917723504,97168.76458078469,32063.61215512503,40607.390942324746,108140.47899394577
16,7,511,511,511,1466764.7907108702,1813296.427882033,2234338.160632508,207.8363223025745,256.22924937444185,315.0012702803195,2725.9095057730624,2905.306737024995,3192.0706551140024,70012.75827723135,74566.49999549922,82057.60588329266,37562.47488276822,40074.1870069197,44080.00662346401,14743.717571063242,16687.887605964333,19939.038067586764,336.890180064093,357.64480354117796,389.2641632567147,151.97240228631523,172.7270257634002,204.34638547893695,532399.6076917053,657547.4853360998,1480574.410972729,453132.5447678516,563597.105387626,1364028.9171525834,181247.26448859475,254309.30516348482,726612.1223206267,39226.8858805184,49536.8052950568,107143.97475672181,34756.61529838329,42635.711547347215,102292.19278227053,34777.21720650824,42209.537247051565,107720.12477789074
17,7,511,511,511,1584599.1099037249,1916025.242610143,2396636.979767428,224.16506987050172,270.66900377945757,337.8390409405347,2985.5516096384413,3188.306798345849,3482.695370683342,77170.19004245137,82507.26997459588,89920.52976544056,41542.57525904423,44535.87179308726,48849.900766262115,17315.866215915954,19599.750248081662,22722.02555373255,369.79840180084625,390.7293361687753,424.1111663066445,184.8806240230685,205.81155839099756,239.19338852886676,593954.5660565813,711591.430584907,1414276.4303920718,483009.11561096815,607038.9826006751,1535728.359312107,190949.89509096465,251081.81258246046,674629.1328287387,41172.69794402286,54836.220603207934,180945.211792481,37207.8060185102,44063.554752141725,99998.41358448613,37729.53165456925,47267.64830221339,133430.5014384991
18,7,511,511,511,1647064.4117453953,2021877.345908838,2463073.286577322,233.42399834077747,286.1475233402462,348.4168620539446,3272.7547175615114,3470.1360826418363,3783.733456532842,85132.61064458321,90258.01846770766,98870.42161544974,46246.59992190482,49013.22516257272,53823.993613451916,20201.872179952952,22426.67993476126,25832.829096176574,402.96590493647966,427.9100427201716,463.8602841632954,218.0481271587019,242.99226494239383,278.9425063855176,623125.5094526992,744199.787047644,1574599.5529991358,516140.6361253112,645272.5403936623,1872645.2060132131,200875.15874230678,270423.8488728215,652802.737574413,45264.794654145095,56956.25001927904,116334.31766895039,39450.23589496339,48775.43746787279,122771.4288940106,39815.033184710264,48639.59469815535,144574.19881214297
19,7,511,511,511,1730403.8999929198,2078061.5547735253,2534618.320079732,245.76550021092783,294.34984292606003,358.1229987131942,3550.3689169604663,3784.229122434811,4103.230026259139,93111.56853665915,98940.85132066775,107403.59681782706,50842.78005931023,54024.50323054816,58634.19289687027,23025.30236814062,25612.24316881566,28925.87154792731,442.1661104603179,465.2213207992171,505.3110578898771,257.24833268254014,280.30354302143934,320.3932801120993,641823.689979766,763089.3069413196,1498477.8183605832,547483.2865641599,700506.81241998,1871564.3496711925,211862.95230739133,268728.5397729394,711514.4995987396,44688.91027652833,59550.3908656364,189676.76214343373,41181.43433323388,50941.103947807576,128185.18811736841,40899.3415425201,49869.16014556043,161637.93537717048
20,7,511,511,511,1790468.4934106013,2127496.6588289756,2550700.7582878014,254.42256698219458,301.5744177440748,361.2206228956354,3852.8639801989907,4085.872896028913,4411.785626923793,101761.99053255092,107732.62280554372,116349.0453667469,56054.19410719775,59077.29823063162,63992.46142474695,26033.66482213384,28684.3732086915,32058.889185702563,480.467611605363,506.9819713656791,545.3960519183634,295.54983382758525,322.06419358790134,360.4782741405856,663094.607884451,792741.8184001449,1755529.2987389604,558215.5850586721,669172.4202612934,1520466.5984312606,217328.28130534175,294564.9499062817,862322.2863138163,47587.101060861474,59596.29465490954,138046.3345675601,43399.36353910938,54173.374781117476,181608.95916428193,41537.231069961155,52607.33750021229,121123.13792640707
21,7,511,511,511,1812634.2697233756,2199403.8449584413,2625363.0393398805,257.8789150921877,312.23672008009953,371.5742749823263,4168.000782815325,4403.859483826374,4733.282771493636,110688.12002348278,116765.47810271283,125734.72001747013,60988.390356959004,64414.457380282096,69468.99457432835,29194.69811767137,31692.988140849477,35347.805884123896,523.8960620044257,549.0885963663746,590.0482896506691,338.97828422664793,364.17081858859683,405.13051187289125,682037.7334054959,807570.4462416704,1687367.9241489193,572958.9046741747,715078.7425371538,2104266.61688889,224423.75118577047,293589.75351043016,885771.9883271577,47777.09997042772,61542.94220453958,170638.74597750383,43392.60882521884,51600.23891041362,125878.93040046527,43071.62293697385,54141.492975477944,104178.874373606
22,7,511,511,511,1883953.9395157502,2257086.982734208,2658578.4998770147,268.4325225385854,320.6766303992305,377.18432263346546,4476.272877515552,4741.416165416342,5052.202337026646,119521.6916823267,126243.31957420676,134719.73839185885,66183.01553251264,69947.28800325318,74754.80471215179,32172.294854947544,35046.564354295006,38308.718565048184,565.0143640857694,593.5649226134619,635.6860658971807,380.0965863079917,408.6471448356841,450.7682881194029,701439.3069507986,846482.8390571084,1805681.130997172,589161.02487093,750299.3058490591,1949515.8821051996,226350.72884388597,302311.9855804421,827538.0483900347,49281.17581877076,62213.60243396385,145783.20702594242,44515.99485083428,55807.06659519356,149170.78274659498,45568.85139919118,55233.498568448,139379.53446238523
23,7,511,511,511,1965727.6062706402,2287143.351429412,2737630.4151506387,280.4901970317719,325.6721660528919,388.87571184897484,4800.678300562375,5065.696555824008,5382.942542340602,128718.75104690077,135727.5771567401,144550.80111412462,71450.7961025903,75400.78053484666,80588.41127603414,35388.71161824649,38160.3513562631,41416.318507241434,608.3029072153831,639.6718444715543,679.7344837123761,423.3851294376053,454.7540666937765,494.8167059345983,720288.1868519251,849615.0418449902,1587453.379064804,620542.510993107,780316.3372594931,2269716.3695758916,240592.1539503182,329282.77271305537,802267.4391846209,48687.26071161377,64523.087386945386,144570.63765024865,46944.90033662162,57482.75397394178,188191.4125012234,44993.58594367551,56853.049570901814,150016.71802855004
24,7,511,511,511,1996366.4424606566,2346523.9427968874,2755447.113674119,285.593481917503,334.168570132554,391.14812465130694,5123.230664855675,5408.208366282232,5713.4730730585225,137562.4717027318,145273.70125218655,154655.2182064515,76825.14697967091,81019.71308466664,86356.12920250332,38511.88302306266,41599.077167420415,44566.755666869736,652.2010786326971,685.1176155681667,728.347871744729,467.2833008549193,500.19983779038887,543.4300939669512,733732.6159871063,867918.9398416779,1696472.6151063715,648494.2902870779,818290.9636550468,1828972.0963021568,239066.8584161976,304469.4905952133,684767.1629879315,50785.22898421158,65140.24940588207,141742.0260121118,46946.538288439224,57740.74525457371,146697.10376160717,47346.95888831007,59692.37612218158,173740.46379737544
25,7,511,511,511,2050817.6947865249,2411860.943388116,2775400.919749304,293.70811577378544,344.39339624644856,395.6760924833702,5452.130221734841,5766.583084013126,6078.380403904865,147170.5335848453,155333.56108980183,164388.80010926706,82489.14501171847,86785.81734858178,92282.49283711216,41623.691331671915,44968.52654334718,48106.91795099269,696.9873359417021,731.9420534833332,776.4121877986388,512.0695581639243,547.0242757055554,591.494410020861,752701.3032339897,910864.5934487238,1713661.999118138,645529.1071315502,805600.3904821926,1911445.2953289258,236950.26903947553,321018.8196615461,800805.5807728252,52726.67982595527,65156.64389881628,122402.65086924446,48803.17661936611,59871.59089829496,170479.3042762691,48178.96446497175,58425.78293136301,155269.75339795623
26,7,511,511,511,2147920.397319404,2467470.6716317898,2892579.5303418674,307.5480001573313,352.63550173735086,412.54081503233436,5794.772603558697,6105.822604625822,6450.3472200344895,157061.3007663841,165385.00097242993,175170.84099062145,88303.12662469472,92876.09582432956,98586.65216685503,44852.18972209802,48138.61384101517,51611.69725197969,744.1873195420984,779.9929223492927,825.7985514203792,559.2695417643206,595.0751445715149,640.8807736426014,783611.6280066768,924234.8023432051,1764913.8870168338,677808.4994831374,836079.9539342689,1695228.39112796,252883.76158736038,326144.1980333232,1039613.0920296761,52461.03153809013,67900.84280242302,204130.16710303878,50228.20214997775,61988.90069593321,143278.96345209132,50507.82268140507,61647.745779422825,122618.91830827906
27,7,511,511,511,2158808.6763936873,2479072.340973506,2953917.542652864,310.46588410763206,355.12592144973206,421.1073446166745,6153.530368760971,6465.828658568158,6808.582043302341,167719.77641907087,175988.7799416639,185555.62014064155,94498.71950970967,99157.26708965277,104779.81718476398,48286.59142809602,51506.564834523066,54890.78000379431,792.6371663169004,830.7452429805242,878.3332125015697,607.7193885391226,645.8274652027463,693.4154347237919,804967.67660188,954876.4166651275,1657035.6631617774,706727.8154301147,872630.3332818623,2131671.9480499886,250923.58024052536,326090.0636196134,791382.8442436515,52992.28388597977,67669.23285837118,176036.41171419955,49911.60244569432,62766.45903072212,156924.57631973972,49928.83771108258,61836.579860213,177218.4382137586
28,7,511,511,511,2208425.477707431,2593288.6668847306,2965317.335945094,317.4629312615897,371.22922327611815,424.06352753655057,6529.69144520981,6843.1539930537665,7180.73772770359,177866.48807700243,186940.66998418304,196757.39705869186,100579.85115177082,105688.19355452147,111409.40674900752,51701.7962500983,55046.96864971609,58533.89803845032,844.2671070253584,883.0883368582175,929.9429209841443,659.3493292475806,698.1705590804397,745.0251432063665,818220.0237660798,978276.9213914678,1863657.9357658061,697579.4173185667,880618.7616471977,2435091.3577283304,270049.6424445614,351214.51302867726,957569.8506111742,56507.3558282195,71110.49227177577,187176.38263812326,52616.27374837367,66335.55708375137,151065.62618078358,51570.076777588365,63095.092764823996,174455.35408199107
29,7,511,511,511,2270133.857907815,2601976.728207735,3029777.7367978687,326.85791496817797,372.89535308990656,433.3823765902069,6890.339877217512,7228.4621514352175,7577.9548047382405,188965.1846275751,198081.3334067834,208118.36669518374,106986.98298425195,112350.21486123362,118345.70036837146,54998.630484616915,58480.108127592204,61910.32613295669,894.9432040425347,937.5127240654567,985.1895006861739,710.0254262647569,752.5949462876789,800.2717229083961,840920.2559445691,998831.2247241068,1843650.3973329915,724868.2109091094,913326.5906155623,2648939.1862881845,260014.73650017026,352418.6159547683,815214.5663808474,57028.7809321004,72369.2338860646,195728.73863694433,54914.30595673429,65431.98593610122,204245.97487012576,53491.62864429423,65642.25919782935,182229.33678125753
30,7,511,511,511,2305228.494094389,2687973.0350193223,3044937.330165144,332.675837344479,385.4975527242691,435.36743757679534,7258.7615157185355,7606.332510199097,7969.08282131599,199230.1525467434,209172.244758319,219587.11862723736,113329.3256136606,118848.84066460602,125040.86219630072,58397.48242202313,61964.7087572933,65414.34003634629,948.3359693132107,993.0295682880579,1042.9919475142067,763.4181915354329,808.1117905102801,858.0741697364289,861077.8624750251,1007790.6643804503,1740770.1203724162,754473.6031585173,959101.8453587564,2418014.1279273666,266435.1153383454,354165.1789608466,1021900.606974891,55740.857262320766,71774.55086192183,170007.9124862679,55321.36548938802,70177.12370870024,204399.04883486786,54865.5604653366,69283.01925465335,159293.50346246178
31,7,511,511,511,2393334.690164435,2688198.5434055063,3100991.384587035,344.6945220824376,386.1068404696091,444.05659876572065,7605.20734199451,7936.132358870392,8294.250521742048,209300.7645383234,218833.0924050964,229321.8709795859,119628.62808452728,125255.1606456059,131555.63647486697,63436.75877503984,66789.58381545443,70424.68650610541,1001.1888245582829,1047.1847833161612,1098.7849627469504,816.2710467805051,862.2670055383835,913.8671849691726,901387.0991363887,1072845.508146006,2213849.9117340646,768280.0579331812,934792.4895814604,2712932.2002615477,278945.80688308994,381173.8685089665,1105318.9585061858,58210.37018343985,75060.56884741788,167924.9631703457,57484.5711883032,68608.56291677084,163430.60402032125,56268.59608187879,70179.15565082134,143617.50194177334
32,7,511,511,511,2475490.510619461,2767535.396084759,3135845.476821136,356.5821611891591,398.0067524939548,450.3447138115008,7932.852698530123,8275.363431400194,8631.885002377143,218765.72221007023,228470.64664633875,239254.13935806794,126156.22886853175,131832.90894484887,138198.3965473829,68666.21360467239,71912.61522741089,75622.5442954755,1053.683011815505,1100.570783157827,1153.0747484016692,868.7652340377274,915.6530053800492,968.1569706238914,910459.900174941,1113163.4571078236,2202136.9197047334,801680.9660647328,998452.6562105702,2176166.7483101976,290264.7635274751,373072.80070519226,1104776.473783644,58206.35500053817,71606.82938006599,154866.3301196024,59004.00508476663,72713.16118064837,205179.84741884223,58484.55717644665,70426.5612960206,157916.1981721327
33,7,511,511,511,2521564.598509358,2836527.4037060123,3250648.0214858977,364.2396345501984,408.61859552990927,466.44636996812784,8240.305291039902,8605.886274447255,8955.925951068173,228234.14306316632,238112.78236594744,248612.3865239233,132754.33980918833,138263.71153700104,144988.024872092,73909.2488952443,77404.13755786202,81237.34864807206,1108.0796850155423,1155.3853523181851,1208.431082339302,923.1619072377645,970.4675745404073,1023.5133045615243,941991.2788767822,1106537.8272586435,2202227.522391405,829195.6164118283,1017202.5191663562,2443630.8467772296,288057.42771413864,402632.8473426347,1095934.13676357,59024.55861787419,73426.29164694797,146756.0195502351,59914.088092133265,74966.47063372626,183673.65356077117,59001.38682442636,72430.88438357435,190936.17279897231
34,7,511,511,511,2596696.4871372473,2921176.274776081,3264006.1700175907,375.4331387955614,421.01568550938157,469.0621889675108,8600.896722523305,8956.706013521169,9291.138366642585,238161.49315268756,248912.62324273365,259070.94851334568,139188.7160307116,145384.60159645407,151946.58520035807,78817.99607148228,82613.81049067355,86850.5852949854,1163.0639428543473,1208.975373919453,1265.0113183785443,978.1461650765694,1024.0575961416753,1080.0935406007666,978953.9143209124,1130702.6966767611,2081895.1135456045,866464.0706992684,1069894.5138387545,3078051.757985206,304974.7007854144,387370.2375615191,950749.559173518,61800.80366304083,81193.34565899699,209356.5197456207,61649.82879618718,78111.5518911447,224925.93094144695,61283.132622212164,76186.74630158504,211675.5218978814
35,7,511,511,511,2680679.7934952,2983008.636576065,3320784.910784279,387.56327788520935,430.3605028351003,478.1859343747641,8951.484115573632,9310.139800704888,9683.114087922459,249086.4720348688,259261.24575522522,270030.34366521484,146091.27520362113,152473.89762943226,159314.99144991487,84108.94534533261,88118.00473396678,92495.81150049054,1216.6837447003745,1268.316124414895,1322.999321114095,1031.7659669225966,1083.3983466371171,1138.081543336317,996414.4614220553,1184417.3287226986,2830847.044496584,877389.0846415678,1129793.928644624,2896550.854966161,305446.4225081835,416276.8834085674,1161848.1371067616,63503.46574436104,78996.04004738957,148155.70474192966,63541.51890622466,77183.00464715224,169618.69886409352,63343.29688250802,78414.16442512452,222122.07985951583
36,7,511,511,511,2709789.3866341026,3012301.7412686283,3392861.247232895,393.1546183119355,434.8300543141444,488.7054044955952,9333.694565915166,9689.634053711148,10032.220096560146,259097.07126085824,269941.5926818136,279938.88231193763,153114.4645061664,159632.59856559886,166297.44194740802,89480.65990323236,93423.9198434976,98027.54808867432,1274.2050711412871,1327.39359135638,1384.4027065270684,1089.2872933635094,1142.4758135786021,1199.4849287492905,1027454.0561910148,1211486.7372971529,2237141.8289772663,909732.267949411,1133271.756580742,2833608.7283809707,318405.5968219672,413235.77975081105,938869.530764642,64522.653730698716,81006.44616116602,236732.0797054843,64634.98996072167,78840.28733722406,177951.2717286362,65781.06741636718,80999.23458337314,267308.728525672
37,7,511,511,511,2796827.2776495153,3103275.9630937874,3452371.4178317287,406.5142829683677,448.86136286050856,498.10921054222916,9716.818253735433,10057.78878819971,10435.794586407406,270674.8548422793,280707.2721367086,291147.0891882725,160645.09071243237,166997.1539408505,173596.0953122234,95004.49248452281,99143.37804580953,103992.05026111133,1332.7316486624977,1387.0494324911015,1442.5897940061777,1147.81387088472,1202.1316547133238,1257.6720162284,1057660.8986079777,1253965.5202302032,2169974.633281442,958021.2211117274,1222380.6133197965,3389968.428396323,327437.78687768395,427517.9266651727,1310996.262551609,65931.01178892078,81593.49577501895,148655.40392800447,66856.21754988615,82052.41154311641,249220.77012168997,66427.69207704629,83242.55560790557,266056.82731401577
38,7,511,511,511,2865754.909415185,3136814.694784292,3508530.41759328,416.8167940074355,454.04901693383886,506.4556321417703,10062.735140211103,10416.871974308411,10792.559495091806,280667.5489403707,291319.2009866657,301913.2354186408,167581.28806641573,174299.4883363822,181154.97720141604,100854.45438352047,105248.38831135015,110533.67960987339,1395.4868670480473,1448.4207272848653,1503.4119053796394,1210.5690892702696,1263.5029495070874,1318.4941276018615,1086314.1049576052,1281142.7953356456,2587274.4430063684,979126.4380228894,1196871.3958929034,3246821.4602097995,338353.8013235554,446306.7182858065,1124148.0362049553,66763.58800694726,84789.27360200296,196567.35817376882,68681.29682429046,82778.381287574,227831.90208723524,68762.00485261063,85920.78874363331,252308.18254212584
39,7,511,511,511,2895076.3408656204,3190038.172333139,3461693.961409524,420.97435455282687,462.27167841710366,500.2532161316327,10432.260334945557,10793.965726648914,11170.05352522662,291417.843188842,301881.2939764321,312875.2177229716,174764.11953532073,181638.53704678698,188275.8881181571,106956.97050484983,111456.8560322143,116762.63327281919,1453.2885116645753,1509.273513914296,1566.4025877895779,1268.3707338867976,1324.3557361365183,1381.4848100118002,1107515.7779532352,1331339.433858257,2332467.727042401,1002550.0462795545,1228274.669311396,2828226.9267902537,335295.76633812266,425343.5521786228,1030082.689676751,69098.70439984824,85864.66224046634,214625.46716192036,71314.73338662995,88499.32884372612,195560.222413585,69308.61565595666,85610.23306310862,229950.78090827214
40,7,511,511,511,3005512.5709009934,3272223.8004704085,3584168.686379355,436.9087201166952,474.6753087821719,517.6547689626365,10798.062025782901,11168.682773679762,11529.83463967091,302075.1859836574,312874.12311694986,323049.51139586547,182410.27814182563,189281.4757805479,196053.51476751117,113502.99906778318,117841.17074596156,123078.04850882184,1513.145440572117,1570.4322531676694,1625.7435120957534,1328.2276627943393,1385.5144753898915,1440.8257343179757,1159336.3502302824,1389941.5130472668,2973214.733548524,1038905.5490571398,1313523.9622440492,3254697.8950244854,347023.95480218204,458574.2354343093,1280943.200849715,68432.59664825331,86735.1052346815,165826.2324050613,72462.11822041242,89613.54651149624,255101.75436819482,72350.46679686438,90263.2305772749,239955.52440984172
41,7,511,511,511,3065606.2733716234,3310250.6333454023,3589552.459878645,446.6397485693395,480.39952279149543,520.2475319612512,11206.421255146633,11541.805064864884,11908.907634831627,313665.7605714602,323630.199938533,334637.9060025529,190402.1542693726,196863.56793352508,203785.79099081294,119847.18158687263,124344.31455981295,129771.74548302974,1576.863428959658,1634.1234092823433,1690.5570675070376,1391.9456511818803,1449.2056315045656,1505.6392897292596,1165794.0021618353,1369072.5894617215,2249003.5938760634,1056124.470088859,1314837.2735906926,3139543.009086337,354405.29710506095,478888.3296940045,1250353.025294257,70938.64560686181,86119.590728723,183608.531305826,75492.28512883461,91487.63394361961,250640.60190384454,74268.3704304526,94286.35277569237,259775.8761627
42,7,511,511,511,3127667.7561573605,3365950.6649434636,3670697.147523838,456.25670408079407,488.76772541527913,531.9419974114959,11562.803078395971,11924.838518074444,12292.021614144702,324412.0978497751,334711.6412738045,346090.5595549402,197996.98510464607,204756.24440366164,211805.21753050195,126384.89623074846,131016.26677722753,136383.30334542255,1643.462396689216,1697.3075105571534,1754.992702701219,1458.5446189114382,1512.3897327793754,1570.0749249234411,1209490.5022918892,1418730.978429721,2661489.6443493324,1108569.5124043352,1427019.2199371026,3724023.780435901,359218.4032134608,461564.5117380269,1091869.2732238632,71063.79339315307,91944.67876849495,188682.38238254693,75369.95353689707,94904.00460918137,233310.7383250445,76349.96991378222,91878.87320445523,278538.88316262903
43,7,511,511,511,3204892.1392578166,3443512.3085949384,3749023.5256469604,466.8059629987334,500.4508755127635,543.5382763646214,11942.909312273143,12300.320255762348,12693.89187947407,335117.76705759997,345908.5873742392,357042.5568837821,205687.8696573111,212684.52223878348,219822.05527604133,133056.63733742706,137979.82174033238,143820.37942866038,1706.752653649828,1763.0798144749579,1821.8212571986273,1521.8348758720504,1578.1620366971802,1636.9034794208494,1229214.423948442,1465162.905748764,3494056.9383230708,1164248.9345510623,1431618.5621549771,3762707.664703933,361371.3834613903,481305.125034032,1180169.5111959444,73532.06066816559,95977.06703209615,316014.50822236366,78035.26733753162,96329.52168154101,273111.44532926206,77524.24653227717,97636.95901795937,217345.84008938566
44,7,511,511,511,3253147.2716820966,3474164.0837834594,3754624.3056155504,474.3624314480756,506.40225242211704,545.1393204948564,12325.31294196208,12700.47709130576,13075.816940815967,346669.6038126988,357530.56189865305,368289.157042708,213941.63903828769,220730.95756981766,227952.41032265173,139917.71671820228,144871.9586129316,150828.2616554868,1770.8433582553703,1829.1487964343069,1888.6282384114556,1585.9255804775923,1644.231018656529,1703.7104606336777,1251232.728948468,1480099.7313666493,2967527.597425051,1175056.5747252936,1444265.5489127536,3867857.517569881,385731.4723153161,506428.8471110001,1181369.64802797,76306.47916865804,96868.3844713954,274572.70735629846,80666.91746946471,100902.67229274733,304544.7778731296,80777.70169450354,103262.27934391596,247064.899852643
45,7,511,511,511,3301009.4366317424,3545668.4528032257,3808974.8984436225,482.50228690108577,516.5594390652693,554.1051248203379,12741.346804991064,13097.11569155355,13451.90796329741,358862.5936103852,369149.1662670684,379516.56301359605,222260.0469587429,229000.00377768738,236126.6621131597,146741.6595179542,151924.9054036832,157896.30153375855,1839.6247697635085,1896.2024241929248,1956.3811971332088,1654.7069919857306,1711.284646415147,1771.463419355431,1290368.4465517073,1535251.9310414165,2936231.190768093,1227538.6917716444,1499099.7307892984,4222847.971412544,406887.6282947441,514777.15993731166,1384460.5483925953,76087.63385994424,100792.50428321365,267461.8531302526,83194.85142217745,104123.58569634592,321530.66946196405,81495.30147140766,102113.35369964213,276686.31488861307
46,7,511,511,511,3354297.809031734,3601800.2766912794,3830807.152052745,490.63956325785597,525.222894920601,557.0656253995006,13135.125840663382,13490.76224605079,13833.211326713486,370084.9467495341,380754.3999023889,390537.7117961821,229916.40090978783,237127.84325802414,244494.6445020306,153531.9067549989,159077.44879580417,165291.26614585693,1908.9448357673018,1965.1111425918393,2024.4999620541084,1724.027057989524,1780.1933648140614,1839.5821842763307,1365535.1780236498,1616007.7554013564,3561898.946980338,1232147.1164386447,1567094.3019967447,4144227.6919919653,395791.4184109406,542835.2867882653,1504791.5750426357,76909.95046351365,98418.16671043425,205428.60368288594,84238.98065127483,106612.64507804366,315600.7457655908,83808.16778957906,105207.48906983864,335511.06314033346
47,7,511,511,511,3378171.647520219,3608141.8804439334,3885269.662237541,494.8216763156133,527.0826904050341,564.6249959485149,13508.588219071862,13881.077082504611,14228.19394520049,381222.27308643964,391793.84234865766,402263.7387666004,238589.9157155722,245594.4457423083,252673.05791368426,160932.20823607515,166530.0067502652,172965.09773556606,1972.7477853593427,2032.843138261312,2094.2331486280327,1787.830007581565,1847.9253604835344,1909.3153708502548,1355801.1407597982,1586368.5568361646,3307206.9402703824,1297683.9246128248,1633282.1646272668,4331016.557502364,420323.3620362531,534835.9560611702,1453856.461836048,78300.97136208297,97559.56430633632,183247.37716202668,86499.01276740877,108366.53893912565,307954.58631640975,87252.67009693712,105032.09669554498,253705.9696374085
48,7,511,511,511,3438124.637603152,3666935.8528564153,3901943.706370345,504.3029282750593,536.2508970275084,569.5148287205669,13887.60737971428,14258.442553411085,14621.054821560268,392524.3128623897,403301.43767100095,413532.1303825461,246878.6886067169,254116.56317294028,261338.10102243294,168902.02531302738,174004.39690873187,180544.46855906342,2045.027075407546,2103.39815896368,2162.3865937251467,1860.1092976297682,1918.4803811859024,1977.4688159473687,1373438.9944634424,1643234.4594200717,3149113.372213146,1321206.1669924855,1602069.0622446386,3413692.6170667503,420472.73422501684,549543.8380171723,1361970.4779755156,80578.0414852,103233.36598083084,206045.6339127507,90082.84408125367,114030.58845169016,287469.2134578612,89396.08116097687,108138.45615113286,277393.4985373373
49,7,511,511,511,3495266.7144969953,3708586.3565845457,3948140.372609581,512.5841470472029,543.0266300163966,575.8438626878261,14283.475738967354,14652.277795321574,14997.425117216753,403859.8913057452,414761.5043887679,424847.08991376084,255217.2816527619,262802.9905505026,269904.6238387105,176533.3635991003,182031.88087252455,188967.98084928613,2114.100182833752,2174.415804218947,2234.595286298052,1929.1824050559742,1989.498026441169,2049.6775085202744,1453374.3155855653,1717870.216488428,3994412.559205195,1351045.533388743,1703516.0967617396,4101082.522599779,425389.02808759996,543033.577229381,1420018.1044272638,78818.96756585364,99701.08356530496,261050.8832411281,93591.31495634663,117205.78214704503,337473.32972490013,92576.5269094171,116150.69767248418,279016.5081796262
50,7,511,511,511,3524583.2903905506,3723962.951090404,3977942.179352302,517.4841468841864,546.0165397847766,580.5288511656862,14654.881458795111,15045.759956078611,15404.593152923973,414688.5590160032,426302.67272515583,436578.6586694517,263790.7243594377,271427.78589207993,278750.16605450603,184071.90403651498,189698.75725756673,196816.62015804788,2183.5884582174604,2246.8026990319663,2305.9829764336987,1998.6706804396824,2061.8849212541886,2121.065198655921,1487255.6958203998,1760081.0711636045,3981617.7558751185,1396804.2209615519,1730316.639011404,4481054.783587576,444242.4548183813,581473.9697125012,1248986.9753911826,83297.47063174014,101754.0758829908,246387.16168943772,92746.68939181154,114185.38223251872,264200.12852400966,95976.92625946357,118182.5987645781,281187.05755278724
51,7,511,511,511,3593403.007309385,3779497.68158234,4030170.391974925,528.4373937042064,554.0132021424942,589.7175676421635,15062.122600290137,15439.14259102541,15802.50047823758,426672.25356700015,437593.97534353484,448490.0362550383,272595.1033334626,280121.8928884904,287654.9470810246,191826.6913543864,197728.0673186132,204778.92183817286,2255.0338141064253,2318.6759935451105,2379.6958282319947,2070.1160363286476,2133.758215767333,2194.778050454217,1531831.0467150784,1817575.6605337625,3845203.9420358213,1475776.4377529782,1870933.7930509888,4545119.902284075,442099.47244639223,566669.7861603132,1351234.8232032154,85911.66984175282,108562.01049903725,257605.43312989423,98308.58700837,121177.01209958571,314325.90249928425,98155.13038823297,120559.45243232218,307238.4417063948
52,7,511,511,511,3598993.762166865,3799193.885958439,4031685.1432537274,530.3089012281637,558.0730496333657,590.8497295763617,15465.117477406691,15816.056838629975,16188.458181596132,438663.9047982084,448835.3848844848,460073.45446132263,281330.0779712254,288719.6726770281,296451.943394982,199118.2850977964,205951.0180144686,212895.04878130334,2328.4036388899663,2391.1268851818645,2453.902336786316,2143.4858611121886,2206.209107404087,2268.9845590085383,1505050.3084104396,1807684.178772889,3517405.758271089,1518554.5488777054,1858696.0319681196,4555101.44459966,445084.0449459327,576519.0016390396,1809834.967763458,84133.88751217561,108838.52294109475,295279.3753904868,96301.50596298896,120175.27260721385,333113.11428522953,94608.92881595322,117507.05249271868,302149.91392007464
53,7,511,511,511,3650737.111393922,3839637.5241988814,4053602.5473497952,538.0512237088592,564.4446682329526,593.8256889165585,15856.498176800085,16215.641091990172,16576.22640461813,450283.5242056709,460655.63698140107,471514.9854064627,290336.6934524649,297616.1449878124,305237.30609451095,207414.52348240753,214093.90902823437,221067.8028993912,2401.195094204656,2462.7750500863453,2527.210639402628,2216.2773164268783,2277.8572723085676,2342.2928616248505,1612574.0660831372,1914137.8564544537,3779608.80114501,1566983.1229881612,1945687.1088026906,4789919.789886675,464545.3466034454,609059.7231493203,1927608.5602232679,88717.01005678398,110618.86533232669,230131.90805334228,100696.77820067544,129231.01238462275,372736.2480047873,102967.3693502651,124308.26611092339,288090.50983579666
54,7,511,511,511,3681624.2694490757,3861750.0367811923,4040210.2800218216,542.8633927411483,567.9983363240242,593.4025279824497,16240.193316664236,16610.877682453192,16978.968691513644,461423.3105636315,472418.03969322087,483510.0457305488,299415.115288753,306611.452889414,314022.04067216,215450.8766913723,222362.09662163153,229296.8986526277,2476.250223214985,2536.912319342881,2600.421995232036,2291.3324454372073,2351.994541565103,2415.504217454258,1619159.2151183493,1913095.2843176576,4514716.787266424,1568969.6397356952,2078845.1621199145,4766994.109535976,468395.2744569829,601097.9553358371,1344393.6288505783,89446.95249030554,113692.08172611188,284125.5728623713,102542.57280097393,126730.4481917754,308055.0110781747,101870.86023830037,126865.3928018579,356217.7152807167
55,7,511,511,511,3712774.430284992,3902549.66281374,4092064.908572179,548.2686681014331,575.3092898649049,601.2000283363784,16641.049129825707,17011.229777623863,17366.62723165541,473570.43822004873,484321.7135089374,495138.03008845204,308326.0679130023,315586.340714908,323398.2944090768,223797.83111245316,230570.56643404881,237445.22527696984,2551.903738517386,2611.873218522894,2673.6281167124444,2366.9859607396083,2426.9554407451164,2488.7103389346667,1607649.0308046928,1882359.8590344512,3511707.035146654,1576363.5855318226,1973853.235309005,4599786.56559701,468757.53601758904,606211.766822006,2086089.7260533238,87315.76846345347,110249.5208541225,211314.664243932,101282.47898243707,124808.96333675267,328641.93883234635,102654.81525761292,126425.70226344795,340668.4096447487
56,7,511,511,511,3734193.662264413,3930381.1162120546,4086373.6543296087,552.3668708859637,579.9333949041952,601.8407536832468,17043.83268901702,17403.86491175638,17751.303697529762,485887.49127537274,496040.24915420497,506464.9812781448,317344.5374394082,324604.7317691533,332397.4633730445,231852.6989839367,238829.48419220137,246263.2916915134,2626.1616770527967,2686.663950402011,2751.7635645200844,2441.243899275019,2501.746172624233,2566.8457867423067,1623046.0141853867,1879729.8987130055,3814965.552897429,1603330.3254124406,2006043.7164909327,4617056.965307491,476857.81852080196,607450.8933870867,1641619.2646484375,88356.26021776255,111067.76092743303,252820.76568743822,102181.82969418033,126051.47396799193,291436.93214279955,103485.19350962635,129299.75518396925,356207.68475414946
57,7,511,511,511,3794485.4899471416,3957564.743926125,4135571.3228721484,560.7429012538241,584.2752565803701,609.339462789475,17450.728690319796,17789.05095426257,18139.130558979494,497296.7634274768,507695.4825090581,517998.7823215168,326338.1100898505,333781.99662368424,341638.9644240053,240417.54085368736,247371.6663261207,254888.6043025926,2701.315589772846,2761.817209187389,2826.7566392198155,2516.3978119950684,2576.899431409611,2641.838861442038,1634085.1882685176,1878534.9797724825,4081460.2339106537,1615349.487811689,1944699.2434607337,4610437.435196485,473135.784538956,607044.9329162182,1430866.9480134505,87318.27843116428,110888.32152822183,248343.51756121233,103291.62028489483,126933.35474760161,384323.6148406117,103918.68971990456,132723.04841880922,379218.0069293196
58,7,511,511,511,3812542.6921965918,3981535.7556145624,4134688.088888218,564.764671904628,588.8739590162651,609.9907321964703,17852.615279225334,18188.7287982483,18527.804812793944,509519.2771147989,519570.5101862261,529600.8315966439,335530.285680783,343075.41736638895,350663.3539540238,248955.36460158968,255996.15532709152,263691.38366615406,2776.262028526532,2838.29441630848,2903.769147977822,2591.3442507487543,2653.376638530702,2718.851370200044,1619953.500231835,1886774.9585062447,3079727.6025787382,1610030.3927830702,2008448.8525068364,4797309.564132107,469933.93659318605,607207.3078371984,1922063.0324744151,87265.94701094922,111473.53321095914,208364.699716166,103043.3382665071,127454.9579303216,450005.9357907035,101783.37136891943,125556.06514759143,402167.96794783126
59,7,511,511,511,3846771.2017803714,4007614.213991493,4163156.0867065135,570.5712612481476,593.4696302769318,614.4531308841517,18256.641012623208,18583.497749681144,18924.048149114606,521703.8435803785,531231.099177521,541562.8892272713,344662.0918971774,352218.5187806088,360204.1707519525,257479.37595646823,264677.26555616816,271829.9273840197,2852.863491784303,2915.7395891643523,2978.9723940613094,2667.945714006525,2730.8218113865746,2794.0546162835317,1830810.4324501215,2181528.6875805566,4241164.439130368,1822579.7957879603,2286871.119286133,5046293.795087568,518327.2460401309,678861.8597907353,1892225.8446771791,99213.82753887534,126727.64187575992,378037.60221060045,117149.70182217537,150354.85632653048,339867.72893878754,115272.68330919916,145450.95043350782,354216.2733960079
60,7,511,511,511,3880245.6072971895,4033928.8398193293,4197687.1591333505,575.9321343971284,598.1273650627141,620.6993064936855,18653.928054640004,18987.459812861038,19328.910978284326,533381.803944208,543339.0157171565,553266.721694662,354068.0825738483,361576.91631605267,369530.8300507389,265934.7070813824,273084.6388595073,280724.3031953811,2928.961876920923,2991.9321009495175,3058.4792007107153,2744.044099143145,2807.0143231717398,2873.5614229329376,1854472.6745200255,2216320.145685467,4393943.525002643,1855622.1130600423,2369812.408331353,5069190.428912625,528724.6255567059,722270.3964903692,1861398.124270303,96503.12923690047,125343.43937633267,372723.1571424179,117249.88428311862,144605.1658653231,320720.9826533727,117278.94945296839,146699.59522626424,311432.94368457736
61,7,511,511,511,3914568.4754250045,4056904.299900163,4200000,582.0203453933764,601.8800814875071,621.6072158542331,19049.49188568627,19384.1032188967,19698.686364152014,545232.1617763746,555132.3757220788,564932.6964972554,363592.6577520563,371057.8236838524,378950.5668688633,275883.99465533224,283076.5621525605,290616.18744633906,3007.345132559847,3069.9187470782167,3136.201361533935,2822.4273547820694,2885.000969300439,2951.2835837561574,1837752.115918408,2148514.436461428,3649506.0659542163,1859597.873372221,2261927.5744199604,5149661.502283504,535180.9369207056,693876.1434756175,2130056.388308811,98400.23453648831,123171.14529403615,315385.626622556,116534.62666890348,148180.03834679353,365813.5048865829,117939.23744077199,145238.43475921234,402045.33633776207
62,7,511,511,511,3953743.3738236777,4091985.170102674,4200000,588.0418955760708,607.4607681614821,622.729395650585,19443.633026653868,19783.784063341845,20090.398125630993,557094.3310434441,567106.484692327,576445.6776525779,372882.0125024814,380381.90457067534,387998.0542753838,286125.5713525774,293286.98355665256,301139.1166275843,3086.7165923782472,3148.9263084765475,3214.6991683516385,2901.7988146004695,2964.00853069877,3029.781390573861,1876527.2103237736,2214719.0149927945,4941979.390641673,1927214.2813409856,2443552.1303407056,5099577.71029178,519522.4060051466,681005.6567210588,1760784.3035514685,97035.33028036664,124589.80235175719,368828.61427164695,120539.88481177046,149766.75949619256,484587.05785700155,120365.79367130819,145425.28258433504,343608.76333675697
63,7,511,511,511,3961215.8964602007,4105232.7482758835,4200000,590.1335413629879,610.8688697795601,623.7806341568198,19851.031624048264,20174.95581904489,20492.92353867418,569499.2797713538,578946.0725792161,588545.4987965637,382047.392150598,389916.6373938598,397889.79109392304,296947.2255240371,303854.97768738103,311913.35341883084,3164.127881965123,3226.6269825334057,3290.0948967393097,2979.210104187345,3041.709204755628,3105.177118961532,1866353.692107375,2212435.0461440254,3482442.046394411,1916895.7466496015,2360899.5531138447,5174363.949233618,541224.8142764742,710856.837270501,2314228.817347008,97650.4652377216,122426.70491614244,200777.48259686265,119770.90833096082,152633.38743360116,472043.15860493004,118737.87248379382,146957.48401926178,319740.36287452595
64,7,511,511,511,4009128.5070748753,4128479.8441312597,4200000,597.7588389018874,614.7762591717196,624.7604407177405,20244.455686767007,20561.9075790236,20881.322302307202,580821.5732070035,590316.0865791632,600330.0629583541,391557.65898126306,399310.71891307115,407261.28191610065,306499.7508470302,314349.5233039865,322440.6892276345,3240.506045699428,3306.083089393276,3372.526036893803,3055.58826792165,3121.1653116154985,3187.6082591160252,1889582.8077203657,2207858.1138122813,4377277.691661529,1893109.5805861517,2378717.003988813,5081156.065321207,526623.2787006304,710712.6745874032,2204193.630702062,95507.02061099993,122555.97398107465,258985.8406635818,122493.74971175968,151992.70908181593,528628.0077927693,121482.60678347824,146498.96423320816,457356.4188479875
65,7,511,511,511,4019187.809955529,4127199.9215216446,4200000,600.2208506542532,615.4526192900985,625.9701676809585,20617.817796442057,20952.852351286092,21257.121969821495,592240.480529367,602187.2665016407,611474.9496089413,401027.98580974137,408760.1144818049,416579.0582486617,316508.9111347717,324732.186250042,333318.19940479315,3319.7582692883034,3384.3671020533707,3450.6217937452834,3134.8404915105257,3199.449324275593,3265.7040159675057,1895472.9897269204,2257409.424176781,4905021.899639431,1897101.9860075137,2331476.570415491,4948156.596310489,522273.70978925814,724657.8429681582,2203690.718914572,97240.61461338244,120104.61731739754,265267.44869639917,121440.38554274577,148829.18836595942,348832.0821413485,119686.47443891222,148057.3721771853,381679.28123539645
66,7,511,511,511,4055908.6689165854,4146248.694129292,4200000,606.4969296109366,619.2785658367621,626.852486743279,21011.870662316454,21346.1808886253,21657.92146243003,603735.060697051,613903.8000043881,623120.558302814,410440.0957175108,418182.5028542896,426173.4920757377,326932.21951233386,335215.1694180526,344080.279263462,3398.6776595256224,3463.1120651261517,3528.2699298499588,3213.7598817478447,3278.194287348374,3343.352152072181,1883559.6535270198,2233000.6670633876,4555943.677916786,1943597.337794826,2367211.674192896,5196036.91292281,519564.2365297524,683235.1121013907,1514148.7998723427,93725.19310421361,120307.5010398048,221646.26831464612,121320.01048732545,148913.25421488384,462812.27215048904,120198.15340009528,147709.29428531448,330369.2458913723
67,7,511,511,511,4074047.6594195846,4173957.703951924,4200000,610.013862394297,623.5486543731438,628.0262970334228,21398.922187685253,21721.502795595872,22038.85645102596,615683.8303664605,625130.8164663012,634457.1193991676,419960.8102074315,427639.1114312,435619.2112262213,338366.77016136644,346137.6832219129,355364.86895793915,3477.1119087570346,3541.631968230191,3608.223545075592,3292.194130979257,3356.7141904524133,3423.3057672978143,1873447.7763933397,2185680.0758304144,4321738.503612384,1950958.2854572772,2475136.976999426,5123198.165803859,532292.8099514375,719640.4149987284,2324681.2224308946,94232.42057161049,118521.1093623438,290147.84830294363,122413.27689216471,152031.21800578255,421135.7793423656,117632.6029603144,145526.82177353834,281741.18301194435
68,7,511,511,511,4105704.5870773885,4186436.486834974,4200000,614.9312021646645,626.3076695788352,628.8108714865234,21786.426119457257,22105.50020019967,22396.021702290065,626943.3122273118,636779.3797178015,645555.535087347,429599.3980490683,437289.26920865563,445043.93925336975,349129.42010062473,357418.9726169544,366644.2887825196,3556.4511961730404,3620.4370397044445,3686.937871329622,3371.5334183952627,3435.519261926667,3502.020093551844,1916278.3946063016,2290526.3076996794,4975977.328784884,2007972.8038409662,2427673.417709245,5229733.344852167,537310.9335929608,714632.0736337744,2016327.837471169,96547.44048876093,121680.89483486641,339237.7118771295,122391.4813581957,152304.08082521893,517978.90384012775,122107.7593726525,148962.81517927817,368574.3608256723
69,7,511,511,511,4121300.1125363903,4200000,4200000,618.4586754350677,628.7067858165323,629.9238262633988,22186.310883744547,22484.20661283247,22789.189326682004,639294.0664911832,648173.4671754063,657599.7224747894,439226.4337866556,446919.51902357535,454675.88095976703,360709.5796055464,368678.44950656104,378093.48709097947,3636.772761520014,3700.8550211832417,3765.4772715558593,3451.854983742236,3515.937243405464,3580.5594937780816,1936935.396148901,2320733.5031120516,4230453.563609154,2040546.1625410165,2546115.7807149235,5209514.133563038,552963.276410231,694318.1882916704,1884919.5655140325,98007.92569703933,125903.76941755165,248960.6353563496,124643.43793748673,156131.98904431085,540323.1767050899,123727.61613043115,150712.85468903452,419905.95516908984
70,7,511,511,511,4124888.801871375,4200000,4200000,619.8478765247654,629.7375738393221,630.8671224641781,22569.17910167266,22861.36557699776,23160.053702067777,650583.3742963225,659629.7553788427,668705.3068262219,448922.12486423686,456556.2170492668,464242.1414493623,372113.85896288406,380408.11700684,389627.8283412392,3716.998059333241,3781.1071029742393,3845.743452442503,3532.0802815554634,3596.1893251964616,3660.8256746647253,1945457.4001390229,2261888.1545099416,4093012.9965750976,2024770.517882177,2563945.328912412,5316432.470430517,533878.0452041415,718523.790467278,1677406.2023703905,95535.74112662318,122304.73371132619,242576.91358510958,121385.33594011061,152127.15990891494,527860.1245915893,125068.77609418484,153910.28401297564,407328.1071059576
71,7,511,511,511,4136530.6325700367,4200000,4200000,622.1818010428913,630.8810591790411,631.8354922670163,22939.521689060417,23234.736651188192,23524.21578180384,661834.5238708998,670905.7610821543,679787.0636063332,458260.2004471281,466076.79034416645,473702.5167538627,383688.2593719161,391886.2077398213,401481.6490460263,3797.7954849797516,3861.4129198550013,3925.462289855797,3612.877707201974,3676.4951420772236,3740.544512078019,1945619.3099388692,2287023.5412790715,4999523.402396435,2021115.3504770494,2487000.909716509,5240087.628046664,518792.3122285887,720479.7266029852,2164189.292204818,95159.56876565113,121025.56630345511,263894.47933219455,125689.23691593605,161943.62337661165,534766.4859327378,123010.07466302083,150003.86280511395,435178.2348861776
72,7,511,511,511,4156665.2311879382,4200000,4200000,626.4005260578874,631.7590441899838,632.7698960681441,23310.749425328097,23611.642589997216,23902.678532842572,673202.801622577,682169.6118586843,691020.4751848485,467891.7169511233,475694.97854561504,483276.2409723996,395050.6399261824,403948.8886830354,413861.3673887239,3875.6127815038453,3940.7510306458316,4004.298750726634,3690.6950037260676,3755.833252868054,3819.380972948856,1887682.8006101437,2331467.0018762555,4772412.929595259,2031769.0504641843,2537514.731082264,5381842.831067435,531181.2362538443,695081.7878760668,2174845.2651521415,95887.59585694494,116662.88522116741,221570.33647384815,122922.61243795879,160229.29517506127,488796.15162076807,119560.14660544375,146837.30089023878,313752.71361373365
73,7,511,511,511,4151720.113646023,4200000,4200000,625.9321916447466,632.8213334484587,633.7701775716829,23673.916271812337,23974.75663748245,24274.065843695986,684383.7343256782,693310.0043884633,702348.8659303306,477420.49128263496,485143.05599111906,492820.861946464,406999.64167299366,416106.9961567156,425873.7254566338,3955.8754190371387,4020.9025989912366,4084.079785881108,3770.957641259361,3835.984821213459,3899.16200810333,1924511.312299624,2303356.6723965243,4778185.194064235,2031226.2282562144,2529013.755682673,5243873.368657412,522469.1606834825,703791.957118432,1604826.7559431554,92263.75396825923,116410.18429556186,218001.3844214136,120793.82089434846,152136.44975011304,410777.0029960696,123385.82756323834,149740.45771011952,449165.1080773541
74,7,511,511,511,4169389.336040985,4200000,4200000,629.5569513185884,633.778830450459,634.7392332077836,24037.973041020756,24341.839171887,24629.378149310207,695069.407357534,704470.6122972504,713191.6682171985,486754.07897644414,494688.34339532716,502404.39937618806,418905.5138619499,427877.9191848389,437984.2370453649,4035.2818717997357,4099.63657770377,4163.618293998311,3850.364094021958,3914.7187999259922,3978.7005162205337,1955523.2614339662,2350645.183398632,3893596.307990354,2034142.0693803488,2570711.7939484143,5228372.624836261,540910.622629559,704551.5349414654,1629068.9363531154,92387.165656856,114844.62624653135,227850.59425681448,122319.8190203948,147603.54419945256,392658.9977833042,125619.45656046149,156247.3515540416,594368.5831940912
75,7,511,511,511,4169253.3938807244,4200000,4200000,630.55461847108,634.7344054605561,635.620661300549,24386.96048477479,24697.208088808537,24986.722914528447,705641.1016476959,715236.816433527,724094.9547223346,496305.19587076415,504130.6216988406,511861.6929389916,430733.0039965389,440075.7116092928,450163.35000262916,4113.0617692481455,4179.180639405504,4243.481105912678,3928.143991470368,3994.2628616277266,4058.5633281349005,1932832.6976526144,2323073.2211329364,4503339.574518766,2053380.4901571658,2594028.188898508,5368329.453510269,524894.0670424685,710994.7017125596,1544123.8605328582,93016.94642030228,118112.28830292898,274966.6682571697,122641.06542978909,149096.42122254582,296959.7904609385,123501.91967170809,157222.54805571132,513254.1739202668
76,7,511,511,511,4190527.4835342094,4200000,4200000,634.5032003970907,635.8516773843946,636.6667931956054,24748.63916897168,25045.160397726737,25343.632087036432,716659.7303305408,725825.932208747,734817.1076142141,505944.4736606558,513620.87352156633,521415.51689824485,443283.30717875477,452772.21484597545,462590.1326567037,4192.654410034145,4257.866291934783,4322.291885602707,4007.736632256368,4072.9485141570053,4137.3741078249295,2419664.2968135537,2899382.8787182197,5433303.23366447,2580551.8139560064,3340369.8890119516,6214484.884205697,637781.910161126,846586.7902652111,2031498.9250203646,115297.41985972747,145999.38880108073,355470.0467519433,156529.6943441217,190080.37312095167,381070.57497725065,150682.69787838933,187557.279432763,463937.3389726798
77,7,511,511,511,4191430.5199969113,4200000,4200000,635.5218141848526,636.7923185327363,637.6008907562212,25103.498195363438,25405.431510039052,25704.19184832335,727512.5595099337,736728.2079587473,745868.976394749,515466.5787527071,523141.98648152966,530993.1948633991,455452.5943050257,465320.88503869914,475316.23371949437,4272.981724949909,4336.95172379083,4401.907085263151,4088.063947172132,4152.033946013053,4216.9893074853735,2403130.3686743206,2919924.596094416,5372376.414767329,2634441.245186313,3433941.7359607145,5997091.444259842,640216.4402503885,844894.5773430231,2226677.491128955,114486.99385234587,144774.51094840703,331838.68942746666,150083.23976134873,193235.41312539618,494088.2649383462,152754.58564152356,192386.34310634938,562767.5397675481
78,7,511,511,511,4181544.828334173,4200000,4200000,635.1470019122434,637.6488473259609,638.4717386870086,25464.01133071804,25751.35324080742,26056.478601114828,738534.6668931751,747232.9034441623,756610.5476024153,525005.6944336185,532691.4322253977,540534.0355378329,468377.889232492,477513.7046377854,488209.07451878546,4352.3326007170035,4416.294331790525,4481.721068306104,4167.414822939226,4231.376554012747,4296.803290528326,2377378.1364089227,2869067.65073755,5332083.053389055,2544316.3965529976,3341438.9381511323,5975237.067184345,651961.503987434,837406.9912423488,1955467.3447806204,110467.14024124986,142307.72482632866,377595.6758729776,150801.28463136315,186344.23980860857,467336.6181824813,149163.4305276226,186730.6845370852,430518.6560476333
79,7,511,511,511,4189885.022840519,4200000,4200000,637.309115712676,638.6287107149312,639.4662154355273,25806.75987909845,26099.065946465224,26407.075223919677,749008.0421591314,757814.0191864215,767260.1006542781,534597.0777075017,542110.8042638372,549965.9849726764,481557.48341650615,490492.21789930295,501412.8397541344,4431.825231391264,4495.873046322758,4561.228073926385,4246.907453613487,4310.95526854498,4376.310296148607,2382514.2660822286,2850360.962898251,5073707.092574905,2612277.519156918,3291247.051540602,6262997.839960864,639305.1705946521,830361.0465713276,2340066.8627414783,110962.70901881694,139463.27925089834,367483.9657340082,152251.57483553365,193153.34246744358,420387.03986743564,153811.65020565147,190397.09678397293,498118.57175438514
80,7,511,511,511,4194689.801757859,4200000,4200000,638.3825807828396,639.5898454154714,640.4063718540118,26161.592034809622,26449.283731478736,26740.97414776168,759770.7698278732,768505.5999443093,777486.1141133979,543952.2833942639,551524.0569159398,559347.7477919592,494149.35170943604,503483.45355039416,514246.83094005444,4511.753425340292,4574.367813309754,4639.8276525500805,4326.835647562514,4389.450035531976,4454.909874772303,2400926.068668422,2867574.851806758,5269787.94436667,2593456.2780692326,3369198.8959827144,6165281.95065762,641145.5606366589,834644.2174228115,2062717.4016838057,107965.41868476129,136915.00518747914,257296.9498293095,151381.4607332061,189284.41281504347,436803.9724515411,151390.05432211646,184615.70199977673,407274.0411187763
81,7,511,511,511,4200000,4200000,4200000,639.7665974455141,640.558130157888,641.3304850776431,26507.650719879795,26795.69623170706,27081.285739118688,770351.9038865084,779118.6568105668,787858.3582823352,553458.6901825696,561024.5763019808,568831.404558809,506939.5299100923,516658.0221656379,527682.838515871,4589.713472729977,4652.811585410609,4718.009009377437,4404.7956949521995,4467.893807632831,4533.091231599659,2428415.569193718,2958952.902754356,5751163.848467257,2676875.061696183,3310917.438894299,5941149.74149431,635560.859678472,862095.7715691003,2143937.5732297804,109033.64621747236,140367.7609617082,294902.0989224159,155499.94725846147,192662.3225556571,592064.325782669,157681.94716273472,191837.3372927529,551194.6435476545
82,7,511,511,511,4200000,4200000,4200000,640.6381578198383,641.4903015877611,642.2487331857787,26857.569487132667,27132.721899907603,27419.741378581475,781020.079352501,789380.442210272,798239.4791326651,562976.5774911282,570438.5761037071,578177.0400865497,519751.1597992306,530303.372482571,541148.5240428094,4668.93352929919,4731.982580294284,4797.039482434519,4484.015751521412,4547.0648025165065,4612.121704656742,2454875.805739654,2867954.672728232,5129610.136864236,2744939.515896468,3406593.3927077292,6466528.2688712645,635908.7814633047,826648.0402648123,2261987.3664792045,109482.36405662398,139353.2695132882,296295.7900883872,155601.7085458534,195350.11420558114,495012.29915253504,154130.32955390573,196434.38882477497,609957.8161793431
83,7,511,511,511,4200000,4200000,4200000,641.5135942830235,642.4056161755688,643.1764941261323,27198.342382908766,27472.847679322207,27749.82694753464,791370.6157930777,799809.5651868365,808290.4461090388,572407.6240672356,579916.909637565,587580.1038299277,532699.7220534944,543391.091306347,554690.913054241,4748.249256870513,4810.432578642003,4874.919778499025,4563.331479092735,4625.514800864225,4690.002000721247,2396063.4194941903,2858182.977875434,5156520.743431247,2665465.706370591,3364701.844084804,6270689.29537207,634200.2226554386,808968.52035008,2506615.376681929,107304.07812799538,134763.93414639303,302060.35494097177,153109.8269496486,189214.55986780455,415729.00851042074,155824.54519214857,194813.6977791556,454102.9201526791
84,7,511,511,511,4200000,4200000,4200000,642.5168058857414,643.336216216485,644.0983631205811,27530.824045829333,27810.984461422056,28084.970753563455,801542.7332973847,810141.3491064537,818484.963893233,581869.443871996,589310.7873875231,596917.0802064692,545550.7830586357,556705.1456478788,567864.1479156328,4826.841311671407,4889.418691424153,4953.278643027175,4641.92353389363,4704.500913646375,4768.360865249398,2367133.4903911687,2839914.259955765,5330851.564281226,2643412.7893753913,3398896.5178112346,6430973.086708873,625346.3292637448,810699.6144780942,1992894.7008324566,105580.95954735755,133769.8704573781,285112.4508932197,148928.33957577468,191843.10771362035,546144.8479502732,151127.20560595332,193413.22254148664,407188.46884664195
85,7,511,511,511,4200000,4200000,4200000,643.4635318268305,644.2485168845866,645.0137529614185,27870.632450451,28150.35223917525,28419.748542196292,811916.3302129731,820431.6113351828,828703.9544583196,591319.1967255039,598623.1848729306,606326.0507955699,559142.6584508239,570201.9622281984,581210.5300838283,4905.6898100444105,4967.701006007136,5031.086779498354,4720.772032266633,4782.783228229358,4846.1690017205765,2400148.294324585,2780950.28689343,5426948.1640437525,2699501.1626376365,3316604.805292568,6294742.966301401,620486.5859054648,792247.5546299816,2377211.7956651775,107261.03586641785,132228.17208230554,249718.54620042114,152485.75677111204,191591.86739848793,472083.9238638626,154307.87175838082,193714.65688955126,535556.2329984542
86,7,511,511,511,4200000,4200000,4200000,644.2840513110591,645.1626063035131,645.9161112879522,28200.33895392943,28478.055206808003,28758.276134864955,821955.6618644058,830470.186870098,838994.6115100962,600698.0342700172,608073.0913906534,615769.6325702353,572691.3377059887,583419.7262625898,595037.9919635335,4984.43775049031,5045.3043183855325,5109.49486774086,4799.519972712532,4860.386540607755,4924.5770899630825,2376908.859917416,2794859.6885419074,5490267.388666363,2663302.031050114,3273163.423557367,6087204.610146828,611940.5283364597,843069.6007125325,2234093.043076305,105934.89236229399,129077.09345850641,221132.20925725915,150707.4064652115,181251.91883739163,516661.3410515098,149607.29353835885,190134.1157797527,438640.6712369324
87,7,511,511,511,4200000,4200000,4200000,645.2082237072932,646.0822688405513,646.8438231677087,28539.82296574373,28806.539170665554,29082.60122575214,832324.2128893433,840492.0642398667,848902.1749431171,610014.94846644,617484.6010063321,625025.0695305105,586489.047716172,597174.2540355299,608696.1930464623,5062.59473002792,5124.053539366556,5188.191382529738,4877.676952250143,4939.135761588778,5003.27360475196,2308714.2032957505,2746665.93961286,5451868.10767747,2649658.69676261,3342917.1121366527,6077508.932989047,625752.1340198718,837836.6459029233,2223695.253601408,100315.91804991134,128241.02178209345,312720.7648284098,150762.52626123442,184995.6568220014,482881.9302077533,147467.55386235824,188741.3824324639,576754.2957891106
88,7,511,511,511,4200000,4200000,4200000,646.1241820330811,646.9980258740154,647.7551452393064,28871.092737183048,29141.86154666702,29406.298004125012,842505.4525025279,850707.438106576,858791.2601251043,619383.7092243249,626812.608957065,634294.558274841,599684.4293150421,610866.3228832514,622391.3352425812,5140.235681664777,5202.482786163878,5265.320023865364,4955.317903886999,5017.5650083861,5080.402246087587,2303248.0345983626,2738561.3062870777,5568758.047165765,2599726.5066491044,3297981.0024896124,5837903.062403399,604240.2569572411,816154.8037067951,2243680.8228648696,96642.6889534206,124601.46968336067,293364.2634585734,149672.45511708205,184540.10061248636,364615.3965449043,147232.64454642744,182304.32398326418,452392.46389985806
89,7,511,511,511,4200000,4200000,4200000,647.0475022975045,647.9072160416791,648.6718996732335,29195.58345765645,29466.78461513727,29727.865485354352,852413.4386552166,860630.760919685,868641.2645891564,628758.0080462387,636140.8372471491,643609.2018670244,613311.5196122129,624588.0110459109,635860.853909638,5218.308687980485,5280.216185753319,5342.565763401452,5033.390910202707,5095.2984079755415,5157.647985623675,2273481.345774957,2730236.2349344674,4786587.074017449,2553623.1272786697,3244699.2135764575,5940028.07010983,595177.2488008665,786842.013382931,2490274.8009015014,97686.89804079455,123811.72956511885,289464.2550862989,142936.20406453274,176558.1903546672,416153.3397187324,143932.4148922618,177892.4995793041,469595.6974882723
90,7,511,511,511,4200000,4200000,4200000,647.9720665052681,648.8347681745772,649.5658769774545,29524.977314953998,29790.289317299805,30053.98649763059,862472.2188145323,870517.9538530821,878565.9790064428,638065.7962917805,645443.3549952081,652929.4700777589,627245.0760180821,638276.531006224,650022.6962685684,5296.427844829766,5357.95142150402,5420.187793336314,5111.510067051989,5173.033643726242,5235.270015558536,2280763.8957472565,2669743.216936894,5512595.104314129,2658950.566750623,3315565.108436674,6346988.893958373,594929.3690713834,806511.7330699295,1768400.5548579765,97905.11307790468,129555.59623124667,367141.4448501254,143933.97205580721,179981.44274506578,506969.1006323993,145756.46765872263,189787.60977744864,559410.2997017059
91,7,511,511,511,4200000,4200000,4200000,648.9624134886002,649.7432055683333,650.494530746656,29849.13029531654,30114.85179662199,30375.067000609008,872390.2868058807,880422.9780007115,888402.7461337172,647361.8883932758,654714.3273409029,662207.5964815964,642100.6862914211,653050.8219278839,665183.7639469777,5373.992746875949,5435.472402737845,5497.856695092435,5189.074969098171,5250.5546249600675,5312.938917314657,2322006.36172921,2770355.2362146266,5533826.269615646,2662387.0199342994,3455550.492914875,6103701.066072508,597351.0106492991,788594.1879441035,2022084.0483668526,99603.2043255046,126287.87287432354,238922.34328659406,150694.7743000158,189135.35393497915,559381.1617809258,144997.54847612418,181571.7624055317,634470.4514369429
92,7,511,511,511,4200000,4200000,4200000,649.7890467535428,650.6496605197316,651.4104404799989,30169.677577386366,30433.798071647343,30689.529775296072,882141.5980052148,890164.3664596436,897990.556745339,656587.7094719332,664004.4164043824,671410.6626325417,657404.4090365671,668611.1581551783,680534.4223151128,5451.460181055076,5512.730505618635,5575.174415124414,5266.542403277298,5327.812727840857,5390.256637346636,2294836.5344605907,2741437.7343215914,5308969.963639668,2663204.3518567267,3369689.312364305,6341112.897792478,598746.989306281,786189.9929260898,2326626.2993815346,95947.13707472282,124355.63073438837,244734.16772682808,151943.4074297263,188414.365869398,448372.1045705371,148372.91944234903,185035.6365324215,504002.82042717224
93,7,511,511,511,4200000,4200000,4200000,650.7152765897965,651.5521077785276,652.3157503154208,30484.295281818584,30755.98891966659,31001.546031792404,891782.6329411804,900030.7626781639,907518.211898259,665849.2583854357,673255.4817911435,680671.9914712252,672981.5794485791,684184.8556662507,696235.2554989964,5528.34202337722,5590.147914480965,5651.866633048959,5343.424245599443,5405.230136703187,5466.948855271181,2342449.6011729785,2788772.057608579,5431617.832549997,2654304.579420047,3298020.8333538896,6246987.023663933,583983.3652221975,765924.1344241975,1907767.2562703595,97539.55215478608,119692.84257955577,251599.10988676292,148208.4752400915,186971.1320519849,600114.8714418763,147062.57575319998,181707.84724465894,599036.038375651
94,7,511,511,511,4200000,4200000,4200000,651.5197178606218,652.4480834012809,653.2171926438305,30800.55889691407,31070.39078391325,31323.980735503603,901417.8561689751,909622.0325797981,917353.044824651,675108.2410013464,682496.2010797092,689977.5488489077,687852.3858558083,699664.6240532094,711812.9873290175,5605.521597656408,5667.240126037307,5729.04437337132,5420.60381987863,5482.3223482595295,5544.126595593542,2297633.0460355086,2707852.585677701,5200582.393691115,2700321.995543187,3269408.329670799,6333412.976890964,592535.0295102025,768110.3859868171,1657947.643569942,94447.71797219974,120391.0331773494,252153.19732175214,145744.15137335187,177577.61154475738,704773.7994539753,144735.3700060116,182133.43536243433,533754.2413857208
95,7,511,511,511,4200000,4200000,4200000,652.3485302200747,653.3452163610857,654.1250019526794,31129.02801968239,31388.9658863664,31645.196519977817,911462.7708877497,919323.1137426896,927146.8344905163,684366.6936942611,691681.3958138803,699216.313437137,703022.490794948,715242.2599881857,727616.6771595043,5682.67978612233,5744.246120108687,5806.590684852008,5497.762008344553,5559.328342330909,5621.67290707423,2226918.25718305,2635509.6214107387,4671315.01449308,2634494.8942582193,3293049.0226844945,6028296.900221899,551358.7591993272,769216.9729616896,1982847.9644455907,91546.04464534685,118252.80421574155,334887.62050124205,145010.9850530602,179761.94536031823,601446.1277757839,142806.14899108367,179826.9156296151,405728.71036681905
96,7,511,511,511,4194343.963347868,4200000,4200000,653.0807905369073,654.2023159955114,655.0036466091293,31449.0713385074,31700.95024839303,31957.806201942192,921158.9552786453,928848.6952018031,936690.8239537533,693544.11875258,700838.0016760858,708400.0427033463,718652.0306650647,730872.1615282225,743482.6184254006,5759.833558563287,5820.789409560113,5883.58038975392,5574.915780785509,5635.8716317823355,5698.662611976142,2222194.6495428877,2631322.162460635,5291019.024971708,2644974.1527029183,3379187.094406727,6120594.212535643,551294.1697437741,759510.6581277956,2250660.496856304,90235.02657716454,114098.68642105203,322624.5935770013,142364.55305885663,173597.84922114652,440295.87092893873,143107.58473517804,175453.5975158041,585314.2034786548
97,7,511,511,511,4200000,4200000,4200000,654.3201751260575,655.1838084312379,655.9434551669947,31760.506882292048,32012.75217201416,32269.334371064782,930666.5088919507,938367.1436205553,946217.4267954535,702722.4130850686,710046.7051458487,717568.137346548,734990.5668358451,746661.7013536434,759654.3679182003,5836.312100715944,5897.094458411825,5960.11146697233,5651.394322938167,5712.176680634047,5775.1936891945525,2264472.061625217,2642143.8210968436,5368936.944932711,2679093.9130346244,3460953.308892584,6523678.025686354,551887.1266616759,752446.856489608,2336275.140700838,92195.951306812,116793.85937871685,315535.0451365499,141708.78870820414,178595.3534992982,469133.14583867067,140374.02661196605,176564.80436626685,560741.4168117383
98,7,511,511,511,4200000,4200000,4200000,655.334738295585,656.0936879925107,656.8422879751517,32072.680268580396,32328.002313450277,32583.227063661558,940196.935958028,948016.9469627643,955784.7167973226,711899.9369936669,719225.7706007662,726728.9294538614,751115.6521368733,762896.098018427,776149.1397306031,5912.797886820015,5973.833653993183,6036.512255665678,5727.880109042238,5788.915876215406,5851.5944778879,2414684.3994430345,2845807.300598977,5447319.856961162,2781055.648829316,3499561.7998702624,6318340.878205738,582957.7549609916,779086.0424522511,2246169.956756197,94326.02233393058,123933.92232063161,364979.5367235163,154338.78200091497,187979.49348264554,419306.7067023551,151463.72741708593,193852.27620833233,498985.9919115075
99,7,511,511,511,4200000,4200000,4200000,656.2538825479919,656.9956007315401,657.7404048484178,32383.60705139308,32638.787605944788,32897.04844928442,949689.1503316284,957504.7073229738,965366.0486177485,721063.8092155552,728400.1199496221,735887.8290790936,767267.4224620183,779758.1360265033,792595.618568137,5989.277252725002,6050.325866117496,6112.8521898932895,5804.359474947224,5865.408088339718,5927.934412115512,2449156.5398268835,2922356.5918725296,5636901.594817513,2924923.4213212286,3584334.6018734504,6404289.711524382,622398.3540749757,806055.8675710129,2359554.122966113,99526.04726379993,127660.71691621494,263255.4034890032,152256.75737861358,188720.52109499607,505746.96828110254,153741.86551608014,192767.93525875898,555587.453624303
100,7,511,511,511,4200000,4200000,4200000,657.1382170843143,657.9042470538845,658.6383361842248,32700.200678755336,32953.11079621109,33208.42684938073,959355.5486568888,967089.199377018,974872.3210028182,730220.4990386816,737578.7012726655,745047.6509291963,783555.1689809762,796129.4932546166,808934.0064232802,6065.642854574071,6126.778777357961,6189.176353436891,5880.725076796293,5941.8609995801835,6004.258575659113,2448326.723302444,2884315.6883273493,5301280.057580414,2875232.692920611,3709671.514135091,6568718.239917051,624146.2815486335,803090.8940297607,1853057.2376925487,96923.55492839846,119641.32126607861,236204.26078224173,155799.84199118224,189122.04922242588,588782.842949873,157017.8983986181,196927.0649189834,542843.1641412186
101,7,511,511,511,4200000,4200000,4200000,658.0827155920276,658.8041079679084,659.536357934235,33010.629170770364,33263.39516629758,33518.496432419626,968832.5438312105,976562.3056919919,984338.5186882957,739360.6230959161,746723.8536615645,754195.5445992434,800251.7564221327,813021.9692870979,826400.3373887755,6141.948603100124,6203.26695504999,6265.508202187746,5957.030825322347,6018.349177272213,6080.590424409968,2451985.864197712,2937300.036900994,5521584.538542675,2982683.924224167,3658287.46828739,6347121.308905567,618921.2753706975,815866.100730645,2291088.8698645877,96893.590710328,124102.3847092038,243083.06335470953,157019.6904765962,195400.59835986767,435389.68903137743,159125.72052653113,196235.11705970744,624222.6635846917
102,7,511,511,511,4200000,4200000,4200000,658.975583898325,659.7006915354475,660.4332102548278,33320.80168780209,33573.848297171586,33828.97025131604,978301.796265373,986027.1985275423,993816.5898924654,748508.2646238308,755807.8939952385,763331.7568982284,817055.0521686346,829828.6302612146,843317.3726104827,6218.116303577079,6279.476558290815,6341.740649438139,6033.198525799301,6094.558780513037,6156.822871660362,2501786.580232058,2944109.1149187926,5779264.5838499,3079222.364536682,3787407.4667967455,6471197.5711610215,616750.2173628589,825321.1911405148,2210658.0908714156,98735.16189059119,122360.88043785257,274993.82537347963,158994.81543697685,203459.44188587737,652205.311896636,160859.49290722582,201135.70373793115,508941.0755884812
103,7,511,511,511,4200000,4200000,4200000,659.87563378665,660.5912837250233,661.3289173429636,33632.526454752166,33883.78484092161,34140.720696859076,987818.8505803379,995489.4658501067,1003334.745477608,757670.0813371594,764938.4985368152,772456.4837138911,834188.6578358584,846959.7529131165,861010.9134135392,6294.346649643034,6355.176894404764,6417.8757519296805,6109.428871865256,6170.259116626987,6232.957974151903,2500565.8281264715,3040542.0460101143,5524403.566647125,3051686.3327333964,3870592.6238581734,6851041.5165839605,620043.1420571131,851897.6774464864,2337773.466138099,98317.23501266327,126915.29290024893,369425.01622506906,159214.74598208058,197228.46477128542,695888.3713395903,161459.4266952091,198111.199797103,511443.9171583927
104,7,511,511,511,4200000,4200000,4200000,660.7738511114862,661.486441033021,662.2234984033227,33942.20891802767,34194.61381812845,34450.0467114908,997273.2190011062,1004980.1989877855,1012778.2753382495,766813.153370615,774061.7208018935,781573.9992033412,850955.8386422214,863987.7143152452,877771.2536393052,6370.695122254106,6431.26526558457,6493.915142060204,6185.777344476328,6246.347487806793,6308.997364282426,2514536.0573300556,3081125.6745029762,5703935.958475906,3121382.751843442,4012609.3231932465,7107009.551475496,640814.8133408813,838092.8144993583,1955767.2559953057,98291.33374167752,122672.76408344545,226110.80594974707,164191.53028881317,201259.8120749106,545637.4301580183,162460.41463143346,208949.28438536028,658149.2964920742
105,7,511,511,511,4200000,4200000,4200000,661.6637611714083,662.3768390739145,663.1173724709158,34251.6373400486,34503.88450977412,34759.11365260789,1006719.8437393019,1014422.0768396086,1022213.9492522686,775934.0203313716,783177.7108175127,790684.2520045406,867969.325677333,880935.9305603761,894407.1092244007,6446.887389199569,6507.292117793557,6569.89443780562,6261.969611421791,6322.374340015779,6384.976660027843,2587244.3300423143,3054532.8709720094,5673229.1153285075,3197593.50533444,4039436.156607271,6718854.529371925,634763.7309383788,865079.2162887229,2350575.817223196,98669.61681172503,128652.38976314175,252675.24050816582,164925.15662163735,200602.15222921825,474442.4335734649,164958.23948542576,201486.48757599096,661386.0469909346
106,7,511,511,511,4200000,4200000,4200000,662.5644333658207,663.2745990997562,664.010534510249,34564.43241005275,34812.89921864575,35067.92031538074,1016269.6241416704,1023856.165139393,1031641.697573638,785048.7894886287,792275.8780747221,799787.2046303386,885248.5153056645,898765.9382208913,912847.693189369,6522.8946138725405,6583.25870125705,6645.813211148949,6337.976836094763,6398.3409234792725,6460.895433371172,2640744.146637309,3075333.46926834,5659050.248158547,3197780.821910791,3904845.696959524,6869948.164865027,628851.8359698909,840709.6765882787,2038041.9913841002,96224.10531844753,123786.29454479675,236528.03883392198,166539.13297684173,206125.77687810003,588089.65395939,163265.37858621246,198462.13729413867,471168.4939838112
107,7,511,511,511,4200000,4200000,4200000,663.4580381851597,664.1665762818355,664.9029808461116,34873.37090780322,35121.66232724002,35376.48153927242,1025701.4101326123,1033282.5986189817,1041061.9812772805,794156.1199113489,801387.7449198619,808882.9690326777,902721.0047141403,916236.3214731589,930514.6986823712,6598.85102351635,6659.076761733795,6721.671149697266,6413.933245738573,6474.158983956017,6536.753371919488,2666581.348267127,3160517.2177163134,5823297.849854968,3260374.9392894316,4113346.332602764,6841727.8344469685,651254.0227511997,827749.4199897213,2237088.869142052,98541.33885103062,124014.85303218605,257845.3028780573,169283.14802940568,213061.00659100764,565331.8093334395,170824.11056907751,211595.92260739167,546337.1911805478
108,7,511,511,511,4200000,4200000,4200000,664.3509137167989,665.0598965607708,665.7947224541841,35182.04585464946,35430.228636346765,35685.2200743396,1035125.14546182,1042703.0840123268,1050487.4917612644,803256.1344447823,810486.3104577484,817973.2236561296,921065.3853375162,933807.0901426341,948507.7979724876,6674.745443705685,6735.008985443294,6797.469186383425,6489.827665927907,6550.091207665516,6612.551408605647,2699751.933493552,3221196.228283071,5807101.226754353,3311291.7618503207,4087233.3560216576,6970011.695968323,636738.1575234724,847009.8622867403,2446906.321721853,96899.05517986996,122333.10803479256,280449.83035509806,171161.146620832,214881.97203951314,614160.2994114454,168595.5700419562,209542.69324881805,652846.18078125
109,7,511,511,511,4200000,4200000,4200000,665.2430720043905,665.9519127899753,666.6859238878558,35492.05438930516,35738.490353247784,35993.237835530046,1044589.7169289407,1052114.3711960572,1059891.1632736719,812348.8258736413,819572.9756751562,827054.4175578126,938615.9075493683,951973.4245575619,966745.9155233166,6750.578898150963,6810.83036492568,6873.221308245524,6565.661120373185,6625.912587147903,6688.303530467746,2673317.4558364325,3146820.122154441,5684553.979659667,3390175.750354893,4153293.3142342367,7229545.282812351,659473.991692635,865413.1227117614,2319632.9420962934,99237.80359696446,129536.93134192248,338633.17598148494,169568.34207165826,205753.65315294013,672253.6018832516,174380.6330625766,209696.47084551392,471655.2339874491
110,7,511,511,511,4200000,4200000,4200000,666.1345123405531,666.8427623210937,667.5762370154719,35800.280399099196,36046.50891346874,36301.677149022915,1053999.9595552755,1061517.926728786,1069308.2662131072,821434.2099064755,828651.9640972286,836128.3267384004,956299.6350767437,969462.5892087687,984557.9647572973,6826.351326724788,6886.552575070746,6948.897924092883,6641.43354894701,6701.634797292968,6763.980146315105,2703782.8765525054,3294477.784028972,5811544.296874487,3400666.023136819,4265958.155123354,6864926.177386864,656738.5214812851,868331.982273617,2215530.324485175,97642.39200910878,125186.44490887567,244813.3001751727,170889.8097067374,209898.74011273854,719751.8514642423,171953.53161978204,218291.41644168532,557546.8466244721
111,7,511,511,511,4200000,4200000,4200000,667.0252362653407,667.7328592252185,668.4658359547451,36108.18915074495,36354.26752976696,36609.20823368469,1063400.2915013074,1070913.6966068172,1078697.1021509632,830512.2807448768,837725.0346081109,845195.0270217563,974341.4743267577,987937.9252614963,1002826.2328932738,6902.06286033174,6962.210811921349,7024.513833931114,6717.145082553962,6777.293034143571,6839.596056153337,2727186.2333673746,3255110.997657391,5955781.003661795,3515255.139727597,4440889.865420478,7718695.592478816,638135.7889603113,835979.6199139939,1981688.0790241852,101312.17907889298,124357.90406914239,234282.48974317967,179468.1498288373,225819.15559626147,609734.3759999477,174574.23884840246,213150.4789086626,498995.44613078766
112,7,511,511,511,4200000,4200000,4200000,667.915243210282,668.6223759419717,669.3547281393878,36415.84497201378,36661.772147621865,36916.48897469647,1072792.8929644222,1080301.730766471,1088078.2938416814,839583.0537959696,846790.1328224242,854254.4940767981,992365.0138535486,1006615.3333566235,1021193.6341802665,6977.713450651751,7037.819732845368,7100.069669625746,6792.795672873974,6852.90195506759,6915.151891847969,2770031.1367900134,3292664.4248804906,5331991.6142142415,3561393.383272024,4479605.462524035,7509058.2329833,677401.912528257,875914.3101653919,2123069.244192368,99451.94094999682,122510.97963448026,274131.7425702123,174960.4965667244,218609.08824084603,516071.20191210293,176812.90965708916,224027.679790019,635016.9083185574
113,7,511,511,511,4200000,4200000,4200000,668.8045346858794,669.511111061022,670.2429111839998,36723.250743164084,36969.027138143894,37223.52235894429,1082177.8625814083,1089682.1620876794,1097451.9413187378,848646.645468197,855847.9459203545,863306.7609566054,1010322.2092094293,1024834.2327914137,1039954.8642273447,7053.3032260775235,7113.362217964645,7175.565228417761,6868.385448299746,6928.444440186868,6990.647450639984,2804059.6770497016,3253387.575868777,5719637.923751003,3604980.8976881565,4495519.271229813,7602952.92239098,658183.8563705987,901060.2533637,2730617.2269952986,100300.58375187758,124170.99935715261,339344.9292676998,181637.58404365,225319.32873865767,811229.3177888182,178396.8881167656,222173.51464125497,547434.859695407
114,7,511,511,511,4200000,4200000,4200000,669.6931221047251,670.399131952976,671.130388329079,37030.405822997345,37276.03058404842,37530.30724493036,1091555.1953001774,1099054.9124688376,1106818.0013240587,857702.9564371062,864898.5385041374,872351.8156625758,1028981.6030758526,1042962.5963031937,1058204.1408083492,7128.833156679419,7188.843993780732,7251.000785749489,6943.915378901641,7003.926216002954,7066.083007971712,2909484.3391558286,3372717.226532338,5807963.881551154,3715175.826468349,4635852.923193122,7247215.977328464,682404.5841890263,931919.2863428993,2677273.2324642017,101959.80308535493,128331.37951626636,357654.6379324332,183618.85370672788,225008.18234189242,465164.1810788584,184433.95276709428,223596.77761858117,536709.1784468397
115,7,511,511,511,4200000,4200000,4200000,670.5809957291281,671.286444951386,672.0171583982917,37337.30773329089,37582.78919935235,37836.84027749297,1100924.8450127714,1108420.1882496634,1116176.3707057997,866752.0464453103,873941.8731013164,881389.6387773321,1047245.741797741,1062053.726310491,1076738.662422454,7204.302414753663,7264.265598645589,7326.376241632575,7019.384636975885,7079.347820867812,7141.458463854798,2908351.87651758,3461793.181184756,5802051.911502072,3734197.4707213305,4801564.909129197,7979953.24255295,687894.0402548483,905741.5174840611,2299629.725147829,102620.89785364932,126865.68782365909,266939.9671398307,188609.1616222477,224800.589343393,570862.5826687049,185986.97813454113,235265.24916303568,686871.4239659793
116,7,511,511,511,4200000,4200000,4200000,671.4681614162068,672.173046382482,672.9032194879737,37646.612161687626,37889.30086227754,38143.12390468353,1110368.7975787222,1117777.9241858579,1125527.124688422,875793.8846490837,882977.9928750945,890420.2511987933,1065388.4422375343,1080171.5135293717,1095647.4367227966,7279.711498155363,7339.6267202887475,7401.691434255546,7094.7937203775855,7154.70894251097,7216.773656477768,2957405.349529397,3506834.547351835,6213930.174625988,3921149.5183490743,4858197.305871684,7638860.320456552,689156.2736475641,903489.4631292924,2676505.791572427,102036.96746934846,130252.34499234812,254141.30576174217,193178.35240077897,239131.64488787446,649229.0424503685,186168.4361514799,233019.9446898302,677754.296564854
117,7,511,511,511,4200000,4200000,4200000,672.354616142067,673.0589404779505,673.7885736469406,37953.054610978936,38195.56219284574,38449.15860717304,1119724.382126081,1127128.0163069235,1134870.2779951931,884828.5141383511,892006.8901077706,899443.6601953385,1084203.764829881,1098683.2924732238,1114262.3924849774,7355.060149853475,7414.927718403565,7476.946537767722,7170.1423720756975,7230.009940625788,7292.028759989944,2977754.735540221,3498523.0690216497,6189623.867236612,3959448.2742411382,4806914.159726246,7679006.025033247,718914.5601727554,947072.2850125632,2724386.177558445,101299.5163056909,129357.73572764664,285000.95590365765,194025.45132080853,240219.40280026087,660671.578814416,197976.58006558352,245553.8012810161,652826.9201769554
118,7,511,511,511,4200000,4200000,4200000,673.2403641312109,673.944126481154,674.6732215877782,38259.24357903362,38501.573106431664,38754.94743523754,1129072.2257129457,1136470.4619613243,1144205.9243384753,893855.9534874605,901028.5978016768,908459.8910132272,1102624.535194804,1117593.1696632835,1133269.3323771737,7430.348728930703,7490.168528675866,7552.141612738932,7245.430951152925,7305.250750898088,7367.223834961154,3110262.638972352,3781284.582461638,6504901.564024971,3974763.970681732,5067121.66061645,7905516.834278128,730254.0723720752,951830.0704980612,1945432.3576472532,103782.11810489556,133348.26584435673,259261.1770603571,196080.59981089368,250200.45624033816,647653.6364094828,196136.84736912802,240125.5736500834,553775.9364413301
119,7,511,511,511,4200000,4200000,4200000,674.125407204653,674.8286076276154,675.5571657856106,38565.18597890582,38807.33175759232,39060.651896712196,1138412.5407689186,1145805.204415247,1153539.055597799,902876.195340899,910045.1220130374,917475.0136349781,1121077.2712969512,1136299.7854265173,1151566.027299678,7505.577390173282,7565.349426125084,7627.27686955467,7320.659612395504,7380.431648347307,7442.3590917768925,3124175.729177312,3696102.5900462153,6264074.000262569,4141070.189454269,5245561.860628723,8018672.816422532,726098.9853668934,939918.7469248868,2878145.3615902243,109761.55469663163,131158.56574886,304549.8634537247,199300.7842651706,242882.0981856705,650724.5774410769,201649.20320169555,251057.46534263465,573271.5221880148
120,7,511,511,511,4200000,4200000,4200000,675.0097446412647,675.7125805895134,676.4410013367626,38870.88740163672,39112.84035798715,39365.962027715934,1147745.5355756304,1155132.3116393657,1162860.099749998,911889.2849667,919052.5307172856,926476.9949303737,1140554.3491513766,1155031.707716025,1170876.036554751,7580.746072285269,7640.487127886423,7702.402891402595,7395.828294507492,7455.569350108645,7517.485113624817,3214184.3226993796,3837704.103761193,6559080.705238587,4254234.7869912265,5361366.628743083,8133191.320424166,751444.1957200505,943657.5345491753,2069439.7544732394,107827.38354530292,135572.83765833545,284902.0147992012,205738.77105727015,245989.40186737425,936271.1732988594,204595.51984815137,254781.15225140692,530452.9206301562
121,7,511,511,511,4200000,4200000,4200000,675.8933808790882,676.5956598742437,677.3235485225856,39176.343213686385,39418.09816957694,39671.022647615595,1157071.0315824319,1164451.760909971,1172173.5250338116,920895.1803975817,928052.7596950403,935471.7858515859,1160286.9020972054,1175166.6368773733,1191247.768581693,7655.855152500278,7715.548867088491,7777.419402197558,7470.9373747225,7530.631089310713,7592.5016244197805,3261453.69283429,3911414.4822059385,6677475.05611134,4287697.650898304,5464379.604431864,9218868.327106055,739284.1179427415,977412.3096780583,2647655.488347983,109904.8681585136,135927.53774332456,310660.0800513537,207152.06819771035,249210.16646244773,583865.6833331805,208549.5000021453,261384.54833646823,778310.8136810758
122,7,511,511,511,4200000,4200000,4200000,676.7763118036845,677.4780352642197,678.2053907697633,39481.55150861286,39723.338105220115,39975.83593404368,1166388.9701256836,1173770.655616592,1181479.3983681835,929893.899310227,937067.2850242098,944459.4054746071,1180486.9122493875,1195471.4145054666,1211808.846219475,7730.904281090958,7790.5507752364465,7852.37599320766,7545.98650331318,7605.632997458669,7667.458215429882,3392324.4044761094,3941762.1245440464,6320774.53422903,4434416.45254093,5609419.808917446,8725242.657248305,756042.8199801024,997765.8034712933,2229082.5953201666,111005.37885032261,140034.5779207175,430019.48859895125,215741.08221778786,273383.5009673543,769616.641063335,210734.17639234252,268021.94318802794,778647.766039076
123,7,511,511,511,4200000,4200000,4200000,677.6585391480614,678.3618122572755,679.0865299484909,39786.51436714454,40028.107772811265,40280.4052729497,1175699.4150811562,1183075.2023002454,1190777.823797297,938885.480544839,946052.9505548282,953439.8814315802,1201105.3930626798,1216233.7197671328,1232040.5985124765,7805.893605363002,7865.6718196461925,7927.272823399503,7620.975827585225,7680.754041868415,7742.355045621725,3435093.2265327554,4180676.6655797893,6665978.608552181,4659663.919148717,5848679.56088779,8808297.360172726,768844.4208167692,1015019.3916763014,2220994.47205212,113014.74105691277,141714.420492635,253089.6408483087,217422.65835720437,267726.73237686226,596404.304239707,217307.04250677055,266734.19438862253,658766.7768172522
124,7,511,511,511,4200000,4200000,4200000,678.5400667200822,679.2427598583165,679.966968767802,40091.23264998716,40332.631423936014,40584.72728052927,1185002.3928268692,1192372.2374745554,1200068.6972553337,947869.9090557623,955031.4725876143,962413.1942334131,1221100.9926167375,1236719.082144744,1252676.521936251,7880.823448984769,7940.5523657346785,8002.110123040946,7695.905671206991,7755.634587956901,7817.192345263168,3606525.519162416,4206179.324500461,6727685.71172135,4836790.637926572,5940660.337298079,9328942.283521755,791123.3895584603,1053205.0718844892,3483666.3793760254,114991.62237486901,142494.8571677126,408410.4778285784,225193.66182014463,277431.0161878795,669960.526646893,227121.49442469515,282689.0352652682,802141.4269143372
125,7,511,511,511,4200000,4200000,4200000,679.4208930446825,680.1230071164327,680.8467053170012,40396.95155012311,40636.913693708586,40888.803833989055,1194336.1046492315,1201661.9035653078,1209352.0763745352,956876.1142329748,964010.0943224251,971379.3609028525,1241171.6021377638,1257032.5703947654,1273652.8208783683,7955.693686575797,8015.373382674564,8076.887729722886,7770.775908798019,7830.455604896786,7891.969951945109,3632865.141232448,4243061.225523409,6719697.908113974,4908575.7952647675,6251383.245314203,9135553.64637198,792222.2931662794,1078774.2032863465,2799875.6283905213,117218.11536699523,146790.26117401232,295590.4988391668,230223.2950587033,286461.6508779063,832704.0686400891,228107.13518045246,281745.723054606,692896.395318496
126,7,511,511,511,4200000,4200000,4200000,680.3038543365661,681.0032641492573,681.7257412649856,40701.17060314896,40942.913559757566,41192.637446676505,1203623.8214705316,1211004.1180423782,1218628.0383581982,965846.6181442289,972974.9384728726,980338.4030336892,1262294.926756893,1277857.6465045859,1294575.663978968,8030.745396385901,8090.195230464653,8151.605785301548,7845.827618608123,7905.277452686875,7966.6880075237705,3757920.520530641,4301225.404348024,6871246.670255912,5164526.006331549,6340165.56648594,9588544.35386381,831244.4068238008,1115487.5908527568,3398966.2885451894,120593.42505048226,160841.62444293936,478662.8300208151,238228.85791246148,293064.6394064454,752999.5087697661,232281.130281164,301276.3861635234,713477.8179085555
127,7,511,511,511,4200000,4200000,4200000,681.1833155043362,681.8821704385169,682.6040787287931,41005.148292527214,41246.69914145171,41496.22795300646,1212904.1694160518,1220278.6002285935,1227896.5780732017,974810.0051946728,981932.667040477,989290.3236575797,1283034.103547394,1298745.6562399738,1315560.6731065593,8105.499595646352,8164.902265051715,8226.264469725189,7920.581817868574,7979.984487273938,8041.34669194741,3801357.0699142553,4517527.976074247,7118421.644510047,5232395.761714786,6625971.98311903,9670124.125844257,870488.9984084662,1125751.9287527823,3180174.6732377983,118966.90942749004,151260.69069544453,321130.9622088085,245265.6122132323,311496.7324507731,731322.2629329845,238999.48263334448,303066.6299033859,924125.4667705537
128,7,511,511,511,4200000,4200000,4200000,682.0620789406541,682.7603791216154,683.4817180056451,41308.88455876126,41550.24369828203,41799.57764400925,1222177.1465944326,1229545.7238373195,1237157.7658923408,983766.2792526616,990883.288780415,998235.1429410564,1303825.0830815798,1320146.2510502036,1337150.1148937077,8180.194487733384,8239.550003115086,8300.863808257609,7995.276709955607,8054.632225337308,8115.946030479831,3881944.1336141196,4708559.802489493,7224369.677137176,5416229.454039627,6681908.75057485,9846272.849311655,881403.8508370562,1221944.7744505964,3034598.4568703366,124772.43472909642,156651.71227021047,337810.86713116406,254305.76148611493,318581.304644134,799457.9179271582,250492.3599082116,311808.8562849376,789409.4338143526
129,7,511,511,511,4200000,4200000,4200000,682.9401450247708,683.6378910569034,684.3586610726526,41612.37984245475,41853.547236325314,42102.68640574089,1231442.7664937144,1238805.4889986895,1246411.5982643059,992715.4476686541,999826.8080186876,1007172.8643793062,1325007.1883072478,1341986.947870999,1358556.914650887,8254.830104883291,8314.138517614569,8375.403968953247,8069.912327105513,8129.220739836791,8190.48619117547,4046270.105186684,4770812.448539651,7506585.284878117,5600431.451556349,7040986.331407795,10060431.598764198,916427.907883944,1186419.488321061,3377458.486726693,125723.53892468291,161612.72175133898,449687.9601059308,257714.46239175077,314817.60611429316,758664.8863402082,253454.27901419453,316714.4071587157,1067939.4871697468
130,7,511,511,511,4200000,4200000,4200000,683.817514477319,684.5147066684988,685.234908272481,41915.63411484247,42156.61032632346,42405.5536183557,1240701.0281669893,1248057.9145667115,1255658.0614208118,1001657.5145186041,1008763.234378786,1016103.4932422643,1346456.4165735976,1363257.362268976,1379917.993499195,8329.406508349895,8388.667844600175,8449.884980938663,8144.488730572118,8203.750066822398,8264.967203160886,4162853.7110326802,4974069.452169407,7853459.668632921,5735779.611537806,6986643.962502061,10860185.70113102,936754.5218659769,1227864.4543785679,3170625.960015998,129349.67136824619,163370.87795437884,275922.9379473551,264278.2000695719,330760.08675356023,831756.8829446554,262231.00399329996,322360.8417887762,828996.1261007121
131,7,511,511,511,4200000,4200000,4200000,684.6941876979024,685.390826899881,686.1104601217907,42218.647785878886,42459.4316690019,42708.17987455635,1249951.9441785035,1257302.9592268197,1264897.1682292568,1010592.4869521513,1017692.5617515771,1025027.032587232,1368142.405513358,1384918.1413816493,1402307.8535466648,8403.923732099478,8463.13806426766,8524.306888129979,8219.005954321701,8278.220286489883,8339.389110352202,4226240.038423947,5068165.236625248,7781619.708655657,6050185.154663056,7925428.5277405605,11237418.123948216,952021.4305650482,1246182.0109150845,3157870.9339869223,132421.56821439887,168785.97242122205,374465.1876285582,275195.87879822066,342445.26716123405,942486.5824571886,268492.932404528,332094.0639196245,670821.6346967148
132,7,511,511,511,4200000,4200000,4200000,685.5701653874659,686.2662511521154,686.9853169203169,42521.42104104065,42762.012733780466,43010.565591891944,1259195.5201601142,1266540.6680826899,1274128.9314529265,1019520.3705288584,1026614.804586999,1033943.489544249,1389771.5326382816,1406791.95390312,1423958.815033442,8478.381835712371,8537.549125707586,8598.66971600471,8293.464057934594,8352.63134792981,8413.751938226933,4408301.336677124,5176599.400791515,7930345.018584,6132314.249133722,7555765.391266879,10310492.079429042,979605.4844291066,1308099.7491072386,3715572.160945742,134444.20425050214,173139.41208785053,409517.1455077424,277921.31731152534,337419.87848162785,1016010.8717137814,278238.14819131815,343849.5552877274,1072293.1099019903
133,7,511,511,511,4200000,4200000,4200000,686.4454480910646,687.1409808418626,687.8594793670833,42823.9525285425,43064.35635119796,43312.71117664944,1268431.71450807,1275771.1465254193,1283353.3635171708,1028441.16007883,1035530.0053764664,1042852.8711844571,1412291.7059406266,1428767.0715992865,1446801.845896154,8552.780865518263,8611.901149336103,8672.973523979852,8367.863087740487,8426.983371558326,8488.055746202075,4558000.588278841,5305155.093850178,8127352.701184384,6302722.57414835,7796950.970391716,10962201.088745045,1017431.2931371788,1323851.100575932,3886503.1899018153,139705.6647018702,178260.75898493253,456125.73433127237,289517.647087404,358781.6017252484,967376.6165587088,283478.8495040231,364450.7514837261,811525.9650745797
134,7,511,511,511,4200000,4200000,4200000,687.320035301846,688.0150201349477,688.7329481553389,43126.24396018127,43366.46008366965,43614.61702631443,1277660.5798002863,1284994.3013330847,1292570.476590927,1037354.8717492551,1044438.1333072964,1051755.184542408,1434229.3768237322,1450731.11765254,1468445.071443623,8627.120778434693,8686.194489248332,8747.218370981587,8442.203000656917,8501.276711470555,8562.30059320381,4638303.581258104,5398375.698944506,8137615.380913477,6414201.966252411,8088993.098303068,10893534.225628907,1031216.2211826624,1413910.6810349445,4046720.6766815423,140717.32704930627,183341.182704009,546222.1639425923,297106.9529738033,367780.23073804216,988642.5400052819,294592.2156317245,363024.78506061865,1171786.8075133848
135,7,511,511,511,4200000,4200000,4200000,688.1939286028681,688.8883660105192,689.6057239747458,43428.29552798589,43668.324128217,43916.28332962899,1286882.1218870566,1294210.1385225982,1301780.2764097636,1046261.5111508023,1053339.1940361722,1060650.4351871365,1456099.4706954563,1473115.3091423456,1490768.936295038,8701.40170902157,8760.428888671915,8821.404315631176,8516.483931243793,8575.511110894138,8636.4865378534,4778625.075717613,5702773.612146172,8515435.017634902,6865702.865324829,8687274.20702,11923044.090038475,1025207.3165147225,1369128.0744723482,3917410.183939337,144851.7605559529,180814.19802913794,348609.1034442961,296396.02447838394,375262.4414316141,928294.7090904034,299573.88095448306,377316.00565206003,879903.8276997607
136,7,511,511,511,4200000,4200000,4200000,689.0671285441963,689.7610190231542,690.4778073712879,43730.11026045314,43969.948674659056,44217.71027797673,1296096.453590452,1303418.6638727216,1310982.7687982735,1055161.1234964754,1062233.1931497054,1069538.6287104217,1478031.300741539,1495304.960474636,1513572.528434127,8775.623704034462,8834.60439474588,8895.53140433725,8590.705926256685,8649.686616968103,8710.613626559472,4866958.485348368,5737626.559015035,8519409.308880858,6949313.361298184,8665723.335734714,12230148.270372719,1081493.6156997206,1391870.7850770091,4019729.440628891,146519.10914525975,184872.01144931762,374672.0225858914,307865.7625198071,379829.5851295092,963334.6612008595,311343.69006675784,385237.5861948417,1045003.1047364014
137,7,511,511,511,4200000,4200000,4200000,689.939639558478,690.6329797205593,691.3491988931786,44031.68552639886,44271.33391787555,44518.898064712106,1305303.4744184206,1312619.883334061,1320177.9596525703,1064053.6753081358,1071120.1362827,1078419.7707254095,1500756.115823372,1517955.6303516855,1536167.5254592802,8849.787140248405,8908.721054025322,8969.59968369796,8664.869362470628,8723.803276247545,8784.681905920183,4963195.131916678,5870165.1987684965,8431722.099975714,7134623.34524301,9104869.326192841,12694176.625532232,1091759.2653650304,1381045.2146313142,3295499.3157618414,148039.61281908536,187058.2924568751,358877.7069636481,314853.8019739645,389840.2970959097,1124391.237072547,310919.13479585655,389690.0673508603,1008324.1661407189
138,7,511,511,511,4200000,4200000,4200000,690.8114583635427,691.5042486551667,692.2198990907265,44333.02151968651,44572.48005030935,44819.846877842385,1314503.1902903132,1321813.8027800643,1329365.8547026704,1072939.1722123483,1080000.0290475828,1087293.8668029509,1523755.9860262016,1540491.2485523066,1558834.6355737655,8923.891738678909,8982.778913466946,9043.609200489524,8738.973960901132,8797.861135689169,8858.691422711747,5132748.99852878,6021463.511976012,8702102.8639725,7515521.029177628,9199334.301303454,12980919.168813942,1112198.3523379592,1433633.630608746,3984124.337045534,152835.18199644098,186254.11108292863,448282.67652895045,329691.49152669514,408568.57092083205,1140029.54679311,324972.33698602894,403807.52400820376,1086758.932923589
139,7,511,511,511,4200000,4200000,4200000,691.6825855110145,692.374826377214,693.0899085100932,44634.118434511955,44873.387045484604,45120.55691031359,1323695.6071344905,1331000.421358414,1338546.4598403596,1081817.6198336345,1088872.8755270839,1096160.9225548375,1546326.7252370697,1563299.3987074716,1582098.7706965571,8997.937546214014,9056.778019840967,9117.560001135702,8813.019768436237,8871.86024206319,8932.642223357925,5237727.740809538,6233324.298339018,9034873.456407294,7616427.761397004,9757197.440785142,13095951.41807932,1155534.610716564,1506838.6825411196,3086249.639858417,152127.61763460995,195204.9429353777,410569.95461402973,329051.98592705413,408405.3415444631,1278879.303654095,334324.1382636779,401461.8292180621,1062982.4773283598
140,7,511,511,511,4200000,4200000,4200000,692.5530215523171,693.244713286969,693.9592277014547,44934.97646556876,45174.0553127606,45421.028356225856,1332880.730895793,1340179.7516112598,1347719.7809914453,1090689.023798047,1097738.682829745,1105020.9435962886,1568972.9178856898,1586060.781585206,1605099.4214444973,9071.92460972473,9130.718407170143,9191.452132401424,8887.006831946954,8945.800629392366,9006.534354623647,5313122.491091114,6419898.675042934,9241747.365262775,7718427.342887879,9911193.365696896,13891895.023136107,1145595.2393117591,1528429.2705461725,4150858.110521693,159461.63246986637,193520.0956409481,386396.60555267334,343983.3669712368,415497.6644415076,1455382.4933373567,341931.4315771787,432828.50374008995,1266123.6501217394
141,7,511,511,511,4200000,4200000,4200000,693.4227670390243,694.1139100813475,694.8278572153224,45235.595806926576,45474.48504645147,45721.26140811616,1342058.5674988222,1349351.7994736,1356885.8240334585,1099553.3897231391,1106597.4565753187,1113873.935528269,1591597.2555535221,1609474.831399334,1628370.4722329786,9145.852976094837,9204.60013469232,9265.285641080181,8960.93519831706,9019.682356914544,9080.367863302405,5461488.2814571,6763039.008881756,9733460.522644872,8148188.12259074,10170975.859335836,13511777.069938306,1187189.26891369,1562445.5528573238,4019032.5759009873,157708.34849441156,202487.8134346084,484217.0853008695,355171.5171299002,431882.89604649483,1141535.068899874,360126.7892412641,437210.78193046583,1213413.6943361498
142,7,511,511,511,4200000,4200000,4200000,694.2918225218764,694.9824173113058,695.6957976008107,45535.97665308353,45774.67643622221,46021.25625501616,1351229.1228824002,1358516.5707295225,1366044.594734461,1108410.7232273917,1115449.2023399803,1122719.9039223376,1614689.1188625754,1633032.5147591038,1651589.5091901051,9219.72269213727,9278.423249238767,9339.060573846686,9034.804914359493,9093.50547146099,9154.142796068909,5632110.302606711,6632958.269542637,9563045.017450297,8289531.465668056,10519510.471714238,14045517.057258047,1246912.6064322735,1624122.88974279,4132891.681263343,159772.61754689322,196923.56917010984,507035.00130537525,362195.4519833123,446242.8901122723,1608251.5403041905,365375.480515268,438821.38313683827,921778.2618351862
143,7,511,511,511,4200000,4200000,4200000,695.1601885517051,695.8502355235275,696.5630494041508,45836.119197928645,46074.62967282996,46321.0130858221,1360392.402966586,1367674.0712027554,1375196.0988594214,1117261.029921921,1124293.9257102208,1131558.8543467629,1637646.9928787914,1656113.77023502,1675001.1813497406,9293.533804672708,9352.187797277613,9412.77697713059,9108.616026894932,9167.270019499836,9227.859199352813,5833388.49589686,7083672.625779436,10002457.961829804,8602590.477206632,10423766.515891643,13867013.639384653,1241844.4111528357,1599596.9349454762,3878515.876345859,165185.86060358488,209406.02542190198,456135.8388934001,377162.33657890366,464663.54799107945,1225451.4054122414,375340.3496271732,468490.9366338673,1166869.1237760761
144,7,511,511,511,4200000,4200000,4200000,696.0278656786197,696.7173652657079,697.4296131712513,46136.023629789095,46374.34494978263,46620.53209239738,1369548.413493131,1376824.306826828,1384340.3422655226,1126104.3153685261,1133131.6323137048,1140390.7923881542,1661510.409116828,1679614.8387403858,1698625.3652627473,9367.286360460452,9425.893825362951,9486.434897334135,9182.368582682675,9240.976047585174,9301.517119556358,6047488.973173125,7062040.899298518,10646304.586862788,8865281.50949695,11432284.142544448,15206124.845520938,1296772.8871230807,1660438.4167956177,4120804.043702253,167209.86106043292,209482.32308639353,476327.6488083847,383139.0258783185,465167.6429491757,1110605.9044289994,372202.5631058468,462592.282667736,1436524.262081663
145,7,511,511,511,4200000,4200000,4200000,696.8948544478947,697.583807089579,698.295489449819,46435.69014198781,46673.82245756783,46919.81346669457,1378697.1603645654,1385967.2834175024,1393477.330813681,1134940.5851676753,1141962.3277289881,1149215.7236315357,1684317.771680065,1703159.7271909032,1721865.041497124,9440.980405848828,9499.541380391984,9560.034381012396,9256.062628071051,9314.623602614207,9375.11660323462,6229794.242322307,7281891.733441897,10424207.705372408,9335686.015857756,11273478.400501093,15088972.10901607,1329578.9955330063,1776081.8674611377,4519767.452361572,177101.98120001893,223133.0806261971,536636.8651668362,397060.1661622874,483610.06688890443,1268762.3367460053,397487.7993531346,489443.3087258703,1179044.1829432326
146,7,511,511,511,4200000,4200000,4200000,697.7611554085956,698.4495615420576,699.1606787874055,46735.11892506261,46973.06238864499,47218.857398478125,1387838.6493978312,1395103.006851193,1402607.0702975558,1143769.8448972814,1150786.0175451587,1158033.6536434642,1707440.6128757019,1726368.6395285942,1745654.9549505492,9514.615987508405,9573.130508852679,9633.57547470724,9329.698209730628,9388.212731074902,9448.657696929464,6439026.505437083,7410306.173653052,10326807.896083396,9410485.833245654,11884476.004205335,15408871.492362285,1314608.3584183513,1711067.8349313268,4232877.664144729,177578.1457656583,225963.85071867227,658744.7540000447,406276.0119851114,481578.08367620985,1128803.2642297824,406760.07703804557,499269.5639886034,1199962.565250778
147,7,511,511,511,4200000,4200000,4200000,698.6267691075766,699.314629171094,700.0251817297514,47034.31017119839,47272.0649334991,47517.66407702577,1396972.8864876223,1404231.4829436333,1411729.5664958654,1152592.100170607,1159602.7073343683,1166844.5879838038,1731196.7213765234,1749919.2499320798,1769647.1313579415,9588.193151921789,9646.661257320768,9707.058224806646,9403.275374144012,9461.74347954299,9522.140447028869,6550586.613843733,7864225.375953569,10824167.479357343,9776467.373600693,12024949.6112758,15343728.290786209,1396298.4224317058,1776615.7554627398,3961701.979785384,177852.7405563896,222402.9641350946,647577.8497542811,411615.29548614117,512690.11581150966,1326331.0657460927,415647.37825240823,516800.2331115035,1488761.8288975938
148,7,511,511,511,4200000,4200000,4200000,699.4916960951575,700.1790105229773,700.8889988219415,47333.264070610974,47570.83028312908,47816.23369102746,1406099.8774413583,1413352.7175263949,1420844.8251692986,1161407.3565572714,1168412.4026691332,1175648.5322050196,1754593.6187042668,1773502.1165140832,1793038.8929759103,9661.71194586617,9720.133672230846,9780.482677642809,9476.794168088392,9535.21589445307,9595.564899865032,6694644.484138491,7871493.740785593,10847862.019049266,10147410.085142178,12700354.89821944,16800322.607369635,1405107.0044110199,1909219.8853662584,4480056.849235236,181566.04774305128,234742.92002856825,688668.3950866142,425997.33621681883,534073.1002693864,1505620.026992491,425342.1092028912,512155.215904248,1245604.4723144118
149,7,511,511,511,4200000,4200000,4200000,700.3559369173796,701.0427061440326,701.7521306083353,47631.980812740585,47869.35862705363,48114.566429262864,1415219.6280426611,1422466.716385584,1429952.8520813175,1170215.6196182354,1177215.10910844,1184445.491856859,1778027.960451844,1797496.5413965236,1816399.5415323707,9735.17241575504,9793.547800020553,9853.848879486273,9550.254637977263,9608.630022242776,9668.931101708496,6874604.963084792,8227228.961546172,11822975.42844657,10463310.919488955,12607102.668675875,16007570.595587408,1419321.1113324089,1908364.1045283414,4332436.480490322,191162.78117833688,237344.16162366763,579636.0035075902,430442.95555138204,534402.196109375,1226863.8770379107,428988.2787072567,525000.6360683546,1105356.7791780087
150,7,511,511,511,4200000,4200000,4200000,701.2194921194348,701.9057165792589,702.6145776330254,47930.46058752076,48167.65005658873,48412.66209875697,1424332.1440903589,1431573.4822882833,1439053.641263148,1179016.8949146299,1186010.831521261,1193235.4698201716,1802594.6144509634,1821110.731921366,1840918.0704605486,9808.574607929739,9866.903687014777,9927.156876584937,9623.656830151962,9681.985909237,9742.23909880716,7133627.006210987,8169942.0568369925,11550026.339190649,10740283.097675165,13006507.482798703,17156344.81633684,1461022.2637489077,1924930.6943312676,4563670.116538303,186710.03826859253,236204.99797296207,423953.01307173434,450172.9157636239,556678.3042801139,1634780.7013400025,442810.717561514,534941.2830380123,1525818.2740936265
151,7,511,511,511,4200000,4200000,4200000,702.0823622465324,702.768042306006,703.4763401784483,48228.703582800736,48465.70485562569,48710.52126633867,1433437.4313192642,1440673.0239214278,1448147.2100985618,1187811.187989797,1194799.5761130287,1202018.474254672,1827280.188445431,1846294.4241476047,1865869.8205014698,9881.918568733026,9940.201373788286,10000.406692945873,9697.00079095525,9755.28359601051,9815.488915168096,7240565.642435341,8403902.494565355,11870845.1379071,11136924.867506115,13533360.280704731,17560055.394333035,1450846.8899145545,1918120.7643962908,4553698.392875759,193824.75299176088,244734.9831833507,511283.0814967182,464913.61468387314,583823.8051554641,1379514.3674561877,460040.96526394394,576938.9311777843,1624940.4416703419
152,7,511,511,511,4200000,4200000,4200000,702.944547842137,703.6296839326499,704.3374190445757,48526.70998861552,48763.52321359196,49008.14412199235,1442535.4955314188,1449765.3470684425,1457233.5643882083,1196598.5043989946,1203581.3484321055,1210794.5107085549,1852503.6026026,1871354.2564246932,1891429.9920337598,9955.20434435942,10013.440912053016,10073.598396566711,9770.286566581643,9828.52313427524,9888.680618788934,7358662.19603415,8503525.709000891,11312265.978764566,11331718.645556744,13930735.418706793,18562505.669279367,1513801.299105792,1961090.6355472575,4684215.684888894,197948.9441820967,246577.6464002929,678197.4436265975,466238.6602710244,567579.318012364,1448675.3353388752,449062.0343868047,556319.8845450432,1410585.1731186383
153,7,511,511,511,4200000,4200000,4200000,703.8060494508818,704.4906420031476,705.1978147753485,48824.479994269255,49061.10399769133,49305.530854903685,1451626.3425064434,1458850.4168775324,1466312.7099082018,1205378.8496891735,1212356.1447911742,1219563.5847212295,1877812.583548454,1896654.6278747518,1916894.0931044961,10028.431981102733,10086.622348045323,10146.732033682401,9843.514203324956,9901.704570267546,9961.814255904625,7296866.739789524,8638609.290259125,11822628.022506604,11426620.757220576,13413566.398632903,17499743.60853731,1531970.5497032665,1995612.679991408,4463431.594767274,196467.9834506379,247807.63241426778,605920.9914729125,469285.20989256125,568641.4960212844,1444677.1465242805,475881.2878442896,578968.3972220137,1552222.8645440398
154,7,511,511,511,4200000,4200000,4200000,704.6668676165856,705.3509161559975,706.057527913846,49122.01378729599,49358.44869782363,49602.68165303795,1460709.9779696055,1467928.2791052572,1475384.652397173,1214152.2293916894,1221123.9797323556,1228325.7018203412,1902584.4654927026,1922359.7603688585,1942224.1683602352,10101.601525187556,10159.745651037563,10219.80765045469,9916.68374740978,9974.827873259786,10034.889872676913,7542077.45606539,8874659.592772217,11963486.454186754,11370406.535171503,14295022.490676004,18366055.99281236,1524070.1160136184,2006015.7299089923,4663425.505076551,191451.7646009646,241980.6778626441,456390.27537319285,480770.29058605176,581025.3497439878,1728916.4185923766,478513.65512002265,582601.3625634948,1783454.586152761
155,7,511,511,511,4200000,4200000,4200000,705.5270028815382,706.2105078168976,706.9165590019943,49419.311556095934,49655.55750124812,49899.59670544645,1469786.4076728113,1476998.939468671,1484449.397627169,1222918.6490405826,1229884.8587782513,1237080.8675378282,1927876.8520289508,1947594.2208529818,1968344.2440000505,10174.713022708522,10232.810942214073,10292.825292947287,9989.795244930745,10047.893164436297,10107.90751516951,7589376.702945696,8937258.44022347,12183182.291383132,11879405.197904194,14222667.468711555,17953575.985092238,1553891.0824033623,2056819.6219818436,4564285.814891346,198050.1073225086,253988.28061424883,757817.6009963611,475436.0367329367,581135.2275369761,1495529.0933359386,474769.2126576081,582320.8640880097,1418031.884963833
156,7,511,511,511,4200000,4200000,4200000,706.3864557882924,707.0694175272795,707.77490858214,49716.372071093625,49952.4305962784,50196.2762004805,1478855.5937900774,1486062.4037172727,1493506.9513487613,1231678.1042656093,1238638.7874554887,1245829.087397529,1953839.6286110743,1973058.3824749377,1993806.1890766446,10247.766519782632,10305.818267596538,10365.78500725968,10062.848742004855,10120.900489818761,10180.867229481903,7680786.064349064,8965063.693495655,12276133.385663891,11908875.272605693,14575562.532441262,18316937.36205524,1536226.1372628417,1990936.3247044259,3925895.2169284723,195158.7462720061,246645.11246835272,603207.7542548276,487738.3240725443,590377.6932231801,1441570.7481770266,482846.98710527614,602546.3662081255,1963982.5261475095
157,7,511,511,511,4200000,4200000,4200000,707.2452259083931,707.9276458289695,708.6325771958362,50013.19691599468,50249.068169918,50492.72032556547,1487917.5849613873,1495118.6775603383,1502557.3192840936,1240430.6102508712,1247385.7712782924,1254570.3669135652,1979395.0566358531,1998942.5345933444,2019542.944856302,10320.761979991188,10378.767673240183,10438.686839423854,10135.844202213411,10193.849895462406,10253.769061646077,7620098.334706387,8956883.214359475,11709626.478441335,11892525.53460811,14648408.905040583,18591743.221236404,1560738.4022415522,2039845.3570783616,4665361.327501409,196762.6399414468,243389.35124423678,501980.82642719353,485767.9306564942,593438.6025617743,1779091.1551340912,481290.6536407491,601855.4043011796,1537840.7894752496
158,7,511,511,511,4200000,4200000,4200000,708.1033147304776,708.7851932625776,709.4895653836828,50309.78627777764,50545.47040918503,50788.92926810826,1496972.3868952608,1504167.766707633,1511600.5071547723,1249176.1725097406,1256125.8157576632,1263304.71159663,2004893.158479297,2025182.455166223,2046179.3546726552,10393.69952986837,10451.659205096881,10511.53083539082,10208.781752090594,10266.741427319104,10326.613057613044,7721341.846505861,9023818.358589252,12212841.302928021,12261452.669402283,14809397.919604441,18497087.47923617,1582426.5626146488,2102357.522734455,4905246.3184479615,196019.50175603118,248982.93681796276,583973.3985663551,497781.3861074385,628992.4948968906,1891111.2666269965,493452.5288661719,616631.2927863575,1665943.662054058
159,7,511,511,511,4200000,4200000,4200000,708.9607227950726,709.6420603683983,710.3458736859441,50606.140343359795,50841.63750079721,51084.903214657556,1506020.0052983738,1513209.676859733,1520636.520656059,1257914.796551831,1264858.926399189,1272032.1269481336,2031058.3623813982,2051604.4063740699,2072429.82202611,10466.579215358948,10524.492909091638,10584.317041083028,10281.661437581171,10339.57513131386,10399.399263305251,7828470.666697599,9269776.104201678,12872926.64707371,12376567.02002748,15158391.261881499,18698767.700530484,1590713.1489291452,2023287.1591870608,4343844.21323127,196387.3459632608,251483.86071748316,524950.9041924663,497144.65329480986,612259.7316056615,2021071.5460038653,499730.54464947945,608260.1628935997,1308852.840327214
160,7,511,511,511,4200000,4200000,4200000,709.8174506423363,710.498247686195,711.2015026419739,50902.25929942691,51137.5696313886,51380.6423517188,1515060.4458703198,1522244.4137146785,1529665.3654819191,1266646.4878818176,1273585.1087045493,1280752.6184658562,2057364.160792284,2077997.7225435614,2098699.4274268895,10539.40108237637,10597.268831104353,10657.045502345558,10354.483304598592,10412.351053326576,10472.127724567781,7885151.67991239,9579242.02404947,12724385.334682584,12459356.895184884,15052090.532692296,19317209.685809463,1573181.1209900272,2021546.8739188309,4633179.434408196,203678.77593194364,253842.3685358179,719099.1822313217,503347.565104947,603410.807727726,1953557.6788383725,491263.1512262864,615777.061076212,1450881.2678589553
161,7,511,511,511,4200000,4200000,4200000,710.6734988119429,711.353755755348,712.0564527907702,51198.14333259308,51433.26698724984,51676.1468656674,1524093.7143085313,1531271.982959524,1538687.047320529,1275371.2520005496,1282304.3681692365,1289466.191641522,2083897.787890479,2104552.346100623,2125702.1480943905,10612.165176792923,10669.987016982355,10729.716264993245,10427.247399015147,10485.069239204578,10544.798487215468,7926494.995272944,9540037.096534101,12741045.341006508,12497146.870763592,15059447.139584903,19153700.181354627,1563698.2429126573,2087820.1129200673,4708125.778620955,198333.29177613443,250650.4150856436,614998.6912140931,519544.7798364396,638693.0229961985,1854001.6699000394,504901.3066978256,638204.264020861,1337552.6397687208
162,7,511,511,511,4200000,4200000,4200000,711.5288678431912,712.208585114631,712.9107246707374,51493.792629250434,51728.72975509878,51971.41694285699,1533119.8163036457,1540292.3902949386,1547701.5718612229,1284089.0944040024,1291016.710288846,1298172.8519651797,2110386.1685951133,2131268.3419686523,2152264.8755251984,10684.871544449024,10742.647512521415,10802.32937479046,10499.953766671248,10557.729734743638,10617.411597012684,7956152.2994709145,9535721.904605698,12822140.93451333,12833735.690053938,15760609.54638294,20406846.1282772,1645094.9500628351,2172244.3690594523,4852111.094369404,200264.19418054834,245853.66160275257,578900.2650414679,517117.9978347137,628604.0238438388,1959611.3826262513,508409.5077939736,659413.6153978475,2166097.022809748
163,7,511,511,511,4200000,4200000,4200000,712.3835582749023,713.0627363028281,713.7643188201157,51789.20737564664,52023.95812107425,52266.452769420175,1542138.7575419033,1549305.641403832,1556708.9447865835,1292800.020583827,1299722.1405516407,1306872.6049220355,2137958.5093362825,2158174.4116188823,2179738.9151708107,10757.520231144465,10815.25036351816,10874.884877487608,10572.602453366688,10630.332585740383,10689.967099709831,7989559.728536534,9604970.550263416,12547330.268245175,13082443.201700676,15912113.055453679,19466697.813870344,1609238.6335734762,2129604.6932252245,4629536.984553963,196030.42370815153,246682.21689646,458374.28684208024,524054.97127961845,634546.8861567869,2046283.3648565174,512458.9848842965,654446.7665639002,1388092.5318490383
164,7,511,511,511,4200000,4200000,4200000,713.2375706454733,713.916209858004,714.6172357766702,52084.38775841077,52318.95226936011,52561.2545312712,1551150.543721303,1558311.7419027528,1565709.171772518,1301504.036031021,1308420.6644225998,1315565.4559924663,2164822.056004985,2184995.814225567,2206305.826160152,10830.111282643004,10887.795615708115,10947.38281879474,10645.193504865227,10702.877837930339,10762.465041016963,8300311.28748359,9859881.062913444,13081193.146363351,12996160.090175562,15877935.207084406,19604728.380605146,1640506.1285827132,2146963.8954641027,4861648.927144798,201136.68918178437,250484.92402904757,677667.9864602939,523387.6396317166,645975.3880099455,2238905.503311165,522353.414407868,654602.7850428019,1956626.3360636022
165,7,511,511,511,4200000,4200000,4200000,714.0909054932374,714.7690063159412,715.4694760776928,52379.33396350989,52613.71238577229,52855.82241410734,1560155.1805195252,1567310.6974646202,1574702.2584882982,1310201.1462286701,1317112.2873808406,1324251.4106520244,2191624.9296227517,2212135.021879533,2233454.607376563,10902.644744702953,10960.283314632776,11019.823244381663,10717.726966925176,10775.365536854999,10834.905466603886,8197374.690164908,9861500.339316681,13151215.115469152,13375493.550519608,16094060.245540062,20250556.30148015,1676347.1105879718,2118792.4708326925,4722782.25209891,204471.19230122166,262235.476995609,636269.3668774148,534363.9992715362,670874.661088904,2158346.8210146935,532449.5890144041,639719.5827804247,1467154.1796885065
166,7,511,511,511,4200000,4200000,4200000,714.943563355752,715.6211262138079,716.3210402600024,52674.046176763935,52908.23865597705,53150.15660348045,1569152.6736097655,1576302.5137577849,1583688.210598767,1318891.3566555232,1325797.0149011165,1332930.4743719397,2218363.5293925237,2239082.9994132463,2261279.8327445854,10975.120663016694,11032.71350595145,11092.20619987798,10790.202885238918,10847.795728173673,10907.288422100204,8447887.706202624,10035911.023958895,13301007.966472082,13522153.147369366,16495657.079668535,21295686.804065354,1597723.9117371263,2138820.846546861,4782236.368071033,197160.4550954234,253257.95672907733,793526.4557490295,530417.4455270824,644833.4992779531,1745288.120275657,523507.71250122215,653197.8801706776,2290739.547960016
167,7,511,511,511,4200000,4200000,4200000,715.7955447701494,716.4725700883448,717.1719288599941,52968.52458190421,53202.5312654944,53444.257284795785,1578143.0285942873,1585287.1964461359,1592667.0337642948,1327574.6727656561,1334474.8524538497,1341602.6526191116,2245525.641086863,2266546.0326655074,2288746.1291521965,11047.53908324047,11105.08623528708,11164.531730877274,10862.621305462693,10920.168457509304,10979.613953099497,8436059.115401173,10011972.201412084,12929506.607709056,13448629.185202802,16490013.67112854,20743062.993492544,1689237.0890781963,2264391.9675740497,4963698.502725218,197019.2138481125,254556.42351536365,630535.2222240019,540113.3670119878,662988.7067536851,2149124.9133313284,542311.8003833926,671530.5482989443,1526486.8196454414
168,7,511,511,511,4200000,4200000,4200000,716.6468502711427,717.3233384758677,718.0221424136384,53262.769364424006,53496.590399695495,53738.12464331075,1587126.2511361646,1594264.7511890195,1601638.733640745,1336251.1000286313,1343145.8055051127,1350267.9508561022,2273472.29425188,2294139.136128043,2316242.6310706967,11119.900050824912,11177.401548226526,11236.79988293704,10934.982273047135,10992.483770448749,11051.882105159264,8462749.957270747,10073990.049865307,13009038.057579042,13879336.381996691,16642925.061654953,20340837.909776546,1638084.2240941443,2168555.1747436603,4705822.976624483,204558.19002475732,260751.96146582963,543953.6802038843,547058.3805168443,676183.1467796615,2195355.940791038,550064.0241853164,689064.1652564564,2082654.6377659896
169,7,511,511,511,4200000,4200000,4200000,717.4974803949639,718.173431912266,718.8716814564806,53556.78070966835,53790.41624380379,54031.758864137046,1596102.3468939452,1603235.183641272,1610603.3158795312,1344920.6439096646,1351809.879516636,1358926.37454115,2300808.8192941756,2321783.6284015514,2344115.6453062813,11192.203611349705,11249.659490320384,11309.010701578629,11007.285833571928,11064.741712542607,11124.092923800852,8437867.86589865,10131529.275348894,13493154.610257361,14040045.61897872,17140580.919860564,21526339.59557901,1679338.5633726348,2157680.2477906523,5121291.72184213,200245.65698975796,258883.71133070154,771782.5907593089,554008.8010733183,699261.8419354507,2047949.0888738313,539850.1361516827,646925.0148258604,1659303.9174862062
170,7,511,511,511,4200000,4200000,4200000,718.3474356774182,719.0228509330035,719.7205465236422,53850.55880283379,54084.008982969724,54325.16013223834,1605071.3215216435,1612198.4994555186,1619560.7861275505,1353583.3098696275,1360467.0799463359,1367577.9291281558,2328081.5281046536,2349284.5403085114,2372027.384693837,11264.449810358316,11321.860107083077,11381.16423228736,11079.532032580539,11136.9423293053,11196.246454509583,8638236.786853755,10245936.664062552,13746674.03161185,14110765.143675806,17217405.712425448,21538887.769055314,1629158.4883632013,2122961.3682642085,3811528.3170079477,204627.31547860114,252171.19745361133,547212.0952987014,549086.7023932587,691013.5174563112,1549500.5487081686,545160.7760555667,674993.0519242346,1689850.4750773837
171,7,511,511,511,4200000,4200000,4200000,719.196716653885,719.8715960731702,720.5687381498192,54144.103828968335,54377.36880212281,54618.32863243025,1614033.1806687426,1621154.7042776213,1628511.1500271792,1362239.10336505,1369117.412247286,1376222.620066687,2355759.8127553375,2377646.651676542,2400142.9362762626,11336.638693358007,11394.003443997242,11453.26052051241,11151.72091558023,11209.085666219466,11268.342742734632,8723495.045541804,10347643.564492268,13566052.717593659,14088535.358109578,17134178.54891775,21912126.10898484,1686991.1552507703,2181748.988389821,4924068.295224671,208113.25318992283,257052.1454321883,608064.9828928115,547486.4717808263,685109.497068504,1993638.0647951362,549525.0315063092,695277.7511113578,2158045.387785779
172,7,511,511,511,4200000,4200000,4200000,720.0453238593186,720.719667867381,721.4162568692831,54437.41597297174,54670.495886043944,54911.2645493807,1622987.9299801951,1630103.8037489073,1637454.4132162821,1370888.0298481202,1377760.8818682185,1384860.4528019773,2383718.9691931983,2405856.65405422,2428316.9702816745,11408.77030581986,11466.08954650516,11525.299611666836,11223.852528042084,11281.171768727383,11340.38183388906,8779040.942505391,10241652.050036134,13436307.665493026,14502177.483839003,17579348.091492936,21615404.784140263,1684293.0941403708,2194572.3096682723,4739196.420761813,198444.25009219119,247487.67327389136,496636.9090367741,558452.8122678846,707886.0113579683,2323722.5784874163,558385.0024583862,680576.0745111135,1564860.1270488184
173,7,511,511,511,4200000,4200000,4200000,720.8932578282471,721.5670668498253,722.2631032158802,54730.495419595376,54963.39041936774,55203.96806761138,1631935.5750964247,1639045.8035062363,1646390.5813282635,1379530.0947666909,1386397.4942535476,1393491.4327749442,2411599.987721494,2433897.0472951974,2456661.239753291,11480.844693178778,11538.118460012933,11597.281551127588,11295.926915401002,11353.200682235156,11412.36377334981,8843583.463764904,10404264.786393424,13693757.153610876,14772038.372513693,17652916.730427057,22014302.54711618,1678397.3625876568,2327913.859496656,5170977.287415014,201159.68085604193,252249.46205471316,664601.4905172144,558875.3400584772,698159.7787694087,1604650.5266276419,563762.563776735,694180.4697774715,2296152.8138559163
174,7,511,511,511,4200000,4200000,4200000,721.7405190947736,722.4137935542694,723.1092777230338,55023.34235344248,55256.052586581696,55496.43937149785,1640876.1216533328,1647980.7091819798,1655319.6599920634,1388165.3035642824,1395027.2548433642,1402115.5654221918,2439952.7471424895,2462010.677094064,2484791.4052915396,11552.861900833535,11610.090229890675,11669.206384235646,11367.944123055759,11425.172452112898,11484.288606457869,8790584.069452334,10192164.847061697,13342646.849943874,14873199.184552167,17789300.01102626,22406079.659396667,1683843.8829570517,2123767.322241198,4822343.431816894,195995.05589386803,250868.86735452327,559296.2837795113,547463.5438855586,685785.359981784,2279925.031808538,554897.2548016752,701466.1543224875,1600806.3920764157
175,7,511,511,511,4200000,4200000,4200000,722.5871081925767,723.2598485140553,723.9547809237442,55315.956958970375,55548.48257202423,55788.6786452684,1649809.5752823711,1656908.526403944,1664241.6548321298,1396793.6616801026,1403650.1690734131,1410732.8561760054,2467867.238958076,2490564.820295857,2512888.1750043184,11624.821974146796,11682.00490147248,11741.074156296041,11439.90419636902,11497.087123694702,11556.156378518264,8674758.100389589,10217514.619773963,13983705.12484757,15125998.254199056,18238012.878587715,22307777.15013019,1706130.0028381427,2219281.8599482677,4990807.411316326,199151.98328775805,250938.96824784682,682587.3617978,567857.276917859,700619.4748166362,2027693.74869156,558609.9768406868,678725.5994291212,2124047.681541437
176,7,511,511,511,4200000,4200000,4200000,723.4330256549121,724.1052322620993,724.7996133505887,55608.33942048866,55840.68055988687,56080.68607300419,1658735.9416104772,1665829.2607954505,1673156.5714684143,1405415.1745490336,1412266.2423751191,1419343.3104643521,2495702.159766607,2518220.697083586,2541504.2064827634,11696.724958445298,11753.86252005622,11812.884912577823,11511.807180667522,11568.944742278443,11627.967134800047,8752547.665105386,10413902.303444901,13728921.939716825,14812450.89257715,18097695.810641415,22950277.099675834,1697645.6618720999,2383391.111918403,5188502.070183801,198729.51711225702,250481.04567262024,605006.785857302,564581.9905838928,702279.4945209826,2170018.533496494,551281.9517378227,672266.0198863643,2055764.4306237902
177,7,511,511,511,4200000,4200000,4200000,724.2782720146112,724.949945330894,725.6437755357208,55900.489922159984,56132.64673421369,56372.46183863985,1667655.226260107,1674742.9179753193,1682064.4155163998,1414029.8476016424,1420875.48017559,1427946.9337108918,2524198.898823907,2547064.1758019673,2570594.1180360997,11768.570899019724,11825.66313090377,11884.638698314046,11583.653121241947,11640.745353125993,11699.720920536269,8894838.73665348,10299168.424346065,13272265.817508072,15264726.007792411,18141256.255488522,22775280.7201265,1666709.2251416189,2167738.932537596,4879430.373701906,197737.3999211467,260527.38258848357,554864.2113390322,551835.0877112662,682465.9181711158,1662282.3711361396,564136.84843898,688353.2009973177,1796143.1780792433
178,7,511,511,511,4200000,4200000,4200000,725.1228478040825,725.7939882525088,726.4872680108717,56192.40864799844,56424.381278902074,56664.00612596397,1676567.4348491635,1683649.5035578888,1690965.1925871046,1422637.6862641552,1429477.8878976214,1436543.7313349787,2552579.450271876,2575486.0905216783,2598515.1912610624,11840.359841124797,11897.406779241026,11956.335558701876,11655.44206334702,11712.48900146325,11771.4177809241,8803227.106903074,10401532.837658985,13679152.596137276,15150994.405092105,18156691.414454494,22321849.913382,1649096.5250460643,2130412.9268311164,4637239.957335633,197286.27963202202,244522.18805617618,553190.8043569541,551183.0268104512,680404.3961589915,1410088.7004396212,552319.4661658485,706802.1213601382,2207180.6700937618
179,7,511,511,511,4200000,4200000,4200000,725.9667535553093,726.6373615585903,727.3300913073508,56484.09578187143,56715.88437770252,56955.31911861907,1685472.5729910736,1692549.0231530182,1699858.9082870944,1431238.69595849,1438073.4709597027,1445133.7087516673,2580917.0796708027,2604363.175611458,2627095.0531960153,11912.09182997907,11969.093510257955,12027.9755389026,11727.174052201293,11784.175732480178,11843.057761124823,8829701.713738397,10403925.162726441,13694999.637522332,15142769.484125778,17945671.35880289,22927547.057936676,1702952.0606670333,2166803.70940531,4599158.691305677,193852.89173735902,236709.50074162555,522635.34552237776,552063.6839131106,696386.5989558597,2089548.0402877657,553870.8215713182,695810.4016256956,1540236.4100084086
180,7,511,511,511,4200000,4200000,4200000,726.809989799852,727.480065780363,728.1722459560458,56775.55150750007,57007.15621421917,57246.40100010191,1694370.6462947954,1701441.4823660944,1708745.5682184785,1439832.8821022569,1446662.2347760163,1453716.8713717158,2610329.608788902,2632737.0509599233,2656419.160377868,11983.766910765195,12040.723369108633,12099.55868404167,11798.849132987418,11855.805591330856,11914.640906263894,8742052.434918981,10332324.635144886,13034572.029663427,15169671.072525183,17807278.532936677,22507004.391191486,1625360.9219937199,2143334.5173846795,4756211.94538434,190923.7623565222,243588.9749548044,660329.9978966359,560854.0186448613,676220.8347695321,1551068.4795344085,551741.1531184003,670303.1591734678,1685140.172633835
