day,pages,posts_p10,posts_p50,posts_p90,views_p10,views_p50,views_p90,buyers_p10,buyers_p50,buyers_p90,members_p10,members_p50,members_p90,booked_p10,booked_p50,booked_p90,retained_p10,retained_p50,retained_p90,cash_p10,cash_p50,cash_p90,cost_p10,cost_p50,cost_p90,paid_p10,paid_p50,paid_p90,v_ig_p10,v_ig_p50,v_ig_p90,v_fb_p10,v_fb_p50,v_fb_p90,v_tt_p10,v_tt_p50,v_tt_p90,v_yt_p10,v_yt_p50,v_yt_p90,v_th_p10,v_th_p50,v_th_p90,v_x_p10,v_x_p50,v_x_p90
1,4,192,192,192,55418.36484383239,63505.577486226684,100262.54252055139,37.51538257171027,37.778216982588084,38.97281834620363,37.51538257171027,37.778216982588084,38.97281834620363,890.9903360781188,897.2326533364669,925.6044357223362,356.39613443124756,358.8930613345868,370.2417742889345,-14640.374280198626,-14637.314887656008,-14623.409727783523,77.05333333333333,77.05333333333333,77.05333333333333,0,0,0,16326.110248504512,19791.330742378734,26104.098772717756,20066.650188573574,24518.22611463934,39329.95433273977,7341.251103912765,9270.19020711992,15031.093542292385,2690.3457071758758,3394.85589449232,4930.836663944961,1458.659145255655,1784.1225229225138,3071.439693568158,1415.0972535791545,1692.8165371528069,2275.4022808810805
2,4,192,192,192,67162.64315381549,84836.32859998249,150897.58779094074,37.897071616784714,38.47146639378514,40.61845731749129,75.50787002848105,76.488016903687,79.60077951317237,1793.311913176425,1816.5904014625662,1890.5185134378435,717.32476527057,726.6361605850265,756.2074053751373,-14275.195059535148,-14263.78614990775,-14227.553593133342,77.05333333333333,77.05333333333333,77.05333333333333,0,0,0,20415.772899073356,25989.329229052488,35321.60468988909,24725.554994342703,32468.692711833235,54941.80381765013,9134.797766873397,11907.550778787263,20272.764983811718,3315.6442830662236,4403.792519427725,7322.01672254386,1782.8225780714577,2300.9585934989414,3432.572739946628,1744.916509064435,2275.4197976867285,3801.655130274248
3,4,192,192,192,79733.51422445508,109866.4206742548,204517.86056025483,38.305624926580506,39.284944386198994,42.361116182493994,114.02669540000441,116.23340943219452,121.15025643651518,2708.1340157501045,2760.5434740146197,2877.3185903672347,1083.2536063000418,1104.217389605848,1150.927436146894,-13903.88926554395,-13878.203114209256,-13820.971015078963,77.05333333333333,77.05333333333333,77.05333333333333,0,0,0,24763.726976787748,33637.493131516974,50501.28803496399,30047.792853536106,41948.59088977734,66924.58433297348,10733.918068088864,15354.88019565551,26170.60623089825,4145.836365295585,5611.153017452227,9596.787838217911,2202.038007401042,2931.922481949588,4789.474048207322,2135.41966666316,2888.971557010771,5124.592578474477
4,4,192,192,192,99471.76331899507,135803.6592337214,234068.7398529514,13.947118022153054,15.12790463938166,18.321519759506636,128.36917266435867,132.02002460525307,139.02220748073768,3048.767850778518,3135.47558437476,3301.777427667519,1219.5071403114073,1254.1902337499039,1320.710971067008,-13813.996163520198,-13771.500246928188,-13689.994838257548,77.05333333333333,77.05333333333333,77.05333333333333,0,0,0,30097.661532465667,40706.12161371415,55874.34107316489,37555.63432984009,51595.615191240104,80742.36327049416,12696.73819773834,19084.317389023417,32880.51411939549,4892.0945723664945,6755.114137793123,11493.299225062263,2628.7119457817676,3604.876370101752,5803.368892804257,2571.9555167611334,3581.239664847354,5479.741348363744
5,4,192,192,192,117951.27097451389,154728.58028223814,301804.4530399056,14.547702020957416,15.742964573458455,20.522930438082646,143.61658190326335,148.10876466865005,158.3160763109055,3410.893820202505,3517.5831608804388,3760.0068123840047,1364.3575280810019,1407.0332643521756,1504.002724953602,-13713.56965331268,-13661.28064592358,-13542.467538407729,77.05333333333333,77.05333333333333,77.05333333333333,0,0,0,35589.07912873266,46800.99371210855,67514.14071440624,45655.42603650544,59677.93318242094,97117.29472633594,16031.31638928518,22324.56417972474,35395.642646615146,5586.408901204028,7617.157443029752,11161.072646680777,3015.3803538024704,4278.448732947689,6266.138223940572,3119.442388024963,4250.834913684343,6668.410545770843
6,4,192,192,192,132738.13528362024,171476.5054946752,314843.5145502464,15.02827511100337,16.28727214286266,20.946699937168724,159.12987852396404,165.86842639958695,176.94819096845686,3779.334614944147,3939.3751269901904,4202.519535500851,1511.7338459776583,1575.7500507960763,1681.0078142003404,-13610.048213981057,-13531.611516708808,-13402.643057127163,77.05333333333333,77.05333333333333,77.05333333333333,0,0,0,41356.80350217787,51674.25270697375,75684.75671190146,51627.3841747401,67077.53455611067,113906.94652615456,18233.33600409485,24703.964488734433,44031.41986809463,6272.755247518251,8733.054002904606,13821.958342571425,3367.176285695349,4565.177470137764,6890.913952515692,3505.522750022016,4691.252249318286,7650.863713597152
7,4,192,192,192,150957.30911685756,187255.461214027,319595.9988060944,15.620398260583585,16.80008820374159,21.10115567548378,175.4159606915397,183.3131244417777,195.8148822036526,4166.129066424069,4353.6867054922195,4650.603452336748,1666.451626569627,1741.474682196888,1860.2413809346995,-13497.531550883812,-13405.60856483104,-13260.088104482815,77.05333333333333,77.05333333333333,77.05333333333333,0,0,0,46139.63669369417,56897.35681545114,90248.39565583706,57363.648498938004,71672.16007602865,105829.67108203306,18835.558330297466,26061.215690095225,43873.692950636025,7168.115556443111,9287.42200738845,15631.193359632185,3827.4420836376216,4863.4896988153105,7065.473888921748,3934.275054978012,4953.740027398644,7587.656999530673
8,4,232,232,232,174343.98198255542,212902.2181874398,387913.36265561054,16.380465128718765,17.63360780537751,23.32147000059306,193.2739953398367,201.7456842480394,215.48911169414293,4590.257389321121,4791.460000890936,5117.866402735895,1836.1029557284485,1916.5840003563744,2047.1465610943578,-13380.161805355412,-13281.55134646393,-13121.577850991289,90.49777777777777,90.49777777777777,90.49777777777777,0,0,0,58858.70487204262,72878.79431715078,96707.19861092957,60936.912702128546,76600.69612406817,112029.60051921228,21348.444877170357,27384.25508741529,43925.88607974539,7578.809929045684,9338.593919078316,13732.928516289148,4065.5540485955507,5090.675333154413,7714.501603563823,4194.815022355878,5300.818435777306,8463.645657456997
9,4,232,232,232,186205.7687661955,225514.519519341,421771.96849255706,16.76597319918707,18.0435075986643,24.42187469029382,210.8254610332718,221.19932798464404,235.90105164766655,5007.104699540205,5253.484039635297,5602.64997663208,2002.841879816082,2101.3936158541187,2241.0599906528323,-13266.360522461606,-13145.608711147634,-12974.48064771005,90.49777777777777,90.49777777777777,90.49777777777777,0,0,0,64734.84153141312,76913.87508487968,104152.20220395547,66953.94151189752,80825.15367539435,134133.2113703203,22327.526577680463,28548.005646933594,44292.674221447465,8302.956910710736,10553.859149438666,16093.378805265374,4611.28730669042,5633.769460279614,9192.87870968409,4516.2057404776315,5480.086430168203,8003.048777984202
10,4,232,232,232,202998.21293636624,233401.6471289013,392807.60279561987,17.311727634717617,18.299839245975008,23.480532805143362,229.36815137887868,240.62224364747325,255.97737238697442,5447.493595248368,5714.77828662749,6079.462594190642,2178.997438099347,2285.9113146509962,2431.785037676257,-13141.021384616519,-13010.023750610078,-12831.290052082284,90.49777777777777,90.49777777777777,90.49777777777777,0,0,0,68799.44973821305,80922.91619743999,126723.11173249918,71863.46760558095,85313.49408357279,142372.562312815,24009.47578410499,30282.25792636658,48555.677820651195,8345.758992444393,10333.90925014688,15849.274344885136,4804.930994565775,5752.525296599166,8320.426013023805,4778.559104874129,5940.59824223228,8844.915148711734
11,4,232,232,232,206426.66844012163,236922.33395327895,375615.78867956443,17.423152438589668,18.41426156776728,22.92179884637156,248.77692451287558,259.50571948803236,275.5415507670506,6067.054064307452,6324.794748568578,6705.192471131331,2521.4012918097524,2625.084911023627,2782.5668627320224,-13005.601043114575,-12880.71786960375,-12694.060793515973,90.49777777777777,90.49777777777777,90.49777777777777,0,0,0,70682.04726897956,83109.91911505055,116258.4257212513,74472.85028087757,87721.05642014155,126185.50211844275,23598.012311871564,30585.003954067502,49593.65667217678,8543.73448820745,10905.571465703328,16795.917290350917,4912.748879613991,5998.220626402113,9486.714103302134,4871.969714770899,5943.886741191484,8608.558891679386
12,4,232,232,232,209986.85447272565,240672.84798275022,394475.9750382613,17.5388584846493,18.5361532737251,23.53475490302921,267.77870681972377,279.26837605261693,295.6784246323336,6681.299692315658,6958.579121802435,7362.536810494247,2864.875099492867,2974.7655604722227,3144.7749450021993,-12874.918074840636,-12741.178324969758,-12550.165359501858,90.49777777777777,90.49777777777777,90.49777777777777,0,0,0,72482.83720616948,85397.63100842232,117447.88047132015,74186.97873974338,88446.8367416899,132368.5069514532,24849.066966316346,31298.53936702071,50023.88831061089,8795.044739573876,10886.54958906493,16895.16904535533,5046.932602082981,6086.57677406335,8798.756794854135,5041.648985765421,6057.926538753141,9131.605460837787
13,4,232,232,232,213914.83279150655,244221.46723700943,430002.2460402645,17.666517780009677,18.65148339948852,24.689358710594313,286.52176323020996,299.2117036707764,315.6256854597646,7292.3266754850765,7589.524140120779,8000.907669235997,3206.8307315956085,3329.5927875731786,3505.6239418813834,-12747.24667600036,-12599.535769272159,-12408.47702124834,90.49777777777777,90.49777777777777,90.49777777777777,0,0,0,73478.91334083918,85775.21430644838,120168.84893883196,75193.07623611957,90654.03069587036,134099.1235024738,25506.512657628486,31419.959603665284,49590.072793958025,8897.319892454534,11232.572018225746,15489.7683971552,5066.917216631604,6209.856965230521,9102.182247138126,4990.618029684353,6052.187495631018,8532.849611523841
14,4,232,232,232,218107.93166169524,251240.51498672744,425191.6980163858,17.80279349329081,18.879602451354355,24.533015899818253,306.2459922394278,320.01429568490505,336.48394755453154,7812.364969831328,8153.724931162846,8571.402120149216,3451.7370121180365,3596.22663643396,3776.58639456293,-12608.15442811084,-12447.891376005482,-12256.184628243034,90.49777777777777,90.49777777777777,90.49777777777777,0,0,0,74698.40742537228,88757.14782316533,123638.83948623776,77516.93494718257,93084.05606472313,157931.22697499764,24943.12248286802,31940.84526004121,53635.01511164785,9040.55870492157,11329.023477037626,18515.33679052355,5183.656507006581,6236.944328865424,9182.702763102447,5140.018662455812,6165.94498505041,9359.030268696839
15,4,232,232,232,222377.3837288732,259474.5525066129,418079.9360117632,7.227264971188379,8.43292295646492,13.587597920382306,314.8856146425168,329.32212041962674,346.65448431378667,8085.533623124788,8443.978624264868,8906.654393647517,3603.092702784819,3751.088112712652,3947.073757712814,-12598.087001116659,-12430.046073871104,-12228.297358143082,90.49777777777777,90.49777777777777,90.49777777777777,0,0,0,76177.6935261239,89495.1698751773,123102.32890204768,80882.25783888754,95205.03724728117,149344.3640079538,25503.82695377021,32299.867514857884,59249.45291474301,8823.755405621829,11406.046983061122,17243.82199416229,5210.140599995603,6348.441021884002,9270.016311816265,5175.825399669069,6498.088576688404,10379.444959776489
16,4,232,232,232,225736.11239564302,265030.1892158969,415286.13351855584,7.336423652858399,8.61348114951665,13.496799339353068,324.36814382226504,338.83889638774184,356.4458219065664,8377.16828306277,8752.239024336202,9191.626145184093,3757.057340188303,3916.4114288055616,4112.594057770041,-12578.208139242171,-12409.768579380021,-12204.823966340899,90.49777777777777,90.49777777777777,90.49777777777777,0,0,0,78058.26641973988,90461.16331602978,129462.54706455713,82229.11888558143,98961.75373837397,157505.02731513442,26638.872661050893,33444.88235466135,54171.04455955024,9218.08862043442,11259.209341794996,16605.96817399643,5410.103955218656,6371.291040863093,9055.035160477724,5335.220752259443,6474.230517320161,9480.096005123438
17,4,232,232,232,231959.97541297792,264151.3121423712,389683.8407143535,7.538699200921783,8.584917644627064,12.664724823216488,333.6462083271093,348.42000449121974,367.7324540338392,8663.805149135007,9043.740957115635,9533.538339429128,3908.118045743931,4080.482566557636,4295.447478263254,-12560.709246183556,-12388.742258833314,-12163.945346157227,90.49777777777777,90.49777777777777,90.49777777777777,0,0,0,78709.13440408737,91293.30089580458,124454.30469018537,83996.61760509388,100558.38698881885,139226.9182916138,25795.21643320172,33244.3423316695,59041.16556052412,9300.02117340143,11612.879068596803,18045.325372739182,5446.219354614605,6633.151420490014,9950.680293519323,5478.923438984172,6536.569619151353,9832.88211038265
18,4,232,232,232,235305.39247155338,268227.85462921613,484866.56764180044,7.6474252553254844,8.717405275449526,15.758163448358514,341.8415034631647,358.67437941481813,376.71650554794434,8944.278648337373,9372.937831997222,9839.534902547413,4063.1639544607915,4254.851945639844,4478.225979205365,-12555.813788577656,-12359.879112500406,-12149.86876431082,90.49777777777777,90.49777777777777,90.49777777777777,0,0,0,81236.96460546683,94737.20583963215,127542.014782955,84256.54923149548,99830.0467238507,153541.56581986905,27012.206876357726,34522.034179491144,59076.87009531153,9131.823666999633,11443.205126279174,18149.800356983116,5519.17840161378,6814.565348080021,9960.9916147995,5454.231318002551,6757.208003433521,10965.421560036853
19,4,232,232,232,233645.43431422536,271536.9110709677,401496.40231489856,7.5934766152123245,8.82494960980645,13.048633075234205,351.0759260413814,368.021236467309,386.43407863329173,9233.227235830125,9683.015315543156,10178.479852730674,4232.052670185132,4431.162155576968,4656.825563354518,-12538.822887544986,-12341.57947418719,-12127.253991375146,90.49777777777777,90.49777777777777,90.49777777777777,0,0,0,79788.65835536736,94043.23699421421,126703.26032607276,86205.33452056056,102119.50452336004,159101.16740829212,26569.15519440673,33721.54274670819,55744.06539320017,9470.425907724182,11679.500569982034,17033.789933685573,5549.71164714149,6800.318797846523,10137.841520359536,5603.81304344846,6799.118203134917,9148.781824766871
20,4,232,232,232,242581.81602531704,278946.5346075725,421771.6807512574,7.883909020822805,9.065762374746106,13.707579624415866,360.3403306107232,378.1853170434243,397.46119401280924,9540.566027205716,9992.388926396305,10498.270323801058,4394.572358336515,4605.869202546676,4837.096746648147,-12521.482996135624,-12313.76735405899,-12089.396146135341,90.49777777777777,90.49777777777777,90.49777777777777,0,0,0,82986.53319309812,96259.52319292168,124375.09488811946,87813.92683749014,104381.83949179684,153907.59109788944,27238.33709675407,35793.43954001215,67260.02213381087,9353.653314812816,11475.046918661254,17698.56885736904,5687.8167204065,6891.391937325587,10716.432661746108,5782.816931421019,6863.46827069506,9588.716211698444
21,4,232,232,232,246548.19427088174,283747.21002604533,446336.9844817119,8.012816313803658,9.221784325846473,14.50595199565564,370.5884732869241,388.13699219260934,407.914946142287,9859.183087328758,10322.957290046857,10813.598158325218,4573.152159201465,4789.243466738601,5007.806992973408,-12492.692393162424,-12288.42763310025,-12058.212249126003,90.49777777777777,90.49777777777777,90.49777777777777,0,0,0,84031.9180717298,98962.57097619903,149494.14036837456,90963.85733756065,107694.11182191319,150877.41015355827,26857.601467393502,34518.62404504616,57156.94191331924,9478.913021218152,11988.709042031838,19236.24780608678,5794.329008479493,6903.072811195858,9679.283662370526,5860.614843224451,7026.222994035793,9857.794934769228
22,4,232,232,232,253894.2975236377,288423.4974498104,479217.6469552395,8.251564669518226,9.373763667118839,15.574573526045288,380.8051906794531,398.3686051082998,420.5568057977459,10178.246786984719,10644.158473451786,11219.947165641606,4753.308720861054,4963.582591685948,5213.024075504345,-12464.267580491167,-12259.82943653939,-12001.558780514233,90.49777777777777,90.49777777777777,90.49777777777777,0,0,0,84834.35863134434,98970.57174653329,135138.05097294887,92933.2719255014,112411.61200178138,200523.6844220095,28417.276962495922,36837.18768470727,64226.310269333764,9380.180920398803,12000.44762591306,18349.53292512824,5907.691019985798,7315.909939328412,11130.358440876336,5827.44596232954,7179.842014709386,11596.787219072892
23,4,232,232,232,257078.69007949857,293862.6128166629,456430.3935411144,8.355057427583706,9.550534916541544,14.833987790086221,392.2797389633026,408.704933796858,431.66101084171123,10526.231226309872,10972.967364461492,11569.165807482535,4934.614917248639,5147.794755021876,5406.890433194246,-12421.20161624494,-12230.01234838235,-11962.803611580264,90.49777777777777,90.49777777777777,90.49777777777777,0,0,0,85330.78657498218,99614.3790442346,133947.17390200193,94285.4469003853,112984.55305226908,165659.9985906365,28839.335914045416,35729.452117651526,56956.487398082594,9771.33948415265,12257.910659360627,17770.65940217256,6026.010280389339,7295.957765459501,11383.9508653016,6076.434933079991,7275.383257417183,13211.329444408308
24,4,232,232,232,259779.22122842545,296865.41429698316,465847.8011182373,8.442824689923828,9.648125964651953,15.140053536342714,402.1652470480773,419.2646106623047,444.11570274569294,10839.63166372076,11299.903399858611,11931.721018124672,5109.535664123433,5327.014263305482,5600.5900545210625,-12396.632079915937,-12197.59548744633,-11908.328775595692,90.49777777777777,90.49777777777777,90.49777777777777,0,0,0,88011.90145941272,102868.02936292274,135072.63657355474,96528.05724759916,115967.35285465854,176198.90287466886,28289.46116958866,35916.43149774684,55300.822886112815,9922.929005043276,12029.923783898194,18395.794187547835,6069.733147977873,7246.189129902305,10218.16276611719,6149.488098987593,7434.670941773322,10590.199674994985
25,4,232,232,232,259020.1737443301,300567.339930497,468139.89767093345,8.41815564669073,9.768438547741153,15.214546674305339,411.9083818647046,430.5294952850565,454.5346292065011,11111.768505439846,11627.086564914385,12216.589019733618,5244.898216023661,5476.59827827168,5732.759054578389,-12373.719768428175,-12156.970008215276,-11877.550249369659,90.49777777777777,90.49777777777777,90.49777777777777,0,0,0,87713.14000577499,103987.60866534071,139350.12736614406,96941.34810224442,117832.12865505613,195860.3855284304,29087.828789379284,36662.909784718744,61681.868099054846,9791.031194909243,12256.050426496673,17669.29100753647,6213.579550399881,7437.244945730921,10276.398569481144,6065.480481575469,7383.543020419239,11111.566812683743
26,4,232,232,232,268463.0857415264,305940.7526276886,486933.1287769788,8.72505028659961,9.943074460399881,15.825326685251813,423.5520298497044,441.68847073785577,464.6550214788645,11422.383539076163,11926.18663775704,12537.749982983467,5388.699893274721,5622.183513689673,5898.459766729829,-12328.685483660549,-12117.577311722465,-11850.246661097131,90.49777777777777,90.49777777777777,90.49777777777777,0,0,0,89484.43074730023,103582.69616618376,135026.4220931357,100727.70983774317,119835.50584319764,186121.81269760677,29294.311572096733,37121.09800413248,72333.12234215379,9916.971477875502,12270.29279246141,18483.6656414909,6280.323362394804,7642.508485619149,13245.147359431474,6366.637433855954,7573.667803550066,11330.275661388436
27,4,232,232,232,273923.6858491496,314375.5965909501,535513.5562922496,8.902519790097363,10.21720688920588,17.404190579498117,434.0255894491762,453.22998773938593,476.4921701887896,11728.552969307337,12219.267704447015,12853.977744749413,5534.137601913751,5762.862523986976,6057.675705752484,-12297.271027700477,-12073.73183160244,-11802.96002789138,90.49777777777777,90.49777777777777,90.49777777777777,0,0,0,94197.83190827756,108023.39261753343,165011.73957378103,102481.4693148808,121872.90635760226,191984.50995878896,30448.5905383377,38325.04321441861,71709.62056429035,10067.608760604035,12462.957159115755,17949.44679594638,6320.730441079157,7784.315781066588,17338.366310931688,6448.342872284841,7880.37763677076,11727.058770890402
28,4,232,232,232,277352.0154655511,312118.5587440334,567810.312816789,9.013940502630412,10.143853159181086,18.453835166545645,445.659241341543,464.7863185892091,487.57395666153616,12024.432709946508,12538.094939497158,13155.46268156288,5687.8953436012225,5912.137004440033,6212.574688905772,-12252.353097451105,-12029.713918288273,-11764.465811126385,90.49777777777777,90.49777777777777,90.49777777777777,0,0,0,93263.17314469311,109058.26569588877,150820.04821544923,104088.79760750472,124762.56917477687,189010.9073934183,29533.547796765168,37242.66699087352,56562.54698076449,10266.985580693814,12881.645698819866,19778.41673040589,6502.980206775823,7779.6100609341875,12216.083615644251,6574.420009160685,7874.826608056493,13138.196157405258
29,4,232,232,232,282645.60957789334,325709.88520668057,542785.1243670922,9.185982311281535,10.58557126921712,17.6405165419305,456.24351963192646,476.5842209619359,500.1823247341771,12351.686461692434,12860.390882212432,13512.269170975072,5827.485993088794,6067.68175812442,6371.993490918263,-12219.649875928822,-11982.88411244751,-11708.202184538624,90.49777777777777,90.49777777777777,90.49777777777777,0,0,0,95178.2542562454,112275.43008831168,165943.26422579793,107926.79941013978,130815.2273532667,208136.0837875763,30143.051028854217,38556.414567471176,62256.272077827096,10188.233894622244,12215.521420408519,16730.09557805142,6695.493003733046,8046.092182306156,12458.718383384066,6582.537329471411,7942.333868491783,11484.04290817264
30,4,232,232,232,287720.5881585339,330674.6323535734,512907.6458265277,9.350919115152353,10.746925551491138,16.66949848936215,468.21545888675064,488.0281810395084,513.3192672633904,12646.215089304047,13173.896208862827,13852.275819689105,5976.432441977337,6217.988689929792,6536.88569391885,-12170.794280780445,-11940.174194922343,-11645.785951276357,90.49777777777777,90.49777777777777,90.49777777777777,0,0,0,98851.51350357037,115804.68318022994,159069.3671479138,108645.84149571178,131279.7753304981,204520.585740253,30792.466445745933,39908.38530174171,63617.074835926534,10159.024661191841,12704.669950347243,18224.487594302682,6612.790203111777,8221.026693768341,13383.122988682706,6657.908969875196,8018.737433422202,11208.700962894478
31,4,232,232,232,296931.07487444027,337312.7194388435,579196.6535403293,9.650259933419312,10.962663381762415,18.823891240060703,456.0619493100205,477.3755877328793,503.8386073260577,12320.983723811149,12876.595885764185,13576.474117678432,6025.177767444547,6291.9374103649325,6611.963544032476,-11764.711230278783,-11514.036103874221,-11215.395624390127,90.49777777777777,90.49777777777777,90.49777777777777,0,0,0,99893.13421217127,114905.10399833972,165960.10991970098,113071.1619856559,134912.57149739665,293634.42733282177,31172.08600590368,40389.2128510756,62901.26081908212,10550.310246847326,13226.696293214989,20133.67282350708,6927.073467825659,8404.395067254409,12176.642664925803,6907.946424809552,8496.028642548124,16130.975459303132
32,4,232,232,232,299411.87183417566,346388.4611299796,553150.6171692847,9.73088583461071,11.257624986724338,17.977395058001754,445.4606232719268,466.6476225409872,492.5751303809975,12000.324945741428,12561.885586069413,13257.042869892499,6084.769201622493,6352.208344207595,6669.677920013478,-11334.530244062033,-11082.692292471254,-10761.738941522482,90.49777777777777,90.49777777777777,90.49777777777777,0,0,0,100884.25115512409,118732.6483402085,156983.0782116666,112130.567940982,137468.81112278858,212509.54713765587,32191.597135131513,41432.6034008713,69261.22225522489,10439.111360233934,13007.310735154355,21970.747179521226,6876.506137424684,8302.209907157468,12043.353754344225,7063.924084365432,8378.22335779697,12436.952232325402
33,4,232,232,232,302047.07128853176,345943.20319193637,582943.4974578908,9.816529816877283,11.243154103737934,18.94566366738145,434.75517295527374,454.41617289883084,480.43650843367305,11686.86220457567,12225.41564387258,12915.407747614312,6145.538244701227,6411.832013862127,6742.4655753760435,-10893.821020035512,-10647.980474581473,-10295.109903581133,90.49777777777777,90.49777777777777,90.49777777777777,0,0,0,99998.872278811,120003.18419913549,155834.62909399119,117438.23991377586,138380.33347626028,231406.78641799962,31852.50799278242,41026.917649489595,63750.502411432164,10354.895918446231,13257.62368665866,18786.819458057547,6958.229084714197,8322.012227760346,13165.353938539058,7019.381184772512,8594.132099152197,12135.985438926204
34,4,232,232,232,309107.7514232148,352116.592683728,541735.2345282248,10.046001921254481,11.443789262221161,17.60639512216731,437.80440483933023,457.6706493848101,483.11641565079816,11757.805877122377,12299.86329710613,12955.167536124978,6264.120142459377,6522.034767042786,6860.885122113178,-10700.674480281854,-10432.1117603596,-10085.47227296002,90.49777777777777,90.49777777777777,90.49777777777777,0,0,0,102559.65704275666,119353.0955026667,159149.50145602206,120288.7399878136,139471.94774588547,207625.2234359925,33711.324985413274,42865.41400597229,78099.68877943119,10538.719187731658,13149.436369177532,19815.35674734581,7009.138337273427,8564.171793119454,11909.528195922638,7182.980377900967,8801.810304327824,12248.85784795011
35,4,232,232,232,317020.5588254685,361535.3912767059,589182.4240841261,10.303168161827728,11.749900216492943,19.1484287827341,440.5164908004582,460.1120709984517,486.1827712861159,11847.579946059312,12348.523212524273,13059.598472076723,6383.046415105984,6643.296623601166,6996.329492804549,-10485.752000899263,-10223.67917958133,-9837.408013800256,90.49777777777777,90.49777777777777,90.49777777777777,0,0,0,106536.07044929292,122656.38922938134,173374.7125951764,122950.55287170217,147209.73511333676,240119.96028795102,32868.24611500134,40957.688870483755,60471.27412802946,10741.926831463332,13058.614858537185,19559.280958796313,7368.514634595606,8967.17821999304,13919.485925704807,7438.359462792523,9118.476787452086,13278.107143106363
36,4,232,232,232,323489.11777672963,369624.6896317664,597198.8753279024,10.513396327743713,12.012802413032409,19.408963448156832,444.34420233741275,462.6111260435711,488.39570459042835,11893.062984630253,12411.914021251428,13107.960126812526,6495.486808462809,6756.502983550215,7112.976294414922,-10267.330628780197,-9999.429404368038,-9567.538373619222,90.49777777777777,90.49777777777777,90.49777777777777,0,0,0,107253.15370488244,123896.36091264633,168900.01092593835,123346.91500953534,147045.5743991438,205401.84243295906,33526.21465331971,42625.8387611888,76085.19547308351,11127.074943311083,13673.6278833389,21950.407908635465,7422.531103489852,9034.913018828012,13625.788065905712,7450.169103265623,9216.180855246936,17541.335145725745
37,4,232,232,232,328511.5304015958,382082.4906974493,601336.3843184019,10.676624738051864,12.417680947667103,19.543432490348064,446.3096304861585,465.91096772912215,492.72450640775565,11963.606411792545,12491.60451485166,13207.843154808921,6615.173907039016,6887.56524324197,7252.889795098952,-10047.83795465431,-9766.196551047862,-9327.954584099889,90.49777777777777,90.49777777777777,90.49777777777777,0,0,0,108893.84289062265,128105.55362873928,187068.84469807462,126806.31396483882,155251.5663329784,245667.02273420274,34217.60227874838,42953.55773574634,79304.84078873257,10872.2470684138,13404.361761012362,20288.586187269113,7587.076139992048,9084.37829318527,13433.574771668806,7471.105723610354,9264.454269451702,14071.045221235374
38,4,232,232,232,331291.8275244342,385678.4672091311,603182.0297206903,10.766984394544112,12.534550184296762,19.603415965922437,447.5542426070931,467.0173513972345,493.92657860406615,12002.158756970342,12501.891451036827,13256.340107485466,6746.665235343929,7001.510915926839,7373.796480810881,-9808.189514355528,-9524.913177307879,-9056.585870784858,90.49777777777777,90.49777777777777,90.49777777777777,0,0,0,110676.26914502794,128165.59102288693,192757.13129281148,127776.39057368676,154919.43859635468,258394.35067457054,33275.82533738139,42419.729563487155,76397.07858760946,10785.839055722987,13858.969929290159,19602.048188710167,7535.140800575915,9144.37045006507,13596.986941209774,7576.715988627528,9371.538662202993,15294.76556223301
39,4,232,232,232,337388.0330913036,390454.57964584377,615960.0893542111,10.96511107546737,12.689773838489923,20.018702904011864,448.7106620454019,470.23475544977657,495.4904340277917,12035.868369184385,12578.900963499978,13276.595110575345,6877.354833882176,7133.2632901784455,7504.656733327165,-9578.688712834457,-9258.394746465952,-8791.477806579298,90.49777777777777,90.49777777777777,90.49777777777777,0,0,0,110646.37441592573,129587.12752738237,172639.99021127084,133012.01498748342,157729.1257421458,255198.4199191922,35505.0595480663,44343.97997750871,69407.97511389665,11093.767692644946,14113.304446979544,21270.990912565634,7770.755796324018,9259.410129001613,14625.673994932235,7571.609393560427,9223.178460802626,14412.355909427253
40,4,232,232,232,339086.15965207247,394966.7387407902,602281.0022750527,11.020300188692357,12.836419009075684,19.574132573939217,451.63292568523667,472.2438301726734,497.0908419455232,12088.620430764178,12628.152623435531,13309.6600034592,6996.722622901265,7256.225335520171,7625.8076866007195,-9341.757337243891,-8983.34456092017,-8488.756672314135,90.49777777777777,90.49777777777777,90.49777777777777,0,0,0,114059.80967423262,137195.15338863854,189180.7232425951,132798.3056408312,158491.69802390604,224562.47542557478,35774.91187603126,44854.41872012943,70338.65459459178,11142.76624336491,13674.215261258703,22202.581168981,7924.3215794748685,9685.649047941553,14221.278820830621,7919.760536105831,9642.546335162368,15582.165462084135
41,4,232,232,232,349627.6180811648,403735.4507269567,579809.9790980605,11.362897587637855,13.121402148626096,18.84382432068697,454.1296776054843,474.1687300292325,500.6824590743797,12155.05922864781,12694.236964710402,13346.053958687915,7124.406846585663,7387.490532192577,7760.666660946785,-9092.865373473916,-8727.49526836107,-8201.663334162895,90.49777777777777,90.49777777777777,90.49777777777777,0,0,0,116003.94133403947,135714.1377141072,181151.8657707695,136530.2045774891,162043.3022528988,234438.30544708678,35640.63418774068,45602.163021745444,74019.60871075845,11351.85986567329,14026.331815872074,22353.85087946745,7931.723232801296,9998.563693869977,14644.178740211437,7922.439893391759,10197.944446700818,15108.153246613674
42,4,232,232,232,354940.6365516167,406396.2598895152,627255.0527304055,11.535570687927544,13.207878446409246,20.38578921373818,455.84942587399416,476.4001557237976,501.5269100387187,12204.338892446403,12742.186766488501,13412.535080807198,7247.892582999461,7520.830018068844,7884.802709478881,-8816.359559648286,-8472.00904756121,-7952.803971926992,90.49777777777777,90.49777777777777,90.49777777777777,0,0,0,118242.98926913047,137109.44053441516,200755.72659186594,138750.86574567572,169963.5821769485,247296.7827038314,36434.51034664554,47354.70791247946,73723.03780833099,11515.11538145644,14536.50216719525,22384.854775844855,8116.614306138018,9832.57727429024,13568.555884676647,8012.312711034347,9844.266760527798,14327.15974339845
43,4,232,232,232,361213.1126731306,414121.1825559462,628593.9799316747,11.739426161876745,13.458938433068253,20.42930434777943,457.75135241072394,479.1615495126008,503.5961194386069,12246.930119708524,12809.07701846217,13465.811993579046,7372.032558574154,7647.53182876697,8018.083014696561,-8559.641271238284,-8181.777250997105,-7682.5698432910185,90.49777777777777,90.49777777777777,90.49777777777777,0,0,0,119634.00711053795,139205.24826867622,220507.12444443084,141129.9910336267,169881.68249268085,282237.18166205095,37277.27906916519,46850.34815933897,82956.63046998542,11607.274744447885,14026.155763882116,19683.42643926565,8195.82585999838,10047.515192310357,14889.843912875705,8182.582616879424,10109.937052181875,14253.50088201023
44,4,232,232,232,366221.3337454238,424988.3622503007,651891.1860499482,11.902193346726275,13.812121773134775,21.18646354662332,460.64152765509925,481.33760754304683,506.16724443906975,12309.576376036885,12868.19578948518,13525.516562142391,7500.943938130096,7779.7950602366955,8165.305151141889,-8290.90195443198,-7905.56245240386,-7377.8987862755985,90.49777777777777,90.49777777777777,90.49777777777777,0,0,0,122317.55798983885,143318.04087779345,196980.59986089097,147694.54838275068,174278.35689352104,289706.41342977213,36776.74028043105,45963.37391510116,67809.85689205972,11527.871320165395,14354.676618336587,22323.370423852768,8263.474505445081,10016.299465989548,15503.135433349833,8373.732680256082,10610.650620122035,16726.018073937666
45,4,232,232,232,369089.35519462253,427995.76341151545,649332.7113358504,11.995404043825234,13.909862310874253,21.10331311841514,469.35713366967116,489.8806974934105,514.5440305480776,12543.923173774487,13076.174363781223,13763.751852456195,7648.320309304001,7947.707713236992,8313.93655822054,-8140.630894632056,-7733.992595112583,-7196.6531908350735,90.49777777777777,90.49777777777777,90.49777777777777,0,0,0,124505.94617847544,143133.31688850635,206020.2698940154,147577.11224442572,178337.03494955917,247613.20850169225,36978.694001865246,48289.7122989393,81935.59950647278,12002.093217613663,14745.835068869248,22662.84467990503,8545.78398799842,10502.49103681218,15245.785583446102,8735.604391751194,10286.710278015427,15386.806125335534
46,4,232,232,232,375255.0167755716,431863.3008785226,654770.7566535263,12.19578804520608,14.035557278551986,21.280049591239607,477.9975768961365,500.4344134539508,524.4814736677109,12789.704967562398,13359.722825995605,14031.69253101109,7802.8656584436385,8117.102257877916,8483.002648561318,-7978.399326526382,-7557.832936285702,-6985.558155569932,90.49777777777777,90.49777777777777,90.49777777777777,0,0,0,125848.41472760074,147311.2284593373,206558.6257369542,151036.3382817496,181757.34451615385,280497.1997233428,37852.04316229924,48942.784389151624,85947.05403140289,11866.41367403673,14947.153170720963,22174.017377636836,8753.686017900125,10569.767393061655,16543.97533686492,8563.000175588317,10726.427753541893,19727.864291268157
47,4,232,232,232,385010.67817509186,438122.5793450643,577242.2895895126,12.512847040690488,14.23898382871459,18.760374411659164,486.99935746735235,509.1567132904454,534.9470194509735,13020.955100163177,13597.851219550888,14264.906642844748,7965.9390285065665,8280.066959151995,8652.186885993742,-7806.461016955493,-7366.809318986989,-6798.663742489524,90.49777777777777,90.49777777777777,90.49777777777777,0,0,0,127530.8859838133,149489.08361518855,193553.75885595166,157132.70434390017,187626.3438070212,270825.6872707401,38025.11111510696,48724.026370866784,88702.88812304291,11670.179644269518,14470.001958161622,20287.67833731332,8747.215527001763,10683.162503680176,15785.591519061867,8823.54395131171,10810.609522913757,15786.242530278152
48,4,232,232,232,394726.11813806545,455580.4786328481,673459.5727602454,12.828598839487128,14.806365555567567,21.88743611470798,496.09086528831097,518.0753042986222,545.3766112760914,13279.733620252267,13865.364956618996,14593.68955839104,8123.470846665783,8446.418786129365,8838.696225542568,-7593.1690467466005,-7179.103540084009,-6581.084331975017,90.49777777777777,90.49777777777777,90.49777777777777,0,0,0,130140.81907268088,151504.72738324138,230697.3510618655,161490.78104333353,194543.81682365987,354098.5529371258,37414.81604001799,48357.980115929706,78722.92022791746,11899.123355700682,14816.942742368272,22836.629772760643,8877.306780747353,10787.887774005265,15656.618003596224,8912.070748890057,10970.025313739274,17361.221124558866
49,4,232,232,232,400812.96871562593,470413.6269236185,673655.347347075,13.026421483257844,15.288442875017603,21.89379878877994,505.0117593822172,528.9423313911566,555.6356583503234,13514.4613065205,14123.213222464208,14857.999183596861,8300.422121779411,8620.103834412716,9031.293827645552,-7414.9284868274535,-6988.593991493601,-6405.502372975773,90.49777777777777,90.49777777777777,90.49777777777777,0,0,0,131856.25966823223,153594.7583852515,222010.64728176425,163340.49334886458,195912.4676614797,322855.4348837058,40226.726811214525,50318.664751756594,86570.97387073959,12184.90734208805,15254.345298320295,22662.02685477647,9092.861674775013,10928.943885174898,16215.93811414167,9015.520520618733,10888.927805105928,15703.799102727624
50,4,232,232,232,407325.59928992257,465512.59269897256,638406.3664407765,13.238081976922485,15.12915926271661,20.74820690932524,515.9938583925675,538.5990185870588,565.9178376127666,13793.479250369834,14401.342292312758,15115.021045287082,8469.430697818452,8791.441338503131,9206.411712576326,-7242.042974417832,-6795.8723442252385,-6193.860480048876,90.49777777777777,90.49777777777777,90.49777777777777,0,0,0,135087.25367222188,157545.5894074109,211146.48209335722,164830.08409545978,196761.83822570145,290796.093975969,39751.6949813808,50287.0919928253,82192.85977384823,12519.686658608553,15430.7048778539,21088.679464141787,9239.544903716556,11095.599060333889,15117.720571356747,9368.094022276246,11282.239573933557,16399.126925951397
51,4,232,232,232,415143.0264056652,477145.77974068944,702198.3807029556,13.492148358184123,15.507237841572408,22.821447372846063,525.3571734481754,548.8467874619444,575.9016867445424,14054.351471681208,14675.135425896691,15395.823466320662,8638.821927421463,8977.736183120018,9387.417739683271,-7062.266176949606,-6604.885828215053,-5979.232566050802,90.49777777777777,90.49777777777777,90.49777777777777,0,0,0,136939.50945518873,158402.0755870253,221913.57448285204,167937.2440110803,201248.10892895382,343338.90266405133,40727.743732694595,52285.937108839375,87414.21308250108,12408.037357765314,15358.033811020516,25178.363517647755,9389.211269893964,11347.209152362566,16489.126812863196,9606.173079853852,11351.231162262391,16594.063020967795
52,4,232,232,232,427008.92498161335,488251.502706114,697423.6493980752,13.877790061902434,15.868173837948707,22.66626860543745,535.2433552486219,557.838649367967,586.99525855579,14326.725154604312,14937.368333347054,15712.617306292395,8829.611197918846,9150.391939052726,9570.634738537367,-6822.798491181908,-6399.5336294890985,-5779.824096565586,90.49777777777777,90.49777777777777,90.49777777777777,0,0,0,137626.057404339,161056.91862678446,206906.08703663328,171433.41141282828,206008.77507530624,366472.92475458607,39391.75598122133,49786.84035988441,79002.05763909889,12620.4424553044,15942.78907854926,25311.455093241,9448.496298138587,11598.587371997539,15702.70296547336,9444.905164465228,11761.925875673433,18289.721609855787
53,4,232,232,232,436366.70353408315,499971.44829445786,702361.7673003185,14.181917864857704,16.249072069569884,22.82675743726035,545.3774156718333,568.6881852791171,596.8402056837568,14585.26293814755,15217.021079433342,15963.159518933495,9015.479520110137,9349.696451036687,9741.779150790919,-6625.780598530066,-6185.938980847457,-5550.207434937301,90.49777777777777,90.49777777777777,90.49777777777777,0,0,0,138977.51482997256,164165.52964846394,217032.42669738943,179965.42509711228,218012.39087164894,338337.1608621815,41603.49704259474,53234.91878639726,89184.9998585549,12615.055292210483,15771.31347594973,24450.924635560692,9759.870819292299,11761.3209342047,17535.750336506935,9823.092240605465,11952.048791482273,16969.60196554239
54,4,232,232,232,433856.59703960974,511301.7297655828,733672.0976628597,14.10033940378732,16.61730621738144,23.844343174042944,555.4711480701437,578.814360785764,606.1352338005682,14849.04786779068,15498.182040435282,16234.822475448394,9191.28352994917,9528.009466332893,9937.1347362048,-6411.504627276302,-5962.469271148139,-5279.887016293287,90.49777777777777,90.49777777777777,90.49777777777777,0,0,0,144251.76972998132,167663.78055984635,236899.3832494627,179521.2183715999,219516.92615314972,430736.38206418353,43839.68038917065,53986.12125005918,96901.42450656217,12756.936532250855,15609.675007242717,24692.68383568548,10230.414225831575,12238.548184532196,18365.445495293174,10037.062370469625,12112.367551879843,18129.911477571455
55,4,232,232,232,450456.3672088287,519884.46492833406,744110.6393255723,14.639831934286931,16.89624511017086,24.1835957780811,565.3430648312004,590.6409724167366,617.2758737521665,15122.802727791157,15801.968611450025,16513.206767831107,9367.49667761688,9716.58072400371,10125.586909261165,-6213.337557088435,-5718.816850082784,-5073.9168814158165,90.49777777777777,90.49777777777777,90.49777777777777,0,0,0,145625.20111080466,170542.95262986736,259335.41788682982,190251.52330721152,223233.93100161047,336789.31843259674,42484.65571303331,55931.91418441256,90472.68161263586,12803.276598084532,15917.858581681,24590.307814875123,10170.382581807939,12299.074035062307,18664.18444385455,10260.995084032724,12937.046702888561,25178.310463998052
56,4,232,232,340,459337.3496585082,539207.2659462297,738353.5903386703,14.92846386390152,17.524236143252462,23.996491686006788,575.5251732479657,600.5392311883584,631.6354286549847,15401.691625921083,16057.545654873855,16891.463932387876,9569.807796426989,9905.606341855617,10372.21559666857,-6008.400164634155,-5486.181123146558,-4824.6458741696815,90.49777777777777,90.49777777777777,127.47777777777779,0,0,0,149376.08399123338,177749.18847092649,244711.60014044272,190285.33658861308,232608.07431245243,367737.37669734017,43354.599993988995,59820.79230743835,112973.46583056578,13238.539802981566,16289.959973121346,22973.87376951208,10290.868627985743,13094.487535878096,20628.67561296507,10298.910757093241,13368.963936061411,22115.105245932573
57,4,232,232,340,473480.57575213106,612501.7296917234,808725.9245097223,15.388118711944262,19.906306214981015,26.283592546565973,588.6831889177561,612.3463505527121,645.6689983271397,15751.655943986438,16387.153821514086,17268.281274515764,9758.537315532983,10112.045811621538,10621.637414253795,-5776.018287492354,-5222.479580746591,-4565.512538170709,90.49777777777777,90.49777777777777,127.47777777777779,0,0,0,154998.93215151047,199912.4273033181,295070.4542638485,194555.83872490466,252293.3690750907,375295.60998115083,45002.602480357935,68352.06740366883,118708.19779994038,13439.790966008602,16199.6791230814,23613.974751664755,10667.886073422229,14675.594625140664,22316.81264202659,10730.7039008961,15465.815888113248,24101.753574867427
58,4,232,340,340,493894.34772805497,640336.2217826351,843012.9613829746,16.051566301161788,20.810927207935645,27.39792124494668,597.8171725444461,627.8710775854385,663.4318750609706,16012.311100050109,16789.644539950565,17719.958980997293,9951.854086336925,10349.897218929118,10898.761326084397,-5536.1151337996425,-4983.681932817615,-4305.220804151549,90.49777777777777,127.47777777777779,127.47777777777779,0,0,0,162229.26270002345,210022.5753758155,289219.4639118802,214925.3270629848,271610.34866079246,456350.08607135335,49666.55924963739,71652.84938108409,114139.06350421405,13600.266047404131,17173.829716094995,24825.341514948544,11592.05109794042,16416.877000169094,25100.763689265077,11296.590932876026,16479.427489611713,24942.703441875085
59,4,232,340,340,566409.7817927252,678523.8763523191,884827.9883611846,18.40831790826357,22.052025981450374,28.7569096217385,610.6242234957787,643.6102973151627,680.6951888370814,16338.772795881248,17194.280802620397,18158.722688684797,10142.213453855917,10595.425637709604,11127.537320920675,-5286.431627937916,-4731.913260127392,-4046.00651968498,90.49777777777777,127.47777777777779,127.47777777777779,0,0,0,185777.39925645405,222255.8140907429,298454.5225138221,232238.2772972438,290157.0392351655,466503.33474627056,59542.973726893135,78444.8357764316,118540.30758888969,14074.52248830682,17233.270867846848,27446.92303082135,14071.038968824205,17744.339840307668,26472.706552610296,13433.83543265122,17395.625453989953,26947.092314767113
60,5,340,340,340,617237.9742689541,715216.1044952284,913755.5804327007,20.060234163741015,23.244523396094923,29.697056364062774,626.2200310555085,659.1762128016167,699.0941505854738,16745.48974460158,17602.025498939107,18629.53751917187,10397.450972489054,10825.91427202952,11389.247833562282,-5029.905727659312,-4468.755404590422,-3781.148845402633,127.47777777777779,127.47777777777779,127.47777777777779,0,0,0,197478.8265586927,231067.84165660388,337286.54221728304,250580.44515262984,301489.18429177755,493537.03088108695,64531.384416959016,84104.55127431723,138925.35225934308,14162.447220182556,17819.076498030114,28797.055908986684,15658.42127923248,18477.182353888413,30341.20658938018,15171.715044599589,18712.186022151815,25457.858690221594
61,5,340,340,340,635790.2512366262,736748.5344362819,932601.9153412,20.663183165190354,23.944327369179163,30.309562248589,640.0562631181805,675.7593618480414,715.2525565171046,17109.375949130594,18040.405654334318,19036.348549861294,10632.06940311817,11094.066815461674,11637.5388408167,-4449.892543938171,-3859.5161725840608,-3152.3406294243487,127.47777777777779,127.47777777777779,127.47777777777779,0,0,0,208568.49816957556,243086.6739790293,347075.02427136985,261599.3915341872,309685.93939511344,621932.1178185679,67165.94496737592,82901.64093279008,125823.83981435063,14441.730009912542,17899.681377188484,29397.558612617508,15938.302340829972,19296.064222644367,29396.163051522028,15915.919370149759,18988.161546173775,30563.73917385862
62,5,340,340,340,655380.4643730111,765457.9643712023,975584.0613475327,21.299865092122864,24.877383842064077,31.706481993794814,657.5777013346351,693.1567036925541,736.9100278892793,17555.39847738232,18486.809277685312,19607.971510793424,10881.334643330803,11355.64473735755,11937.744768985145,-3846.993559648721,-3220.6482502186177,-2441.4558857705556,127.47777777777779,127.47777777777779,127.47777777777779,0,0,0,208302.41596850133,243531.5690209206,359181.2687810809,266795.07444383827,317087.65207280085,524619.2285785063,69313.79276396305,86148.66483764052,147465.52767565948,15211.218965513102,18928.778161233287,27816.22023952593,16379.814877015207,19610.716508179907,31277.13470008536,16320.995784674118,19691.135896120573,33525.733273450474
63,5,340,340,340,666828.6459574645,775776.0178643503,950599.0089993756,21.671930993617597,25.21272058059139,30.89446779247971,676.5816245503651,711.2487724077454,753.9960749039218,18016.43615990766,18949.72189776348,20062.769557960815,11138.94263378913,11619.124457108479,12199.17991984411,-3220.3825715452645,-2585.717935940166,-1804.092991032986,127.47777777777779,127.47777777777779,127.47777777777779,0,0,0,213279.40204649637,251706.0325610023,364781.5435236162,279389.97356260277,329262.72808744304,492151.0428883995,69315.65204519565,86364.49563792208,150580.86897555925,15074.19849376602,19084.14118353592,30042.507795677266,16871.505274418436,20140.15827391961,30193.256429244822,16817.838432211873,19987.374567794788,29730.83614353381
64,5,340,340,340,687262.6234698421,781450.5997243549,980685.0486278811,22.336035262769872,25.397144491041537,31.87226408040614,695.6731590103398,730.2564268654704,771.3706973231887,18539.384952505832,19430.56399726601,20529.080505605656,11422.926399864427,11896.458643876154,12445.780779699964,-2786.7384492672936,-2156.0898547034835,-1373.2755882637985,127.47777777777779,127.47777777777779,127.47777777777779,0,0,0,221506.75581964265,256289.55323669105,339053.4698362597,283936.9047820338,332760.72284094436,574987.0100981629,73174.46259915932,87365.18473724692,153618.44284616975,15897.901092298238,19629.211792312235,28859.325672962786,17343.203093400316,20576.55254405716,31599.160486711073,16904.76232654504,20044.23476282704,28091.308972128765
65,5,340,340,340,694193.0691945906,802902.1745302941,974758.3075125745,22.561274748824193,26.094320672234563,31.679644994158675,714.9264710077749,747.311907522246,790.2228468136235,19034.074900818276,19887.598847959558,21041.045783657843,11695.525422680912,12166.519479577317,12717.68284416415,-2342.703048599852,-1699.543242259971,-868.1062518041049,127.47777777777779,127.47777777777779,127.47777777777779,0,0,0,221723.84220734626,256891.62101619458,333282.9464088268,290490.5608198184,342727.2601301353,619860.4761073448,75414.71381457882,93265.67397239176,160390.36853493337,16041.747501926842,19607.355004941655,27298.797277259986,16960.51631659498,20198.18945153691,30536.827263566633,17456.19197888309,20660.813423560507,29456.518923698346
66,5,340,340,340,715687.326519781,813560.56250773,1002910.3769925437,23.25983811189289,26.44071828150123,32.59458725225767,732.8200683555829,765.6367428807124,809.8308164384231,19508.017271783054,20361.145346514953,21533.164636231046,11984.351070208273,12444.890832232386,13024.254342820437,-1897.012978829354,-1214.0230048764438,-374.5300864331888,127.47777777777779,127.47777777777779,127.47777777777779,0,0,0,227238.15002512553,265681.5647197381,354508.2608805417,298385.4092589334,342108.8025800973,562962.4665976815,73842.94070079524,91178.23432025977,170783.0103008923,15943.329632620209,19391.545479758945,27428.154530934826,17839.080515254507,21093.70233654538,31237.95236384633,17439.718580280332,20616.434974995263,32844.411300051375
67,5,340,340,340,729984.4701073866,844134.1524683182,1041027.8040731195,23.724495278490068,27.434359955220344,33.83340363237639,752.6958346176214,785.1072340613923,829.3502510583844,20013.374097842105,20883.723168331166,22044.301987780887,12257.116141837403,12722.777147623361,13368.940265830162,-1412.273379712086,-751.3480343938235,176.17209318218363,127.47777777777779,127.47777777777779,127.47777777777779,0,0,0,235458.28963813063,273492.65764147317,406924.1038976141,303869.92671037785,361089.3820506195,569676.319078102,75307.13934841259,93637.451509892,165869.26166223592,16525.238900808985,20585.471535091987,30869.318874249653,18211.02555303032,21725.39221436928,29762.455045358558,18125.28112447225,21617.58774278667,47216.122039367205
68,5,340,340,340,741252.141057037,846828.5865504124,1051920.023329115,24.090694584353706,27.521929062888404,34.18740075819624,771.5782193451984,804.5330113725437,848.3097772566765,20515.909814480226,21394.31001111422,22563.47788634167,12544.436813015946,13057.397929707095,13693.624653846975,-954.0043079499238,-259.6768746562368,653.7641938256608,127.47777777777779,127.47777777777779,127.47777777777779,0,0,0,235908.44857559126,272273.18554614304,392146.825388865,313169.86887156067,367504.37230729783,561729.9156068037,76258.29946170647,94569.60151581098,151223.61329997913,16106.278596623952,20230.77782025858,30931.300643024813,18181.406623796465,21494.312858540132,29978.400535016528,18324.097877102362,21580.501464592464,33200.27147796136
69,5,340,340,340,745395.3260331579,868393.9879317207,1041728.9591355438,24.22534809607763,28.22280460778093,33.856191171905174,790.132509047578,824.7262974215764,867.3870784927071,20994.62921833049,21918.083172289233,23070.191003251002,12857.539973691866,13373.756369357932,14026.86167896823,-426.09347928016723,255.6225159999235,1183.5629729058949,127.47777777777779,127.47777777777779,127.47777777777779,0,0,0,241943.36208891327,277639.99721016374,425386.7122615387,317920.71514750255,374211.6507050655,568167.8943094797,77494.29386638654,94692.99669700889,148963.10420678454,16526.501713188638,20907.754908382314,31883.805893866414,18948.57947203898,22822.457582181014,38648.794153663024,18343.250487599755,22102.56585555574,32118.364660437073
70,5,340,340,340,771506.3986697689,868504.1693864011,1047168.530020611,25.073957956767494,28.22638550505804,34.03297722566986,809.5869900201582,844.8436727929491,888.5260247554878,21502.050487205488,22439.890335106153,23610.710452587435,13182.114618366671,13682.872705921462,14350.921753342795,64.00825821004264,782.7560903632105,1703.2948211379494,127.47777777777779,127.47777777777779,127.47777777777779,0,0,0,245985.53435433624,282335.77565430134,397199.4454190169,325517.1732615401,383315.2465663771,575268.7923548294,78503.04171530866,97053.56023125902,148162.76003789206,16618.34066296895,20755.249484324726,31529.212929709167,19011.1734598426,22466.803887428567,35380.04380805738,18929.30115568822,22644.528511384437,31019.654273313256
71,5,340,340,340,774095.0530206324,898687.3167985025,1086139.4287502598,25.158089223170553,29.207337795951332,35.29953143438345,829.4080982877642,865.0075919653574,910.0158987281968,22080.371304882432,22980.977428237085,24211.385985360444,13480.209116590891,13999.660278749137,14708.430975317291,547.9264462650577,1291.8504223632985,2241.0468272593175,127.47777777777779,127.47777777777779,127.47777777777779,0,0,0,251538.5910382133,285943.1049667692,389834.88319629885,328681.12201941264,384348.85596354946,687304.246878287,81193.6895074471,97761.94099511838,161939.41722900944,17004.216964912703,20829.03064388435,29195.067861657437,19853.3467851737,23734.187677244678,34692.05797006996,19584.372688115025,23108.748907012476,40838.0274885583
72,5,340,340,340,802924.1578362274,929086.8294478128,1108414.0242809907,26.095035129677395,30.195321957053917,36.02345578913221,850.130759804158,885.4006813257844,930.6035015829284,22620.2892362962,23561.887571026957,24780.75071201988,13845.728984574818,14336.765541968973,15046.357046961437,1100.6099138501072,1833.2042430770416,2804.2229386939816,127.47777777777779,127.47777777777779,127.47777777777779,0,0,0,251729.4757153789,295557.10937051533,423940.82455266215,336941.4846196087,396056.16441588,661771.6156057977,82365.35206175953,102164.98800128368,201612.87986706075,16935.15313058116,20500.570362479713,32664.1158112986,19651.382975961504,23496.30201939855,44007.63782621688,19692.920429730108,23282.21199764124,35437.791736920364
73,5,340,340,340,806322.970644817,928727.4897371132,1098580.644689733,26.205496545956557,30.18364341645618,35.703870952416324,871.8945504313257,906.8948036760884,953.7104603110507,23213.08906831094,24107.417333621677,25378.869843924764,14167.960938430717,14693.398675042694,15405.226042634435,1617.934796872717,2362.939013214063,3398.3559439102028,127.47777777777779,127.47777777777779,127.47777777777779,0,0,0,255000.39986758117,298875.18223416613,480553.1098388053,341296.5429168284,402520.67506361986,671113.456948878,80865.59364509255,99878.3100103279,183155.49047851472,17463.167075149984,21437.462064131643,33103.97148467905,19883.395384794618,23766.54342772038,30400.55148726017,20080.231406279145,23776.641314311506,36224.193109578344
74,5,340,340,340,827221.670083503,953452.2081728288,1147107.0820773009,26.88470427771385,30.98719676561694,37.28098016751228,893.4185488597759,929.1644476954325,976.4870638464635,23759.330006241198,24726.807675101878,26018.245238257434,14524.965119203887,15029.59370721352,15762.343868713844,2181.751212022393,2934.9904003853976,3984.1638742072123,127.47777777777779,127.47777777777779,127.47777777777779,0,0,0,264144.4802929638,298459.5377761962,418034.93728803686,352647.67462663824,419381.356829122,724018.1122079751,84586.42706904952,102122.74609764622,179830.46182660866,17499.021101488263,21477.72408795674,34061.78600987605,20322.869433173822,24590.387318120534,35740.32180124168,20644.666768289164,24600.289479062314,38998.54711334684
75,5,340,340,340,843419.9677048035,960097.2654934525,1166342.596291455,27.411148950406115,31.20316112853721,37.90613437947229,915.0336147692035,952.9365201654545,997.2353682190983,24356.015437445385,25359.750571462886,26587.085333569445,14849.46262400382,15389.794556092374,16103.973798680572,2606.643228599738,3418.5367681562257,4466.720460988177,127.47777777777779,127.47777777777779,127.47777777777779,0,0,0,269838.37256435986,304888.6421982917,423525.78806821234,365206.251128383,426400.84529481863,733571.2049287887,84034.34748817825,102712.50404663893,161328.4409658453,17545.41580309416,21080.789822606104,29652.806704661954,20075.89173921188,24396.42178393724,38352.04054069008,20821.056159753654,24785.823332980228,48845.06795772244
76,5,340,340,340,857857.3194492183,987299.9966976115,1150099.3736885365,27.8803628820996,32.087249892672375,37.378229644877436,936.8289427208812,973.5021755248617,1018.820382200978,24950.205853032938,25947.918246437675,27162.854642712227,15212.117826017182,15751.88166212429,16464.19831353202,3119.1939553969064,3892.145996437796,4961.70023212936,127.47777777777779,127.47777777777779,127.47777777777779,0,0,0,268405.9556888503,309093.71606719523,482935.467820211,367626.37893993995,439187.9262970214,727701.7052058061,85177.40872290397,106157.7386669327,158274.00534551055,17863.36980091974,21991.184195336835,33768.163775078356,20652.12960722568,24990.209103412566,43328.71732900899,20990.76866497047,24842.601791389046,37342.96291225198
77,5,340,340,340,869060.7838809566,994222.9699687908,1183290.782522845,28.24447547613109,32.312246523985706,38.456950431992475,958.2912700077258,996.681068872303,1043.9664727224758,25543.905767074786,26592.59146436853,27828.625917962778,15558.732073396895,16103.163327270817,16869.547345871433,3581.010695312726,4368.773322274275,5487.775982012307,127.47777777777779,127.47777777777779,127.47777777777779,0,0,0,276730.02088704426,321923.34554606135,453390.15425390995,376153.3635851326,451406.8575029258,828788.8465990478,87422.51965782298,104155.67234448265,176016.90340600404,17942.905238976582,22442.102079414188,35748.28421945286,21198.177724791414,25376.69621643909,37646.4207970897,21393.128028119394,25557.076678240803,43077.93716932907
78,5,340,340,340,893849.9626380655,1009112.110840153,1192408.0469380636,29.050123785737128,32.79614360230497,38.75326152548707,983.0478362833362,1019.2500047296758,1064.9378857102747,26184.621654408384,27157.817154009856,28365.327093738113,15911.534909927088,16477.292726144802,17217.576151723846,4064.257859770483,4878.980323498668,6004.666358175136,127.47777777777779,127.47777777777779,127.47777777777779,0,0,0,277161.9482252847,322579.14726864244,501476.0500758082,381043.4129005162,457227.4188257259,812291.58499283,87565.37958359119,106641.49509673193,168131.23190210803,17911.353557169772,22056.638698227147,34910.58610126742,22254.438237470637,26278.67443928698,41635.131351765514,21654.622821112753,25445.504143763577,39879.018253157665
79,5,340,340,340,917081.9655157491,1037082.571809781,1209598.5379182412,29.805163879261848,33.70518358381789,39.31195248234284,1006.1608411665629,1041.8015438335153,1087.0063603703713,26843.951811680185,27777.088536489864,29021.806629157625,16315.16785423046,16856.21363593303,17581.0699484516,4563.217448338863,5392.021144520718,6545.755470309291,127.47777777777779,127.47777777777779,127.47777777777779,0,0,0,287283.4072915877,331509.11722439196,470377.5967961034,390065.79417613044,475190.71584845276,902135.290184963,87795.51808840844,107915.44472090706,186955.73840814867,18444.95556127414,22562.398260059374,30989.187592941224,22233.395307320985,26458.755853369494,45036.180219042195,21522.835372620524,26074.481989517033,42035.41271300397
80,5,340,340,340,927091.5279685429,1040434.8469688348,1205916.8913654834,30.130474658977647,33.814132526487136,39.192298969378214,1027.1871020904491,1066.43535372635,1111.828649420847,27395.650799912033,28462.729896008892,29690.21859221397,16661.000027836846,17228.51533023798,17997.308270434944,5094.227866647038,5881.399111117411,7112.1628666383685,127.47777777777779,127.47777777777779,127.47777777777779,0,0,0,289642.30390975863,334693.6824535537,432772.1768231884,399690.5799855683,477036.2913687817,762361.9917704593,89986.48032910175,111107.73504714762,189882.54791492017,18114.760495610193,22256.181042314565,33134.84175952416,22443.901161726983,26605.21573795479,41117.20821142494,22340.067705790792,25960.606420622193,38338.84228260464
81,5,340,340,340,942813.102058637,1066961.8217114825,1213483.7480410086,30.64142581690571,34.67625920562318,39.43822181133278,1050.2384796762158,1091.2779543312922,1135.8278975176484,28030.5295805299,29119.290219460778,30342.909030759118,17038.682871189543,17605.660802310536,18372.22771473487,5600.8672169953115,6410.497949715824,7591.486838196429,127.47777777777779,127.47777777777779,127.47777777777779,0,0,0,301193.556267501,339245.74777630484,488983.1826373552,415050.6643201762,477545.4997589205,976202.747680399,87776.8494323319,110002.30194086512,201739.69348191307,18763.414231323684,23393.83325412803,38366.53716386409,22607.69594459197,27515.22881346852,50181.00273952553,22917.76985813051,27104.851986343332,46178.80244164377
82,5,340,340,340,956696.906331335,1086202.0933958937,1246301.306120359,31.09264945576839,35.30156803536655,40.50479244891167,1074.9679999528448,1114.7164454899505,1160.8980753437324,28678.53672760425,29746.34853532033,30996.62173121399,17433.488153814553,18003.293232756874,18792.472063010275,6114.679218986995,6949.151402827245,8097.736998099268,127.47777777777779,127.47777777777779,127.47777777777779,0,0,0,298846.41768824554,341043.43052567774,450563.66017246933,428283.48832410417,496163.79859363765,938135.8523462522,92341.47839069516,110681.31226547288,201150.8576280144,18654.56262087107,22760.994659079242,38744.28671037981,22873.138722995525,27654.840880252363,44267.29256310242,23201.617553847063,27974.715295151927,44770.8443545357
83,5,340,340,340,972441.2145957714,1092118.2470396867,1275240.3125362138,31.604339474362572,35.49384302878982,41.44531015742695,1099.0918095148413,1140.8056721372589,1185.2669663311308,29319.473930104705,30455.740227015885,31691.951504876382,17813.60096672854,18437.47389144331,19215.211631714817,6658.803552428714,7485.485183615088,8704.230944313338,127.47777777777779,127.47777777777779,127.47777777777779,0,0,0,304383.96936780127,356299.2135331861,569489.8926818244,427796.0038434134,493585.70265972876,765500.739390512,95135.68710572326,115848.77172540432,212383.25264197993,18904.2711735297,23538.681040505733,37467.71289496801,23511.003877822408,28073.867867560002,49235.89598579678,23467.16018358114,28040.392865333233,52264.781980090076
84,5,340,340,340,993929.7661188731,1118924.486734906,1266970.174049123,32.302717398863386,36.36504581888445,41.1765306565965,1125.4454788263363,1165.3737692168652,1208.5957234572702,30025.975283003656,31132.543075568916,32330.694087994776,18211.58529818582,18816.67039635181,19625.027053136626,7193.656117935129,8060.672008949574,9286.605895805544,127.47777777777779,127.47777777777779,127.47777777777779,0,0,0,310599.70576396567,358072.9056927517,498595.43685661326,439514.87972192635,512439.63942475634,784620.5611089745,95318.55050711615,118089.77179142548,188396.7786168806,19089.0839243369,22798.802302959502,32077.581998635622,23914.469927358106,28492.87088735748,38736.505783412584,23940.386173294235,28503.40238982816,46227.82505103919
85,5,340,340,340,1008287.6179482669,1125070.0283461285,1296506.41749411,32.76934758331868,36.56477592124918,42.13645856855858,1150.8658243319876,1190.1163559464887,1232.7528992431971,30754.651911002107,31793.441709077426,32950.58505445818,18644.687124527067,19229.599794176225,20038.913898379997,7784.534008384257,8640.015114060676,9886.1795926816,127.47777777777779,127.47777777777779,127.47777777777779,0,0,0,311394.21551376156,362985.4982591395,466326.77279218676,444664.20602541685,522679.5858316839,801236.9224924647,95306.75732539997,119684.69515663106,202020.42816154947,19020.25333704504,23652.67016276569,31759.194850708238,24591.71422913563,28784.951039331052,45216.85425270269,24169.138725938355,28715.994837702823,45521.79880586486
86,5,340,340,340,1021190.0318252435,1156256.583696262,1302175.5423850152,33.188676034320416,37.57833897012852,42.320705127513,1176.6034926960876,1215.5509538906865,1258.3338450525,31398.91275590846,32492.52296777288,33673.24762408006,19068.346028009437,19678.327049294276,20444.424527851712,8336.066528388244,9213.960418735449,10507.574468705681,127.47777777777779,127.47777777777779,127.47777777777779,0,0,0,315813.92957519885,367703.2269399247,499531.8086748962,451641.67849813285,542293.8874860128,938306.9244159631,98934.7022357015,121609.13188386994,202238.36272423697,19530.826542770592,24334.157335236097,37929.675797148804,25075.700237620043,29731.55905321331,56116.80748700796,24844.21752280234,29540.428190907158,53309.06928905166
87,5,340,340,340,1051653.1352394957,1166874.0510629457,1326864.0363326557,34.17872689528361,37.92340665954574,43.12308118081132,1203.1450246337604,1241.4588317010443,1282.3049284943809,32126.881552268474,33183.50034093266,34316.653516658494,19510.27927738384,20084.297145965673,20873.897409986548,8930.99461632287,9821.531288067417,11109.936708473793,127.47777777777779,127.47777777777779,127.47777777777779,0,0,0,327397.65812208893,375641.968454174,534383.7868798244,471357.4100122064,547845.5281097353,908058.4145393939,96942.44030744347,121306.69432640716,230733.39276061146,19226.88502819317,23573.561777529645,36488.33967561915,25214.68224758795,30196.922145052373,56790.245409557574,25097.254895318798,29655.180300891596,42476.330957777944
88,5,340,340,340,1064167.3868839422,1188222.1475488725,1337748.5565628794,34.58544007372813,38.617219795338364,43.47682808829359,1227.8892562794572,1266.4259406839665,1306.1210115890335,32844.99078923075,33872.66769498988,34928.75933700063,19912.414672792584,20499.952788798608,21293.597106884677,9528.003128508915,10469.048352115584,11792.244706523219,127.47777777777779,127.47777777777779,127.47777777777779,0,0,0,330885.3831289823,376447.46148308046,516146.2393240111,473678.6499486639,558011.7705670259,858582.8944173383,98639.28792010061,122805.31902461086,218450.12059867458,19964.17177554581,23880.267047907673,38015.87408236734,25183.868944230257,30176.66397656457,46878.40869843148,25963.337206357963,31107.925425199155,49164.01447550007
89,5,340,340,340,1095011.5917991651,1205813.9434698091,1362449.040251065,35.587876733472875,39.1889531627688,44.27959380815962,1253.136412195001,1288.775627912241,1330.2710714484645,33510.78575950618,34500.91718013312,35606.32604018636,20331.331750085148,20907.330916358074,21725.38318690298,10130.465840541776,11142.41598170475,12454.923514185426,127.47777777777779,127.47777777777779,127.47777777777779,0,0,0,338252.4148036784,387225.7384079167,652783.051302777,481679.83396564354,568645.2531991352,946857.233069678,103809.78919644134,122785.95373276912,191964.92445826659,20079.006538788726,24553.563495653238,36086.094043299796,25939.96432111182,30774.465311617307,51237.389741879015,25566.453556219803,30584.49179283277,42563.15288485254
90,5,340,340,340,1117131.2989080278,1234613.192960613,1380546.8783507245,36.30676721451091,40.12492877121992,44.86777354639855,1281.1797576168688,1314.5374708091692,1353.5618938158889,34222.872200141785,35163.86243122426,36227.966525129705,20771.667030989793,21334.775108500893,22147.394068491056,10811.094196452885,11812.126053180147,13198.507619846765,127.47777777777779,127.47777777777779,127.47777777777779,0,0,0,345293.2845573453,401517.1156968113,602004.0197031242,494388.9319669871,586034.8578332891,1128953.464884551,101835.66389674725,125991.42857807162,230981.3486564985,20101.36197997772,24285.739288444234,40646.479216483756,26528.83325917785,31684.171143909865,49780.50798128074,27183.861655906534,32419.986706087297,55040.118125027504
91,5,340,340,340,1120063.5261832823,1248417.0596452607,1405881.3463089594,36.40206460095668,40.57355443847098,45.69114375504118,1306.4783414328333,1338.5926656132492,1379.832697843888,34927.21806183646,35826.36688993388,36942.21880685776,21199.61930415585,21783.889626085358,22597.185340150598,11805.972494721585,12785.88994153414,14182.568059799227,127.47777777777779,127.47777777777779,127.47777777777779,0,0,0,349798.3033299029,398942.5016120292,574332.7788665539,498467.6785333963,605205.1037178189,1130535.5887217757,103897.26990051537,128525.95826257257,231761.55979365075,20994.805803681687,25580.611563262708,35192.97952555634,26724.068453532174,32288.057143202957,47436.33939776869,26886.169460158293,31337.069551799803,46272.59131862774
92,5,340,340,340,1144178.9868374988,1272713.2313504582,1427587.4215159786,37.18581707221872,41.3631800188899,46.39659119926931,1330.953006425731,1363.6568540171902,1405.5356050056857,35622.94925091295,36474.68612804278,37629.3526804428,21640.678030348496,22230.1073166514,23039.778668577856,12814.532584900833,13828.115655338679,15245.006770028016,127.47777777777779,127.47777777777779,127.47777777777779,0,0,0,354022.67430171854,408101.70165879995,561754.7057345551,523821.78715131286,620830.9904946195,1040101.8466669646,105092.31278047689,129634.11400472133,237160.18462281296,20018.29882252215,24505.53639497615,34227.56422511894,27079.672876937824,32624.98703473898,51395.648379358274,27132.18966225115,33004.06722234575,74640.62393085782
93,5,340,340,340,1155876.0092772418,1266513.6223738864,1423836.541670769,37.56597030151036,41.16169272715131,46.2746876043,1356.6390570917154,1389.33922726139,1429.3479030326723,36296.63885324642,37167.083173570754,38225.02043524112,22099.202726991418,22675.335534191086,23518.223225509544,13803.415502825157,14859.638766908767,16299.332216723422,127.47777777777779,127.47777777777779,127.47777777777779,0,0,0,356359.53325783595,407872.23079531913,566085.3250196327,527008.1801901694,613283.5398165153,1070712.5746315161,105809.13775885932,130419.01618925002,220218.7489479541,20327.14318521695,24816.596872590297,41356.54879482422,27103.528246080314,32231.26233994483,48186.096091708765,27071.715056375244,32624.260492936333,50685.78788505368
94,5,340,340,340,1186280.3826220303,1296925.7551555317,1431099.4303871724,38.55411243521599,42.15008704255479,46.51073148758311,1381.0494256915558,1414.520491579382,1453.5709044170696,36946.59482326257,37860.01424937294,38917.3146680456,22563.880912536537,23121.377930529485,23958.138442502426,14660.156372561469,15721.666092709485,17222.69053331466,127.47777777777779,127.47777777777779,127.47777777777779,0,0,0,362094.1828120133,415052.88393869606,776538.3432059116,548113.232152154,639658.8600960146,1224534.0421992901,107533.0443043489,129709.53014116293,209729.13532423775,20387.009199084212,25430.829954703764,37612.01281439499,27629.68728661092,32938.0296771691,49179.21662374299,28786.486531667,34387.68469471092,53861.89180689427
95,5,340,340,340,1199828.4869313359,1312746.145270523,1426840.0249970872,38.99442582526842,42.664249721292,46.37230081240534,1406.9208099643283,1439.975509091323,1479.2883046910845,37637.8579063926,38530.53066187701,39625.64482267396,23013.04562165653,23576.69266590051,24428.02497292624,15523.353288882216,16570.399933528533,18215.22293236809,127.47777777777779,127.47777777777779,127.47777777777779,0,0,0,366338.91970912693,420299.06473967206,636987.2963029654,543368.0372108027,637935.1931284156,897665.8016751246,108901.67019205797,135248.8065857512,231711.1805023544,21243.526910373035,25987.54268301004,41294.26369793451,28641.608229054404,34675.38491909479,49378.433117952794,28798.180522475508,34076.175760463855,51431.14009062413
96,5,340,340,340,1227962.4773009783,1331501.9853959612,1460613.6070924627,39.908780512281794,43.27381452536874,47.46994223050504,1432.5337169854326,1465.5841144018118,1504.203393179328,38314.53751959285,39214.28495926536,40337.30396838488,23475.03910657546,24027.175839689313,24878.01435365971,16396.984093496358,17472.80033728702,19047.64774971787,127.47777777777779,127.47777777777779,127.47777777777779,0,0,0,371932.58206489583,429542.50456756575,595198.1427783148,567400.0278887575,655858.8811446457,988858.5448187897,110742.33566284779,138744.64809952062,231354.22574032278,20869.58678764642,25893.88355602396,38609.54134590218,29483.2186267928,34282.30589809608,54727.86772746061,29345.271156816565,34995.270013363166,53518.43281908053
97,5,340,340,340,1244619.6152079592,1354202.4771370478,1466740.0269765523,40.45013749425868,44.01158050695406,47.669050876737955,1459.5075864578491,1490.4316016160763,1530.7306997392384,39043.88053350204,39908.669454512834,41007.32831298351,23956.080144077823,24508.083529940788,25342.28386522057,17293.420367261682,18383.080720626825,20001.304771216837,127.47777777777779,127.47777777777779,127.47777777777779,0,0,0,383071.6817006771,451870.8196296695,665385.4748467308,569620.8758951093,672790.4735974935,1281311.535307816,112248.69415125414,138161.93121704902,211789.18347625367,21535.135944163383,26391.649913656034,37312.8247778699,29320.148791381613,35056.03157634071,51332.57095944546,29300.838540172877,34185.571265537474,46021.258283150564
98,5,340,340,340,1252624.6684152056,1357852.0825630794,1474926.7610723583,40.71030172349418,44.13019268330009,47.935119734851654,1484.484903062844,1516.0735434319079,1554.6890569131733,39719.66607817173,40596.382542391955,41683.12409237535,24424.31155554974,24986.324024852718,25816.1500978539,18202.851509159995,19304.496247548865,20935.637842634518,127.47777777777779,127.47777777777779,127.47777777777779,0,0,0,383493.3290257314,439820.92690756015,607424.3201830023,575330.3573407265,683553.1307052332,1072985.6722425108,112899.46258531531,139894.993343001,221257.08592142985,21285.853882918833,26476.012198104192,37575.80408881739,30661.451313326314,35765.291786849804,60327.936488037114,30480.02176340108,35949.555882239765,56888.03300807634
99,5,340,340,340,1276896.1071881098,1380126.1995351855,1497018.0205076474,41.49912348361357,44.85410148489353,48.65308566649855,1509.508961159624,1541.7626820213516,1581.0136659677812,40397.456574293836,41307.61956144905,42352.92083551098,24900.519560366316,25452.817568020077,26286.439967754664,19083.1428564218,20275.91098065715,21868.327341805118,127.47777777777779,127.47777777777779,127.47777777777779,0,0,0,393104.8867007164,458245.28978459205,684946.7044662132,588621.2491264974,703829.2504376847,1084902.2660527013,114656.5290939594,138720.8177114433,203356.52848361954,22317.28200287104,26674.319515774478,37331.78893002186,30773.022321669232,36128.5181002327,51591.43123070606,30053.476857579353,36088.454375365676,53982.86573540925
100,5,340,340,340,1302699.7023735258,1408092.210166003,1518708.1229437944,42.3377403271396,45.7629968303951,49.358013995673325,1537.1313792500198,1567.8539447731403,1607.1952463147097,41140.74624977519,42009.204816253034,43070.2404708508,25393.346745261413,25939.158339690977,26762.3289503436,20030.278411005307,21237.859174699115,22837.220916177746,127.47777777777779,127.47777777777779,127.47777777777779,0,0,0,402051.1604833836,456581.0626925053,668263.9075924107,623417.131105176,722507.5209071512,1197067.4109067922,116590.61972036822,144828.94376596398,286016.3814890127,21771.15384653455,26856.68399163515,42197.093822218805,31253.952602245074,36707.58660471533,65018.16342159438,31091.58070080316,36717.15329205895,51770.57731576727
101,5,340,340,340,1313083.2468174626,1426201.8037204926,1531407.718294655,42.675205521567534,46.35155862091602,49.7707508445763,1565.0774797786896,1595.8573435230096,1634.8942414954277,41899.28279041797,42783.962399880074,43816.29534411037,25892.15405913902,26430.812896452073,27249.307634073488,20985.6870564788,22203.20471522039,23802.86172392721,127.47777777777779,127.47777777777779,127.47777777777779,0,0,0,407708.17934868624,474815.7203561314,706964.21785947,613234.6119415315,734915.9299242166,1203306.4853294322,114389.42372036364,140808.55676832414,220841.71093573142,22131.624107981632,27045.148080786672,44961.95757281192,31642.10085744118,37574.45932252328,58440.84749055596,31636.502828933226,37931.026142451876,64698.73189923302
102,5,340,340,340,1335237.3375822923,1438428.3857385456,1531069.3066058906,43.3952134714245,46.74892253650273,49.75975246469145,1593.3863483133607,1622.1728656908122,1661.2601591495204,42693.510149138136,43484.589813837985,44552.87217095579,26381.57080502108,26929.489970182018,27725.701371308154,21941.245047535136,23187.376406974105,24883.548005059656,127.47777777777779,127.47777777777779,127.47777777777779,0,0,0,406701.83709905675,487217.9432921862,741204.7915960165,641326.2959133973,743161.416865803,1410626.1429731026,120890.2677621808,143518.78947445969,227678.9474861957,22480.965131012323,27534.005490784162,40573.0075609142,32599.479773916588,37982.51361226001,55414.7567260821,31938.9125903243,38359.61710938202,61537.29331696968
103,5,340,340,340,1366090.502422297,1455651.6471303164,1536994.0767503176,44.397941328724656,47.30867853173529,49.95230749438533,1619.6171138243117,1649.7490181091807,1690.0663335792574,43389.18584937681,44216.92442669792,45276.94960015401,26899.819504155163,27415.4934511639,28222.290259954934,22962.557710783753,24190.571099035715,25880.87701075573,127.47777777777779,127.47777777777779,127.47777777777779,0,0,0,415989.9331956573,488751.98629004986,646331.022231764,654259.1895705245,784835.1174937575,1285439.1156584492,121024.57317047312,147637.77054666015,245836.7722772776,21969.69002953169,27465.84092335944,39609.39486129225,32945.06309778705,38819.865641950855,68247.05045940857,32613.56671478115,39235.29072267595,56997.97654327225
104,5,340,340,340,1372877.2299440275,1467008.807971607,1550963.5239852138,44.61850997318089,47.67778625907723,50.406314529519456,1649.0704786792987,1677.1260596327159,1715.6504631734624,44178.15860396638,44949.433064040524,45977.59194319861,27396.58043597744,27920.244742105846,28705.79774778162,23988.12659672817,25220.40276738575,26887.84863860561,127.47777777777779,127.47777777777779,127.47777777777779,0,0,0,427846.4055499714,498955.95648312074,684690.013332836,665339.9882574102,786313.6487195588,1205886.6726236942,121485.5576644351,151652.27491507906,226314.94023577866,22950.41051855187,27721.815021866583,41660.06880174742,32897.67346626824,38868.65168169575,67011.56102917787,33160.988510340576,38870.6831904391,64144.913618715706
105,5,340,340,340,1397818.6894577697,1476238.504493338,1549222.3038580562,45.42910740737752,47.97775139603349,50.34972487538683,1675.73730502753,1705.0485615283037,1740.9757019667863,44918.915270078185,45712.77958409761,46695.963241314355,27902.040716330048,28426.66869348781,29214.362204550038,24918.464036320398,26147.629245200194,27844.237124956355,127.47777777777779,127.47777777777779,127.47777777777779,0,0,0,425703.22714247403,494065.03868010873,760213.7348604016,676841.4961558343,785814.7431927536,1209573.7547888702,122346.35025155812,151576.00509837942,235554.7859267854,22921.045564200118,27837.674967875726,41995.585782304704,33774.50103633322,40213.57732232999,67354.3999538176,33048.362016461426,39989.44045056966,62245.62023235582
106,5,340,340,340,1417840.2136899943,1498441.148722344,1562827.003755665,46.07980694492482,48.69933733347619,50.79187762205911,1702.7081650333453,1731.0412582749298,1769.0261731940127,45679.32392681278,46422.79892723747,47437.06186787398,28388.556877853902,28947.948930078084,29722.715791959254,25868.659529037108,27110.9426522919,28839.747971036046,127.47777777777779,127.47777777777779,127.47777777777779,0,0,0,446505.631908875,517407.26189381396,800236.4450595828,703068.3105012721,815799.2608024732,1182145.5669889431,124253.71766791098,153631.8536931727,292208.826419787,22930.255885059756,28803.107202788597,40885.38118467632,34716.32567288522,41182.571937307264,65702.2529843522,34341.790123549836,40608.514127949005,56498.417671788346
107,5,340,340,340,1430572.9335430095,1510675.166186353,1598984.0952491232,46.49362034014781,49.09694290105648,52.51762305841236,1731.582391516005,1758.4973987412102,1795.4882309653694,46443.45572432636,47164.01625844226,48163.80812791487,28905.478152510568,29479.15168076667,30259.754747845305,26811.45895419508,28087.054352793188,29912.913065023888,127.47777777777779,127.47777777777779,127.47777777777779,0,0,0,445919.3641200205,514172.5757259573,733749.0207871733,715121.3126500819,848890.8103450745,1487029.2980065702,127815.50163094194,158800.2286753297,244524.11138681695,22585.00837031961,28348.755618643227,42354.336308684826,34967.79032666262,42102.77228615109,70580.6984486587,34916.43606010348,41704.08772116121,64206.78939607089
108,5,340,340,511,1454875.76294189,1538320.79755866,1687615.0951341267,47.28346229561143,49.99542592065645,55.7901137129727,1758.20537685968,1787.7003913037672,1826.832524017454,47160.589619233535,47946.233444379584,49033.4904159626,29420.505542632956,30007.522708344695,30800.92302546256,27728.182922652584,29109.608957313474,30784.41972645931,127.47777777777779,127.47777777777779,308.94240067648866,0,0,124.02462289871089,465560.48403383745,540530.73212259,791246.0616582992,730110.2557580837,874428.0445711475,1558590.6712172858,130366.93839294711,169883.68769069656,280713.26753160375,23517.24668697711,28825.023449419183,51333.36912682153,36094.584577575915,43626.058086128905,84891.00626020503,35186.78819506002,42709.684197096685,60202.44694808994
109,5,340,511,511,1488847.403043752,1577322.049611404,1692803.3585019917,48.49602884574214,52.615908420625544,56.232735990500544,1785.1070171512692,1817.080797548508,1858.404252921366,47906.607744179404,48757.77700632659,49885.496509963865,29950.211207481618,30571.00501472496,31418.08546471073,28756.500838101998,30016.804199812115,31670.48633897759,127.47777777777779,306.8404670139835,313.4521363232991,0,121.92268923620578,128.53435854552134,479234.3004900199,574690.0574253151,832531.3963107996,749427.2278527506,908263.762103937,1639386.9208876495,140541.93165433093,181087.4793012886,301626.2042168691,24583.788801880284,30414.801475012613,43202.13273483238,37582.9810814736,47105.34639323127,85127.27747526056,38053.51529525137,46608.54022770258,81696.73459118318
110,5,340,511,511,1554620.2536687243,1613745.929683465,1777794.8938800462,51.472229223002515,53.93764572455719,59.30653135111889,1815.8506668052507,1850.4620426022675,1891.9715420228638,48703.007899139426,49643.397159011365,50765.80322323488,30476.790104944484,31136.337246753523,31987.106952798327,29701.553345002492,30896.41362369993,32569.772742706708,127.47777777777779,311.5361529004858,318.5951566503672,0,126.618375122708,133.67737887258943,521854.08004519914,595431.0809206493,980811.072004178,815815.8048290634,955440.4730296669,1945117.066833646,150650.294816467,191108.05550160498,403197.46388721094,25459.137765856653,31015.85974093845,47105.055848070064,41121.30783018562,49462.36893214451,93185.47879313634,40924.87802613402,49467.424233287464,87595.00094282682
111,7,511,511,511,1582415.3413463219,1625128.9968212484,1734054.5619328846,52.93057772220672,54.36184630507466,57.93471690753834,1847.943629696459,1882.762777580751,1924.8050424836704,49561.50412915459,50505.107305887344,51624.845104716245,31060.51755978195,31704.337066281198,32562.882566243672,30562.798541387005,31802.818111844215,33510.20527721053,310.75102865231514,316.2472548340571,323.3370023844305,125.83325087453737,131.32947705627936,138.41922460665273,526697.3036941533,616700.5407576557,801257.1454564926,815551.9077056769,960402.5100674271,1539450.087417404,155746.09177864122,191386.46712009062,312569.2949309944,25098.902533411114,31342.512786103114,48377.944808502456,42621.08977287183,49437.907358409604,86418.32236260225,43182.50709402675,50799.9688384214,78216.68444618557
112,7,511,511,511,1592158.9032558703,1642938.9080139396,1763187.1735313623,53.339367962834416,55.011613072710865,59.10267827673288,1878.2823056040984,1914.6165942474033,1957.041475769554,50387.318375795134,51348.05135996206,52508.59136450071,31649.459639653156,32278.67302185392,33148.44591156981,31454.746076571733,32709.48628049576,34441.63201619479,315.61542410929405,320.9805866634544,328.135132496475,130.6976463315163,136.06280888567665,143.21735471869727,533729.6306159175,605070.2204225902,1036712.7473255533,831670.5084650627,966764.6154392663,1503992.3159894028,153993.30714994768,187876.14794384237,302070.2823008418,25168.158209540205,30978.939181496244,43875.467066370555,42096.032504705625,50314.09842344445,84554.07312780064,42088.040273911,50080.46165291755,91382.42522512421
113,7,511,511,511,1602636.5786375266,1660462.3987239003,1771086.9946558303,53.71461859582117,55.63756133638108,59.20994251657892,1909.4587016977594,1947.6717087594673,1990.2357487815202,51212.02414803588,52251.07621441488,53362.17325663853,32207.439028273337,32869.349918085616,33735.333246068214,32369.43495141625,33598.55348709253,35364.41597605758,320.5232747748874,325.7667196265604,333.01482704085953,135.60549699710964,140.84894184878266,148.09704926308177,532184.3555640866,604535.2367999754,936831.8445329636,850763.8581024406,999066.4308223976,1917770.3974098454,159441.1105065046,192320.76595147833,306506.8646934999,26592.389250186745,32828.05326898841,49271.621260719905,42831.080351888806,51128.47730454173,83101.69596455048,43736.4024751728,50617.9440326273,88633.49245505374
114,7,511,511,511,1600322.4935486806,1674342.4395992663,1845539.9284747364,53.69241564389943,56.12727940851321,61.673378957927774,1941.0723819944742,1981.0941533624061,2023.963327087523,52074.6423214313,53133.8139723095,54273.649950664476,32764.156368218904,33462.147291267276,34310.01214496976,33291.14345159655,34523.245018530884,36287.08589070094,325.1731030133889,330.6890270951579,337.9055548283462,140.25532523561117,145.77124931738012,152.98777705056847,521234.4034642698,614151.9449203551,902552.8961404925,834804.2501372297,1015960.0282178526,1534679.2932077406,153923.34420885876,197973.45773086348,420617.3968677176,26180.131039885084,31457.848231883523,47680.419250719766,43408.419916855506,51809.522298662174,85087.99709919895,42447.38604004709,50958.25904248684,84150.6125144019
115,7,511,511,511,1624266.7780652898,1687484.0263178386,1804168.6474664707,54.5194143055807,56.65919630972358,60.47480749562775,1976.3453775179282,2013.6462167401364,2058.3646719528165,52983.80650820117,53993.544894808845,55170.94633889198,33335.13029680065,34059.64588983091,34920.771342356704,34187.20724362529,35456.78438568528,37206.63503152289,329.812414179602,335.62900520500506,342.6945456525258,144.89463640182424,150.7112274272273,157.77676787474803,555126.4429278589,639385.3995721886,942210.5572112993,867073.2408465869,1032683.3537106917,1572297.5675969971,164784.00879084936,196837.34547828656,340637.596025309,26822.32083634957,32091.519546892687,50232.84249254886,44815.44969656836,52277.33366438189,85588.76691262174,43993.09533322814,52983.78208340081,93454.6826110254
116,7,511,511,511,1647051.4416937027,1701666.3804257533,1900672.4045435034,55.325846320979956,57.13429705324162,63.59585221534614,2008.2451234684831,2045.8571644872516,2092.779591104304,53875.457402342974,54885.02331019476,56105.011151249906,33920.50779454877,34667.688235766575,35517.9945955423,35132.35063594021,36375.592723092086,38202.437542531545,334.5705302511165,340.6081601930353,347.7842056307503,149.65275247333875,155.69038241525755,162.86642785297255,573401.6852989681,655147.0053607648,959960.9085837988,914274.8273839668,1086855.03257682,1787023.7451865384,170950.9069841095,207209.7226917214,403734.3499179993,27738.4732161813,34154.85258840296,48293.37473714515,46174.842288432745,54431.214876970414,90043.6766729669,47221.65104770041,54843.52509830608,94262.09359572125
117,7,511,511,511,1656369.6381241784,1709948.2809985948,1854737.7160821455,55.72745305821411,57.4640929368457,62.17176843864688,2040.6873954197022,2079.4360274139226,2125.3070139118267,54731.63294797312,55794.133238345625,57005.32391365677,34520.43584507595,35259.3139265801,36163.910881020114,36021.35060145342,37349.617185082636,39255.75784658321,339.4486760656842,345.6751797424992,352.7610660739636,154.53089828790644,160.75740196472145,167.84328829618585,569941.1768725619,652187.6327891971,983260.87706296,919816.9276096863,1062592.856669831,2114713.5578241195,168293.29274718955,206776.79066034852,349931.24872915057,28474.84447108062,34222.19935429847,54422.954801168955,46768.12932824447,55348.205034697705,79509.01037074966,45987.597802802964,53920.60794614694,93985.40019511995
118,7,511,511,511,1664212.496945574,1716692.6700370917,1881456.600770484,56.00985837599548,57.74985986739948,63.10181371296599,2073.9478619504453,2111.614081653799,2159.4477201770374,55641.123890252784,56636.11204769647,57927.629657518344,35142.704805347494,35859.64035824449,36780.75167598268,36896.89637182172,38372.908191893526,40247.46451252957,344.448076486744,350.6053938326119,358.1437017862787,159.53029870896626,165.68761605483417,173.22592400850095,561607.6337756456,657135.1347075399,992172.353936315,896414.9399048226,1057277.7922335153,1643233.0345749583,167445.58017334767,204848.78856517284,359559.8384749656,26960.283871680247,33064.43507321953,53874.53369615508,45448.01979113964,54224.9050711585,84159.86700482742,46236.85844120622,55255.68769084954,87535.25513039759
119,7,511,511,511,1668189.8912878137,1725205.8068596967,1886473.0873871148,56.17989554289744,58.11426531677508,63.34540852436294,2107.168146604674,2144.516674220841,2193.176772595584,56558.17271958756,57548.913534276995,58854.248833326084,35761.49112712889,36499.67244964831,37422.19823840265,37962.91257238482,39376.097008711884,41241.3631579361,349.63365115567353,355.60811409648187,363.2840417443001,164.71587337789578,170.6903363187041,178.36626396652235,554404.5003536012,645783.0820162591,892509.2618515983,895985.6450466608,1047158.2613702483,1489767.4932007731,167079.72143378254,202014.20940507564,343875.6631239834,27440.881215497662,32768.840157987,50539.22131092351,45082.5070502835,54689.366773278794,91797.81370462969,44921.26499006081,52691.92110069633,74854.3374745764
120,7,511,511,511,1675204.4551592327,1727461.517832552,1867762.6313637465,56.495963847768905,58.24070153727114,62.70740601543402,2139.983105773868,2177.3891483468246,2226.302349333102,57388.58339797726,58450.79863855205,59751.6862540065,36367.835813230835,37119.53683074146,38031.447684138184,38919.07860451084,40383.60242544161,42290.63713798115,354.7902038371852,360.9417148581803,368.6294297644665,169.87242605940742,176.02393708040256,183.71165198668876,570202.0951254832,670810.6492245237,901515.26909112,928854.5718876577,1102487.5265674796,1806691.3380785543,168121.87399888725,210535.03143782789,367844.16767235706,27744.496265543494,33572.44226951652,48343.10305416218,46873.72115153034,55480.68110474421,92584.17347863037,46031.163940233266,55881.14888707055,77568.43530319424
121,7,511,511,511,1687591.1773651312,1742217.7621236807,1913180.9084602427,56.88806811318738,58.754752911588454,64.34130214634031,2173.623514264661,2210.3322554825127,2260.967031664849,58340.43074243053,59339.85723203681,60670.10464457884,36984.828977714635,37755.11398971818,38679.756476706025,40270.90886376149,41698.99578304817,43650.90573193837,359.84307622136805,366.10725136728996,373.7065084789293,174.9252984435903,181.1894735895122,188.78873070115156,577388.9882366195,666447.5069460858,1269118.6735305677,932497.8968015559,1090413.193709449,1731899.3809099253,170462.9730027632,210439.6915509147,399824.78009828366,27013.801703822064,33794.751550229514,53968.67250885087,46749.17457284453,55717.46955086464,84894.20698681768,46540.795196896746,55639.24343158035,78618.4638977973
122,7,511,511,511,1689263.2839558257,1748364.8584246323,1907379.3605360817,57.10267439561634,59.02106474686443,64.18076465753414,2204.8592454876975,2242.296129117126,2293.5775027711315,59177.62200882139,60208.70031194271,61612.091776741196,37628.63193574076,38390.464224251366,39336.78497707371,41564.43318281602,43045.45522089944,44964.47296984012,364.98468592539973,371.4037276920959,379.10908175032796,180.06690814762197,186.48594991431816,194.1913039725502,572939.1001646799,681455.1747799896,1096570.899734718,932158.6493511832,1123251.0348235762,1664172.97180955,169199.80234256136,212248.74898243358,370007.6723687795,27432.569356646545,33684.21959484005,50967.82329064606,45911.2614886848,55491.693815932595,94132.29724322996,45300.43087299102,55319.40357229097,78823.33454364243
123,7,511,511,511,1698615.1820318552,1755667.5326908508,1918738.1022233572,57.48153649329474,59.3176915699397,64.60601162333039,2237.1036279812424,2274.2958720871707,2325.1353438243236,60081.9769404846,61091.406848810875,62468.409546215975,38246.768272098256,39016.23280422407,39965.4317674558,42880.49139907142,44366.25517633083,46297.97726927794,370.34971057561745,376.69831297987247,384.584319253392,185.4319327978397,191.7805352020947,199.66654147561422,593159.4986969382,697888.6206679556,932963.908816595,965230.9951744127,1167311.349911739,1899895.6049940893,170861.71079337783,212937.46237232894,364000.24175911385,28317.642881379656,34391.89512427061,49806.16039688983,49368.864698027704,57987.01377261746,87686.65898879158,48141.06182707294,57738.47240157884,96990.67781652664
124,7,511,511,511,1708142.3893651832,1758256.1584135878,1919109.7630664636,57.8122906720684,59.46812919082349,64.74115889772656,2271.0105370300234,2306.4347748065798,2359.0420914923507,61003.78953642528,61984.81726949767,63394.70459427344,38863.80326074104,39646.80569558959,40601.68209016642,44057.33966330753,45537.42886167747,47457.28787243019,375.5008467119299,381.91305114631166,389.8230425065761,190.58306893415215,196.9952733685339,204.90526472879833,586971.2115158362,706839.8471356019,1130433.8637937875,983575.2612687652,1158384.4524355342,2043323.3300364173,173005.8024420437,213024.0818541687,413577.357737014,27604.269081355826,34652.17708462898,49410.80923740752,46934.83088977911,58227.81266880875,84615.72843264199,47894.88614251049,57199.33231614763,105678.7003602769
125,7,511,511,511,1718488.867295029,1767649.5104935567,1945851.5956928825,58.26567972160138,59.89314704031541,65.60722685564964,2302.7191448898766,2340.585409429873,2389.6880765713872,61863.017823510556,62898.73259781512,64259.13449405262,39494.40901255769,40276.859627307174,41234.86079760786,45230.763631280424,46742.24528687013,48649.764105072354,380.6428049506198,387.16782524102433,395.1251285291646,195.72502717284203,202.25004746324657,210.20735075138685,622527.5668292226,735480.5428809569,1105159.8488590806,1019608.6523876458,1235310.1639829422,2109570.4688355234,183306.98757268736,223639.8122682606,345336.8078029326,29120.789954371514,34901.395558900076,64455.23392558693,50022.4084555595,60679.548960996355,85652.55704880647,51380.48285842769,59737.305825302625,98864.08808109998
126,7,511,511,511,1725015.0482129771,1770913.7595770487,1934092.1084670715,58.509510573318316,60.0062770030414,65.22598817843149,2334.734985913592,2373.5249427320305,2424.0964749608866,62743.89627908538,63828.30435221891,65163.14163837232,40134.87304017331,40920.64515363724,41874.129171388784,46403.46469392821,47931.20710465245,49872.63540290375,385.8978528824252,392.4182746720042,400.40161775784327,200.98007510464743,207.50049689422644,215.4838399800655,631767.8801404525,738029.9710019599,1056008.8547370364,1084979.1592963838,1270920.1558328925,2228204.0412951615,183947.44021270468,227792.4308443396,455499.6917115445,29156.807492729033,36106.23691864593,58503.85503279566,51626.66615680453,61060.322950749665,93742.89252732876,51848.530507934294,62497.85960797943,95332.73435372346
127,7,511,511,511,1725574.6219667092,1784037.6478742522,1949771.228161856,58.58132351461884,60.47281406855281,65.93333707356754,2364.9849155953398,2405.454138651792,2457.4485107560126,63602.46612910923,64700.30942779424,66074.53690284565,40764.80184275524,41562.967019598,42527.34545622993,47704.144336755126,49135.74488372232,51159.05315077675,391.23505311255536,397.7831540580881,405.7288542060176,206.3172753347776,212.86537628031033,220.81107642823986,621375.3907580503,741750.3534568904,1148975.2502017738,1043349.1363620084,1265453.5506428294,1957481.8723103656,186305.60304010514,221939.6389805629,338381.68634236796,29427.857532297927,35203.84021281137,50402.93753115202,50853.49385289331,60052.94413782542,100490.57539468545,50805.15642301413,60108.6919928932,95803.21534138481
128,7,511,511,511,1731943.626381154,1779274.292413692,1944556.2169369173,58.836336120442766,60.45180762371414,65.79080569532982,2398.3995757216235,2438.883599340374,2489.336324205814,64488.018230302325,65600.78252738084,66965.75649280919,41400.11721197946,42198.19846187004,43156.60526355063,48884.47989192433,50375.62133850969,52365.09874759582,396.4844598007381,403.1358362744278,411.1723232463605,211.56668202296032,218.21805849665003,226.25454546858276,616462.6164564142,734055.7482340123,1079986.9526833054,1060730.2087246934,1259916.173541496,2155953.3998429384,178876.78287607263,221610.2939731935,364537.7134063615,28636.317478833782,34907.10431975487,52835.259997158064,50773.04406860187,60303.906186034386,86106.0613612951,49577.51482371613,60113.54482479811,98751.55993819387
129,7,511,511,511,1739883.8034768729,1795191.2952714055,1969624.4172627062,59.14263354228312,61.000492665240024,66.66263329770558,2428.2644166669406,2470.7615032750755,2521.053523312813,65382.016728939474,66470.33783593321,67836.0942146821,42044.40722165956,42825.328310787314,43830.188685184155,50110.95083899647,51594.78049234181,53623.545991903185,401.7787545442732,408.42943162669474,416.416154974033,216.86097676649547,223.51165384891698,231.49837719625526,604015.2555872273,713273.5082018977,1137450.705163842,1039481.4690484378,1236783.4164659118,2018986.050007086,178440.34962762133,224594.7389152926,403704.84886619664,28213.788978623765,35242.50266005035,55884.68764153989,50423.66040837426,60617.62456974982,95883.85179928967,49906.24358017,59371.89711248266,97211.77834926294
130,7,511,511,511,1743078.596766169,1802956.8605656377,1948626.9350932187,59.35983702937823,61.3062908351619,66.07702011692206,2460.7943965893155,2500.4792503424837,2553.650839431371,66232.44310626239,67309.25180585335,68752.74427144765,42711.806505642126,43469.524198077386,44458.88087091766,51285.13350223184,52855.78632496502,54894.920641052864,407.1478379582741,413.65551370100536,422.0293501543124,222.23006018049637,228.7377359232276,237.11157237653464,609281.4736564734,708203.9169020664,1034699.0843477172,1004721.6316372133,1220399.5392074408,2390803.6127729304,175853.99996691113,221585.88691723102,433471.47225146584,27414.32890034874,34660.38441846616,52204.12300648702,48783.059732612455,58348.906898197136,99963.3211589735,49326.14625537212,58951.224911946854,89779.0280523415
131,7,511,511,511,1747906.9917247412,1811681.0376366035,1969429.542054003,59.53648342514836,61.655720786262044,66.74625612467081,2492.881291838584,2532.6441950292647,2584.191365757205,67142.61633691224,68211.9182012145,69630.03895482127,43361.667443572194,44107.64745803497,45108.36129196387,52539.979488690646,54119.84649735437,56192.35015970983,412.70949865812884,419.023812761756,427.2684517020916,227.79172088035108,234.10603498397825,242.35067392431387,643797.8551074266,747886.7771922465,1143461.7317805993,1046032.6555349911,1279591.2254104826,2274450.6638608924,181133.13811543543,229793.7036709809,418081.7513704881,28486.705557065452,35735.95053693049,56547.11192820134,51060.808882261,63223.93937517344,115130.19354094035,50592.19215275793,61528.3305294817,102494.76300306719
132,7,511,511,511,1759804.5694216108,1813497.2564682423,1975959.8944408172,60.021161160184484,61.768691192768834,67.11811480890371,2524.9843377296597,2563.48965730586,2617.7701425615455,67991.56561398903,69039.18487135455,70536.66525572215,44031.25609522942,44749.21610910245,45747.596484018795,53830.40278488684,55366.940729527865,57477.18032735825,418.12500647421274,424.34150659473585,432.68078854414335,233.20722869643498,239.4237288169581,247.7630107663656,619816.5302182051,743367.6231483537,1082990.4295250801,1058548.8448576317,1292736.180099789,2381050.367659687,176677.15852529075,222261.61404018552,398194.6046474789,28011.159890481802,35693.382779816384,53029.58328426151,50749.77020160607,61647.21361261652,98636.4574574863,50567.04263854069,60261.3287117575,99191.56250346631
133,7,511,511,511,1759025.5583502345,1810366.1670057043,1971744.8488385018,60.052123833626304,61.72979588890618,66.95407875762578,2555.070823144991,2594.3261020686246,2647.4751978789945,68857.8293615354,69900.11382613503,71389.88570312149,44656.55871742189,45423.90770310706,46378.57493601245,55056.98416263416,56668.10344756893,58769.657330291564,423.70491190468965,429.6879120202982,438.0077484779344,238.7871341269119,244.77013424252044,253.08997070015664,619928.6119945527,757222.3151068634,1218500.6840858238,1067214.89083797,1368106.4542164577,2754417.3395893704,179049.65417435553,224505.69084996637,403314.85470933776,28522.68560132927,34667.79838892546,53670.884078045005,50813.34603922518,62289.537726127055,110183.78132622832,51045.08449030586,62558.2154484001,120098.4362652376
134,7,511,511,511,1765331.571781786,1826672.6198507622,1966228.5501286571,60.35328703476274,62.32417574810873,66.84885121833176,2586.8438390150836,2627.180423720817,2676.996409777647,69697.56166278911,70785.98028608957,72217.85587757018,45288.30604870206,46063.17741838889,47052.127964109124,56366.706563143765,57953.387823002806,60113.95465874049,428.91576708962685,435.31034197033665,443.26590224454816,243.9979893118491,250.3925641925589,258.3481244667704,619096.865074769,741862.3054606214,1021225.8048767208,1080712.4496966177,1318231.8285239271,2348498.06265383,178565.01408975385,223481.31747697562,407128.2784616669,27409.481820391204,33848.034451914195,50550.30579944002,50801.67456511705,62596.82386744282,100441.0437807915,49412.55221021382,62946.33377753692,90157.0490119973
135,7,511,511,511,1770141.6607417392,1827283.998693946,2029143.4510942039,60.54566995162309,62.449451390760785,68.9875776411117,2618.4328684910897,2657.936957452866,2708.802438938395,70595.1976776958,71667.91299202702,73052.64051787704,45943.92459783873,46712.30935323571,47726.20409105009,57584.65968050547,59189.48012734371,61320.232796521756,434.1803281836283,440.6375895976852,448.8788441453538,249.26255040585056,255.71981181990742,263.96106636757605,599993.0875749355,734742.7067298997,1115172.603279161,1069736.727985914,1323270.552971403,2687658.523124627,172875.4578735791,212692.7234966088,409995.50097229035,27020.08260103755,34119.90953671125,46022.31044820189,49781.23642291035,60894.55182051985,97723.79311365022,49245.36902320988,60456.955894847604,98312.07066565368
136,7,511,511,511,1778149.425718478,1842390.0026117528,1991826.393187435,60.80504720461413,62.96104558421217,67.84781953986915,2649.3277217482605,2690.4616882661944,2743.9857733498993,71431.8204871604,72538.5361444987,73987.57743578794,46582.04946814205,47365.86761307099,48387.388900133796,58810.42688317121,60414.50230539809,62597.995777516546,439.64381609310055,446.04702238807533,454.49614520319517,254.7260383153228,261.1292446102976,269.5783674254174,661868.6826654973,800240.1609317516,1264447.1779219154,1129223.8699871893,1383252.0167709144,2082748.8936022122,187748.8591903032,240987.29894187127,380170.4841204618,29182.188905180024,35874.28645041584,50251.74467399958,53710.533768332,66424.95321090451,100455.20389110631,54025.83770494068,66128.13653842702,114342.49429338689
137,7,511,511,511,1779451.571237695,1848273.6932941203,1993024.82918169,60.99655100457109,63.22756293241843,67.90011990719958,2678.2615303003627,2722.549430335919,2773.7425825047144,72253.09967846818,73425.872193068,74814.72997834948,47239.55591036234,48009.765943509,49069.063800208874,60016.657163450276,61680.162058673544,63873.17962538094,444.9615233456282,451.493341220036,460.00601861222606,260.04374556785046,266.5755634422582,275.0882408344483,659318.6621442053,792786.9882701827,1178984.8555237525,1144232.8561374394,1395997.9478818881,2061003.9084571686,189905.61440021734,241557.7727154497,449661.0545036445,28476.097581722166,35266.68074083103,55197.134705178556,52309.14205038932,66231.13496664668,111721.40191098038,53879.360432137575,66176.71853647962,112116.60060514524
138,7,511,511,511,1790196.0839937443,1853093.1869146975,1981855.8563876802,61.39817471417478,63.51221839953225,67.67589755116451,2710.340905379234,2753.136078626747,2802.711093002681,73131.06474544603,74269.69335853471,75605.41695019166,47888.736187501694,48676.519846792566,49693.71948936883,61296.2876594441,62975.28292096595,65182.25145150767,450.4407436974639,456.8591606403528,465.68664277951837,265.52296591968616,271.94138286257504,280.7688650017406,663260.2394371168,798573.6639740114,1058647.921496249,1147168.3380812928,1430218.5450405846,2170010.991147128,184543.5144134909,232141.9514538791,416578.3414760177,28268.677195011678,34919.63883994526,53620.77923870563,52822.861569457345,66009.27412830837,125947.28413572961,51992.79644176909,66234.53063857577,96317.02914907646
139,7,511,511,511,1793615.194171404,1858388.8321735184,1990063.2194598906,61.54813748527459,63.67073365517107,68.02843154562925,2742.0314750631073,2782.292496924646,2831.9279669625685,73993.33295644258,75081.62891926231,76422.59484590469,48536.21887499001,49321.14155905632,50340.82187592203,62561.700360538365,64258.73555452885,66489.80196644858,455.8505793402919,462.4154431677158,470.89210685585135,270.93280156251416,277.49766538993805,285.9743290780736,707974.2832979935,828833.5987046737,1164941.5940403708,1241278.5332956817,1523403.5881418346,2908795.9166960325,198003.42574039593,240517.936442231,404406.5342159604,30205.18770324167,36579.692065085095,52417.77369705584,58252.62301069398,69873.01421669977,135098.80963501232,57719.186000212234,71164.85478848177,143279.22224383467
140,7,511,511,511,1805148.424638781,1870231.331684566,2028442.6907044388,62.0116110821361,64.10596839463405,69.26256472048999,2771.2040071333918,2811.6406890942153,2861.3494874901526,74791.89912252428,75886.49819022273,77262.05849537403,49180.363438888715,49975.56339393856,50994.28739369528,63823.311744145576,65555.94995570599,67859.19349235694,461.2462684026945,467.78729076991374,476.2846267437947,276.32849062491675,282.869512992136,291.36684896601696,703677.1689478117,829613.5946098111,1239987.3333061351,1235360.8090803793,1528748.4389987988,2563557.148876749,193112.52678072013,239104.31172236314,365346.7549868212,29887.62225771044,36103.07142985503,49105.34147725772,55836.55889106012,69002.46271858383,96028.01434618243,57571.23485973663,69492.4422151347,113671.04501640215
141,7,511,511,511,1819032.4594596722,1880857.3920732932,2021937.010315149,62.49374535938837,64.5172686099741,69.14651460151693,2798.827720130087,2839.944572200845,2887.8179543193605,75562.03803069699,76664.76446650212,77990.40551165299,49807.164665950106,50628.68353634909,51651.25831617011,65107.782357743694,66882.30380278674,69187.5078492959,466.6141397685171,473.2408060605991,481.73017272523845,281.6963619907393,288.3230282828213,296.8123949474607,739563.4032385104,848754.6600488481,1497313.386701579,1288476.152287433,1534977.1319204606,2576040.1829643957,195661.39313752708,247105.0223731679,423394.81708930054,30737.564246426817,37603.18695288421,60771.093858534696,57759.28689014354,69913.08331234305,93140.3453862846,59390.617170947764,71406.28771486715,113893.81083988481
142,7,511,511,511,1818389.7183715324,1882641.712912824,2010479.9245161198,62.553732860442366,64.6828487570465,68.8192527030528,2829.2343479462893,2867.4369124311365,2916.7170855184077,76373.98874842084,77413.7205577632,78794.90979110071,50442.56352184813,51274.84831641299,52296.39328953099,66466.18440656089,68227.72214102153,70469.72323933025,471.837483327362,478.68347391402017,487.2049304125287,286.91970554958425,293.7656961362424,302.28715263475095,713543.7439360231,831857.6072640615,1076569.8666724032,1249941.611471959,1518832.867380359,2227411.316434141,199849.92486919576,244678.9425212016,501541.0528571173,29932.383320462322,36850.594864772764,62178.559993979696,58196.00347335927,69569.91340814545,157424.91701504585,58395.31890948314,69326.21115501104,109937.74603987893
143,7,511,511,511,1818060.8903995296,1888931.8794104287,2058614.1389959508,62.608209175740015,64.95078020868223,70.45352161963568,2856.7811198471554,2895.743608250161,2946.1744089593067,77141.08354832172,78193.26635794388,79587.87112037552,51089.61981520639,51918.46346315809,52966.82683188866,67793.295032216,69581.01302075162,71879.27016547266,477.13247379317886,484.06818041455267,492.58105519053606,292.2146960154011,299.1504026367749,307.6632774127583,711474.5144291316,821202.8890103461,1334904.828648916,1288598.4337040843,1537748.8702223578,2343558.128576283,193693.30207149772,241971.11280712392,455715.5302604373,29334.59501812995,35079.72350840234,54071.914140979665,57267.417837897876,69034.95803014009,108874.12333406085,56992.68243295057,68565.40269760831,101394.51313725667
144,7,511,511,511,1833056.3774302306,1903018.1280776158,2041732.8510918757,63.15426198379515,65.3886806571763,69.97418149653721,2887.6224979922054,2923.787594902993,2974.0458209323438,77960.34924708666,78974.0540927503,80347.22250261465,51735.80077125965,52568.271002325215,53590.60023455757,69109.07088594425,70924.52837501776,73284.95932289153,482.5246095711643,489.43163997076186,498.16800137684993,297.60683179338656,304.5138621929841,313.25022359907217,706489.0668836117,824180.4491034615,1355040.396875851,1241589.8926099895,1496307.9017554906,2576761.3249486596,193550.78676294777,243859.60994729865,479814.26077818417,29344.103630921425,35990.24649744746,59915.02605166777,56614.29955069239,70014.65683391893,111740.95077077879,58002.24861467751,69706.8546010338,141099.87578062338
145,7,511,511,511,1841041.4084164184,1906590.4678757626,2086631.2179874522,63.514964925988984,65.55758877788452,71.43048357122944,2915.6388198350023,2952.4523956677485,3002.9582664953286,78778.25811146492,79782.6176473778,81147.45987222329,52399.21035968455,53210.80799200023,54269.37953992522,70460.82300146236,72318.15244927362,74673.39784831973,487.9094508716082,494.84670279715453,503.36611306575753,302.99167309383046,309.9289250193768,318.4483352879798,700869.4427717108,825153.6252798253,1230477.5296447235,1258547.1057516162,1506330.9202141294,2190752.264969269,189471.21783923943,233289.94914200765,435761.30930442014,28791.91789966377,35296.76593614333,59943.76895560128,56444.216698975695,67610.57304530761,101505.5991588161,56250.391371239035,69128.99777492443,123796.8716368813
146,7,511,511,511,1847436.1263529926,1919900.7797579367,2055960.251810246,63.70314561628753,66.09063318336058,70.52436970837522,2941.47267675825,2979.70389595953,3030.5368480899365,79491.35273945563,80522.73481959505,81895.7732329645,53069.60299129467,53873.83914424019,54920.275510481835,71771.695353617,73698.16303621748,76116.28960254359,493.43786410848236,500.201177711113,509.0226072771546,308.5200863307046,315.28339993333526,324.1048294993768,692083.6682054619,809500.1119565312,1192790.0573195948,1239694.3647940534,1512954.5160774065,3385958.51165028,190246.6690653854,235145.83522495074,367180.3414921931,28677.417842567604,35389.675945728675,53433.72311759165,55617.01568114996,66908.02132719943,105867.28129721875,56319.04925035713,68397.83305618858,134404.96630597848
147,7,511,511,511,1853976.4786439969,1929978.607283904,2111082.7210885095,63.97720764940333,66.56074715878691,72.50291961226922,2969.288634603027,3009.302444378122,3058.1526993644575,80255.15280454815,81333.4080874678,82655.64345893584,53687.83805425065,54528.107065851626,55553.26208201083,73236.22939873402,75117.25094237881,77631.1259556912,499.0244693719,505.7264373131127,514.4467403651264,314.10669159412225,320.8086595353349,329.52896258734864,678951.1418632705,809519.6724829784,1504452.3367923845,1193231.97283195,1494361.3506160348,2527513.074209086,186665.97491569576,235853.8752937289,455460.567574271,28013.561428731704,34471.24299915404,53401.954525928464,55615.017176770954,65111.489356862505,119522.31744014577,54918.817004684395,67422.50072025017,114358.2801974773
148,7,511,511,511,1852139.9440654893,1920109.703867326,2059871.6633006984,63.95697511526965,66.28759568377859,70.80344098007996,2997.386569885877,3037.4571318068124,3086.0767561712228,81033.57415850312,82117.50828891832,83446.56548827817,54330.74537941804,55157.82852535215,56216.30321833838,74579.60820785744,76540.79628627539,79063.26265230545,504.17642822986653,511.17866999320796,519.7216284612014,319.2586504520888,326.2608922154302,334.8038506834236,658773.6982390335,783483.1150011878,1337306.6704157435,1190948.9691469555,1435300.0210935753,3315931.5989568965,184098.08024738258,224724.79751280928,393765.0610969039,27810.800363490504,33384.436511568885,49335.279545009274,54526.211773722825,65645.92426226837,111819.68417066845,54676.71224397465,65942.70601447934,101143.8218993917
149,7,511,511,511,1868185.5127561837,1946855.0165625163,2086175.5325028172,64.6457557536302,67.24500353203284,71.81691477651881,3025.8420010207938,3064.7730278127815,3113.965182391862,81812.13052556383,82871.87664860877,84192.29729437822,55019.51232858334,55814.41359339657,56885.66108072995,76025.98594636009,77958.03869724051,80538.61952980551,509.5339892729281,516.426348822379,525.246971263931,324.61621149515037,331.5085710446013,340.32919348615314,698460.2059950333,814354.392227957,1188199.8652182803,1262293.89690968,1539967.966638976,2555767.799930158,188071.731616007,237338.99582095552,387156.00885677984,28593.14428897208,34902.551067116656,50133.285401724774,56807.32440513631,69354.19797008068,129287.13955969672,56884.03406508544,68176.37722282,106731.61577453159
150,7,511,511,511,1876135.2252842055,1945057.0707687375,2098785.3785944656,64.93870939846684,67.19494940308174,72.13592488711886,3054.8472509000408,3095.198721858869,3140.801938703386,82591.9385765235,83676.76548565555,84963.15761525386,55664.50918041305,56479.81100693039,57533.7820104526,77473.20479229103,79463.16379526224,82022.46936975101,515.2737138493056,521.8978910560826,530.8249534505273,330.3559360715278,336.98011327830477,345.9071756727496,709028.1085553032,830497.9435808809,1428307.6832859816,1261512.5332254516,1507944.480410289,2719231.240057475,187161.8964422555,230722.54073992296,396128.2074407893,28208.13933376005,34212.01596460503,51013.90749453085,56532.7076612731,67322.67297767336,114845.12219686653,57077.76294722445,68338.63232379935,113749.29867310617
151,7,511,511,511,1894283.7004276747,1972417.269399589,2112790.675577904,65.56311231347546,68.16745964298715,72.64604208994884,3082.7104674346915,3122.581619763377,3171.0419236058606,83335.53970398485,84461.06352037193,85743.46750683937,56295.85205481645,57134.48824129012,58181.78621014513,79186.09849575597,81225.89513886214,83747.96605578501,520.6486876145532,527.4428695021977,536.2259611982162,335.7309098367754,342.5250917244199,351.30818342043835,675233.0350802965,819959.7784245786,1207806.9859042051,1263081.2047592874,1520242.4674496173,2556080.7521805703,185894.47409397454,234132.25793280746,430799.64648742,27662.65931782802,33933.28497628117,49683.62448359468,54577.14102786803,66637.59735400067,98028.44161260391,56101.42483285277,67356.57074179348,102890.7574642272
152,7,511,511,511,1889120.0135342584,1965262.804917213,2088960.3181869965,65.53683522085663,67.9657514708869,71.98315364293768,3113.206928417439,3150.92802848669,3199.0247707772623,84162.3727638706,85227.8055209879,86520.14564324579,56926.841069105445,57801.85889571172,58875.68344397974,80884.71642919454,82980.70244532802,85505.34737230076,525.9098782345816,532.8985131218622,541.6259961956539,340.99210045680377,347.98073534408434,356.70821841787614,692332.7225605237,824958.6439351776,1274762.7846887885,1256563.24200967,1553899.8075943266,3004965.9251474263,192268.2920064857,232322.70237372752,435724.6280170485,27822.225226779145,34474.98523824618,48241.24934466432,56403.78210351333,68461.48173910935,124583.30818016606,57414.44124745008,68526.0744446424,116622.59871060337
153,7,511,511,511,1903408.3278181236,1982133.1390449314,2123980.2017540094,65.98628833861561,68.57287582161277,73.19143012291636,3139.8183821206867,3179.1343503203448,3228.5634600241597,84969.07720073187,86005.11893304567,87329.83186348277,57572.354323984146,58460.04484778619,59516.00977139381,82635.83882740882,84689.74824608058,87317.46076801764,531.1681200203232,538.4599352420421,547.4084731442756,346.2503422425454,353.54215746426433,362.49069536649785,692711.4839978016,815713.2116349766,1247467.4377512073,1256339.9151535877,1548431.884900466,2456923.5886116847,186581.21135330806,239571.58669032514,388290.7977747045,27670.099485106075,34424.03163251929,56199.75066945224,54352.17651004777,66484.88557025517,122297.31088876688,56184.02313652538,68025.02542647623,137337.8691771283
154,7,511,511,511,1907620.4719233434,1982339.8897333383,2123733.53863487,66.18367340996065,68.65435102928205,73.2314696185022,3167.1005059361537,3207.703230092878,3259.6133314730237,85712.03169459659,86795.26272491721,88165.31674255026,58226.43694001609,59124.86693205441,60170.78719693569,84228.81709324327,86334.27574032942,88938.95543786489,536.5473971443123,543.944818175996,552.7445258727262,351.62961936653454,359.0270403982182,367.8267480949484,681521.8170116165,826344.7427155853,1478363.8566655023,1242255.8406828963,1549893.9619582295,2271426.0060409694,186533.521319255,232359.39027961186,405155.01907600154,27663.53496628483,34419.10406469537,54478.09023530035,54601.12028979764,67926.44722719426,101950.73673792384,54707.571950004596,66444.60586113068,99110.38681613063
155,7,511,511,511,1920259.4416225252,1991760.9519660317,2116599.436610794,66.67739591890339,69.06696455719901,73.09303658430845,3195.691993161407,3236.3617275008487,3288.3329277266575,86507.59337134047,87562.17107854181,88942.81321174937,58893.177189035014,59769.739367566784,60834.111466691764,85841.00127793061,87977.06520453091,90611.35245374076,541.9980856112452,549.4850022115645,558.2010044189086,357.08030783346743,364.56722443378675,373.2832266411308,673755.3219476145,811143.5382292395,1320666.895789896,1259040.4194859737,1539194.6123036537,3292751.263968791,177291.50144072287,224066.67213408902,344937.25695483445,26904.792661548614,33307.13947861474,48133.15657903895,54289.13312226504,67450.1161962151,118751.6913934369,53984.00420560879,65593.50812933972,124991.20209719258
156,7,511,511,511,1919065.0515880405,1999844.0453487707,2151997.67323342,66.70799788270513,69.3625213579845,74.19459755665522,3226.70027487695,3264.1733292575145,3316.81737400689,87324.01349695156,88365.00885430677,89724.32920679574,59579.65927872785,60434.38662361464,61460.65645578738,87478.86083604334,89653.17476509792,92225.38269535787,547.5542543530696,554.8589391741676,563.7287066668758,362.6364765752918,369.9411613963899,378.810928889098,664699.3532628831,795963.0095932713,1143596.4853897558,1213216.140652471,1474105.387131686,2366758.3794318587,180505.9970794078,226733.3472880006,394097.659036291,26559.880961048264,32621.754980164176,53161.327370231076,52973.013154270186,65092.639870755964,116571.80064692695,52359.85728095183,64561.39085699258,112964.18343335467
157,7,511,511,511,1933311.153904245,2016303.1244250245,2206717.263158925,67.19400146087607,69.97346430487899,76.13067011753594,3255.560728647785,3294.5233533455744,3345.1673495911705,88117.02235431374,89160.5872293944,90544.52088247013,60265.99147886537,61100.070868575356,62150.41999181309,89157.42331913911,91336.55199532557,93912.7647707027,553.2749384338432,560.3976663078998,568.9499149093393,368.35716065606545,375.479888530122,384.0321371315615,727664.254128161,860207.6822806022,1357620.9636961368,1334995.5912320341,1640587.285907321,3167458.3509497326,189069.51185899717,236470.78107205644,479562.3268930974,27709.792022633337,33763.69442571034,48687.658103773276,56846.57064005564,69584.01433094576,110612.93668665743,58087.802013172186,70839.14303156831,130621.24705055701
158,7,511,511,511,1942839.0729841213,2015058.9047105075,2169278.3077774197,67.62418174282713,70.00356838075079,74.98749018037626,3283.857315874394,3324.9679148757295,3374.302502272056,88885.65560568692,89994.08891473725,91385.1889069255,60916.65297341897,61774.273018798995,62856.146745762715,90812.3547049452,93014.01304190565,95581.84724071168,558.9943734349893,565.9450350159058,574.6979443762202,374.07659565721144,381.02725723812796,389.7801665984424,704136.7482835349,864476.6307410971,1205841.2228704754,1336972.573757147,1662946.3126971913,2489974.680726521,192830.59337702056,244407.8150784958,470737.40496396914,27558.21673443047,34573.908401587454,53119.13620037644,55846.749760200466,71598.728643402,132727.38753387108,58090.359283335376,71287.90074797151,133517.35647927932
159,7,511,511,511,1950569.8896379885,2027140.1468208905,2176799.1618123786,67.97568190343428,70.3811965473337,75.31001459721315,3313.1523592389613,3353.67245195657,3405.844380106892,89667.97905292391,90824.36913459684,92196.84226222,61574.392785073156,62445.530188739875,63514.84602080681,92481.60366776914,94658.79496819079,97294.13276080624,564.4165525562692,571.5633862677695,580.5790006591338,379.4987747784914,386.6456084899917,395.661222881356,693590.4985740669,849386.8471959748,1274917.793098996,1351797.239533226,1663380.3138401592,3484487.530320643,192852.3724690731,233756.4991678318,409026.18117267644,27354.052691714507,34098.05876015343,53983.39983941546,57759.90610782303,71138.25348616224,150388.34223006165,56295.15395560838,71293.94784271045,121335.70255141534
160,7,511,511,511,1960765.4374244076,2036802.4074188478,2222754.9345580256,68.34255861459012,70.84277837683068,76.85340085344012,3341.804573565278,3383.4604659459333,3434.1844669996894,90470.985826739,91597.47070650796,92948.98719148278,62239.99752396333,63129.935321281744,64205.07990606685,94227.98449868456,96345.45439302895,98984.67045999534,569.8977176533874,577.1571960172768,586.0681612845012,384.9799398756096,392.23941823949895,401.1503835067234,761263.4528641232,898159.0807256391,1401851.1113973234,1460781.629756898,1749907.2583804342,2934466.77250929,204690.74341908214,249939.80339236348,436284.32308365154,29439.482858561103,35830.72333565719,57244.151120582894,61766.93892091363,76029.14384741495,120834.84807537035,60962.35780883119,73499.84611366484,114967.5908455688
161,7,511,511,511,1973758.3522031312,2048690.0304616997,2196470.197507493,68.79134212972002,71.30224514582834,76.1553326802351,3371.5965172976653,3412.1207193135847,3463.6406394366536,91310.78446985419,92395.29007632607,93841.08163188711,62905.35221948307,63776.76214288103,64899.436487148894,95898.05689189688,98110.94325664792,100780.30615696764,575.4444238108056,582.8605721217924,591.8201103283349,390.52664603302776,397.9427943440146,406.90233255055705,799748.4409866212,918318.3684782466,1294420.3246467016,1485185.4190222998,1769188.4085588655,2957720.6138687115,208445.31735101368,256687.45842144903,436249.25650018133,28548.722194472255,35274.37821651584,52018.1989382697,63147.5501711922,76372.67644676716,142877.8912395925,63591.5463971359,75825.48793890447,122010.15955122134
162,7,511,511,511,1988155.2212698364,2053821.6455841477,2254439.3712671692,69.34274853269056,71.51660739010691,77.94597616480459,3400.5500647510416,3442.037159667783,3496.2111804770907,92097.09140940016,93227.91129583851,94690.4908081797,63586.460725222816,64476.16175007678,65541.0013870424,97606.12711778138,99795.70022364556,102516.71029947793,580.9890462734701,588.2507956351197,597.6064151706853,396.07126849569227,403.33301785734193,412.6886373929075,772992.6459716517,924259.2238713426,1489465.2812305784,1478091.9043549285,1783377.6239787324,3091222.17843119,208176.03283101556,255457.0253959844,422544.564250937,28722.18808933551,35347.216805169475,52798.69397791862,63009.76973638247,74332.74721475824,107680.2795764472,61705.45971756208,76920.82747448151,122012.18393849829
163,7,511,511,511,1988269.2912160973,2060391.7055387194,2233133.3283757386,69.4051790056827,71.79647022983835,77.39669820611851,3429.0747270818456,3471.2902641948067,3523.3565086300623,92872.13987667844,94042.12964420376,95448.87596637766,64254.134823571396,65173.382899337965,66222.5217083503,99298.27973336991,101567.90876308184,104330.44798301317,586.664950487968,594.0791256950844,602.9527893364645,401.74717271019017,409.16134791730656,418.03501155868673,766363.7381345204,894117.3016371966,1190710.6804392636,1477977.5038587619,1798151.4649698571,3410278.5066689784,206657.8652574046,255857.18598128928,461800.4108948782,29311.321763521904,35551.34285463757,58454.54609975839,63072.50074130299,75999.59170722359,129318.34854827305,62288.61998961085,74148.09161276011,108723.17807206616
164,7,511,511,511,2002010.2015177305,2069638.639776688,2196456.4069187595,69.98398819324493,72.15682873265885,76.14073713601609,3459.503542882556,3502.441335444426,3550.376046540795,93677.5070093383,94866.14776560449,96192.05455166938,64942.18629613308,65854.4924389475,66883.46192167242,101094.72224017903,103283.6313673887,106140.90326337982,592.2289013075394,599.8893019389276,608.6321253473636,407.31112352976163,414.9715241611498,423.7143475695858,751416.6719841759,888126.6505851522,1314800.8901451624,1460715.5057533856,1755479.6693081437,2895887.519587711,197099.28484399992,242461.10418064139,399733.0648993171,28589.042921725897,34317.17097709892,54554.12663671248,61542.65951775978,74046.71728085726,128906.59911085249,61727.25751739885,74721.98617138811,152762.1256703349
165,7,511,511,511,2015817.7736814586,2079622.9257369987,2253315.473468628,70.43256641049521,72.50088098197976,78.21023928467591,3486.712380449227,3531.9979977748144,3580.7085204965942,94448.97479553627,95684.22697950943,97013.43024044123,65625.9032711209,66536.77047103112,67567.32016414072,102715.93143949524,105013.95346863841,107786.39580586627,597.9626635788868,605.5652147690071,614.1399604583813,413.044885801109,420.64743699122926,429.2221826806035,766992.2822328279,893694.4888227682,1333747.8601913294,1450007.8696831032,1719094.960394563,2544358.5789455967,201151.81859605762,244521.11694425647,440731.78585128393,27932.430184055374,35268.2408417831,51257.13659326079,61464.78968013602,73151.91781949684,122136.50806231724,62507.2114219178,74492.01748617704,129382.56060723793
166,7,511,511,511,2026841.0600745804,2088984.5873461647,2237073.085978013,70.89365612757577,72.91445713807505,77.70321901956751,3515.855737307047,3561.4896626347045,3612.216921552937,95272.51505098093,96492.7809707255,97893.58136010492,66295.35163566517,67224.45456028316,68249.27605878245,104463.70835501708,106724.938991293,109520.08367843708,603.6603050371186,611.2508650363706,619.8387791456172,418.7425272593408,426.33308725859274,434.9210013678394,747829.6130047515,887644.8813776852,1453014.364759287,1448297.2887291533,1769988.5683441088,3398953.7437925576,198490.73610644258,238741.5717028489,361734.7565790877,28459.283961519184,34855.8838682754,47140.67240602475,61386.63603775002,73481.90964273232,136469.71668016925,60821.2948910261,72976.63991007414,141015.55054741428
167,7,511,511,511,2035680.8341749762,2094059.6231226427,2248059.0904058143,71.26316521192784,73.14674015439198,78.18620045548253,3545.490032553309,3591.798440786585,3641.9151318727213,96092.43675713752,97311.2966448343,98682.3962018571,66980.96248294364,67896.1236485188,68972.95380253979,106190.98538377284,108427.08972761204,111256.32612102988,609.2390414083209,616.9815657801375,625.5217449342982,424.32126363054306,432.06378800235973,440.6039671565204,748701.4444006566,869970.6777228201,1340283.0537519753,1421264.9129861759,1710365.5481564193,2881199.723299362,192154.14817980627,239898.74549511148,475052.525470083,27319.642893678832,33671.19642830989,52888.71021430991,59187.04378210526,71060.44693470583,118134.81643601616,60204.65798093744,71858.13949815797,105238.58107953376
168,7,511,511,511,2044764.8881114689,2100047.652885643,2269869.4555820934,71.55646127768892,73.41708203227512,78.79494423612462,3577.656583683123,3622.7886090877173,3673.2692726274818,96960.36585866584,98177.99871316423,99580.18389365972,67689.02058973732,68595.37558898711,69666.50199613551,107906.0579430423,110164.09992373493,113036.94455849311,614.9524651356414,622.5788081821012,631.5523927989427,430.0346873578636,437.66103040432336,446.6346150211649,723648.1971722489,845993.650580479,1136634.1572525257,1442739.0493243353,1735894.6946861623,3015736.7892503394,191714.34201847677,238256.02160599447,377897.740375726,27910.82747002848,34404.45406831978,48538.89158099724,59084.81713048836,71007.81818656511,151535.1262515124,58883.74444897945,71355.2062315464,128599.49647305116
169,7,511,511,511,2051385.1076420879,2113866.870471032,2267612.138268123,71.8172177983516,73.94806443991493,78.89544659485446,3608.603988977176,3652.215222080385,3702.6116638383623,97775.24668259648,98989.63003778405,100362.26830160253,68350.34945002646,69281.47466698039,70334.09821385739,109591.05029669293,111945.78443013702,114850.4811034835,620.8529493589222,628.4059076860037,637.331961078907,435.93517158114435,443.4881299082259,452.41418330112924,737670.6902865854,855284.0469629909,1301669.486575319,1398820.381648823,1692556.3219780028,3047543.8086232073,192308.94226835077,239104.14024772152,459912.7139533651,26996.71159378274,32777.58869492003,51358.864736112584,60036.54556755024,72392.49872107177,117242.34190199932,58324.96419232534,71308.48578996239,123061.95396981713
170,7,511,511,511,2059852.404407115,2114733.770799594,2261266.1004552348,72.17323291881075,73.97980867966349,78.73344218202406,3639.0600069202887,3682.990550200953,3733.0357956859602,98614.0654395782,99833.57368010853,101215.93106295515,69039.02144272871,69960.86092036904,71019.2563264151,111332.80592025568,113763.32698031467,116624.34334056998,626.364023194665,634.1234000026144,642.895262893256,441.4462454168872,449.2056222248366,457.9774851154782,768450.7625695248,893638.7689939121,1486396.144601768,1445740.8518170998,1779331.4104946256,2953817.1783563267,194250.65349741903,242329.83413958104,415759.0045993399,27486.407110293505,33525.04755565612,49682.05601117268,60534.91000687983,72246.93516395132,122773.43430859082,60728.57302425784,74244.33963656084,134697.22820821666
171,7,511,511,511,2058972.2520121178,2121942.671615079,2304178.621787788,72.281194749565,74.30734134038369,80.20408451874131,3669.036979971511,3712.776966822932,3764.5329396952247,99457.48266046373,100638.09661591856,102076.68170979797,69716.06581594126,70660.93874562367,71719.82656263595,113232.51527512811,115554.16092337934,118445.42608392889,632.1029564671837,639.7849521141865,648.604913831237,447.1851786894059,454.86717433640865,463.6871360534592,754205.502928559,883128.3082771663,1318455.0724955923,1483998.351684835,1812209.436691233,3478705.054444137,197987.30842684727,236814.32105059666,346913.1611407906,27609.86507819747,34265.54273073171,50784.42964906756,61674.36114991395,74252.3497889963,107847.5742742929,62875.17512321511,75992.3259503307,141982.7088597324
172,7,511,511,511,2066600.9052917233,2119705.687271017,2297357.9951897394,72.53945020501287,74.34130329237718,80.05251571394919,3697.157586699497,3743.548818154146,3795.066924287535,100213.70179138586,101520.87232513634,102888.57763604316,70420.19542735063,71363.10598284373,72421.05379434946,115021.50690877331,117398.77876086277,120236.21476824276,637.7449929106216,645.6189339913084,654.4429991330774,452.8272151328438,460.70115621353057,469.52522135529955,739183.6486110239,861380.4087096391,1146873.5191394484,1450198.5211292258,1776021.232666356,2970237.4228440374,191334.2147753257,237390.8106293359,526544.7747287729,27328.31167391545,33297.75312096654,48261.07506704406,61133.48015926576,72891.90045514029,114735.40931767566,61654.251990962395,73889.84624250028,130315.92558804448
173,7,511,511,511,2082115.2146661507,2136275.4279538784,2307668.6445088345,73.13953234491684,74.94322132731854,80.43718459651934,3728.764886905714,3775.076306311692,3825.3429520976665,101101.44449374618,102340.37977384294,103766.29240408917,71117.38615448005,72063.29867967444,73120.56188504044,116760.26678953753,119222.79819965558,122165.14269163739,643.6127396723664,651.4703276348089,660.2865593973567,458.6949618945886,466.55254985703107,475.36878161957884,741209.8455663654,877869.3527672564,1261650.1147046213,1495552.2636044652,1798208.2955646138,2920236.615850808,195452.9687265861,241893.5009102221,479788.5143487644,26920.398819858783,32786.66033401715,53918.857962715985,60925.76801326043,72298.82627718507,111139.76679232405,60031.657286958725,72384.55482196479,115932.66483404345
174,7,511,511,511,2082597.8800373678,2140316.2367643244,2298068.0446788194,73.2301042739241,75.09359491696482,80.28420292306615,3760.049146783149,3804.648395647451,3858.8120975707598,101979.65825586619,103172.97012658445,104612.91639327687,71796.89299990027,72744.44436307093,73805.0100315941,118614.52893892066,121069.79832908287,124003.96422173227,649.4226623984449,657.3052667750648,666.1157934864482,464.5048846206671,472.38748899728694,481.19801570867037,743909.0696731319,892480.5934496904,1188833.3431814662,1495564.9846877432,1839287.6947894224,2855962.7668546527,194242.65576677563,233095.8508764349,397644.3092856542,26815.82323755991,32965.37402080249,55583.83761967007,60467.49655461011,72485.42084243598,136065.04322692828,60968.92144331715,73972.12965769382,117427.67604608196
175,7,511,511,511,2092152.745104835,2143130.949185271,2303715.1055108635,73.54987031443696,75.29137986009523,80.49968648988259,3788.0714900797266,3836.5022477196926,3886.40854754827,102728.80809544101,104037.39726208354,105419.10402432275,72477.60476427099,73437.92869286872,74489.76116744788,120416.26020204439,122953.80336960778,125903.7058593199,655.0852194436135,662.9814808033689,671.819528041062,470.16744166583567,478.06370302559105,486.90175026328416,735985.019135753,862029.8797073438,1348449.6993677418,1423111.7176646048,1767235.1276271637,3328832.1371629196,191440.25516851913,231159.07244050986,450313.8335542458,26366.86703091682,33296.27445016858,58621.85850221505,59232.90966134774,71321.57860138669,107312.17904640241,59773.59040396923,71057.25744089118,102311.89148519703
176,7,511,511,511,2095245.8693250502,2150402.7232282795,2310421.577375518,73.73185973538288,75.553277623191,80.73887073708788,3817.8148869271467,3866.325405041056,3920.1570250799064,103549.99138402846,104849.90993216936,106322.92568514211,73190.87874139327,74134.43679855159,75223.965663022,122311.31652353176,124773.34239824534,127845.71539202915,660.7578174800361,668.7605168850172,677.5257875065101,475.8400397022583,483.84273910723937,492.6080097287323,728027.6116457969,866353.9123586501,1138941.648295573,1463045.8659485758,1791000.7194669223,2777867.508757679,187189.94352577374,228332.66233530646,405428.8560159655,27079.944400958695,32579.6641856135,43331.39308748455,60009.41846475339,72320.52839818598,114976.53713662572,58914.23033447912,70239.19538803873,97542.51868718144
177,7,511,511,511,2094649.735479698,2162782.6287875995,2324913.334651528,73.7624477750062,76.01415893114024,81.33328160331953,3851.6272936181,3894.533472519764,3947.788811752391,104459.32536815276,105660.49162778883,107120.55860008122,73880.99867002717,74846.16044611871,75934.18655962705,124166.36058038345,126645.30991457961,129746.52608063124,666.7017672893884,674.564751099041,683.6441583029612,481.78398951161057,489.6469733212632,498.72638052518334,727902.662472552,857146.2697929502,1257682.7137992922,1457296.8184096976,1753522.0815331826,2961157.6556992847,184496.08432929617,232496.07189088725,421681.0408399845,26496.104587431473,32148.557834113,50744.90763845664,59143.018819160425,71145.83460779993,120423.88936734942,59562.226414628065,72687.63728675347,138281.01614430803
178,7,511,511,511,2106839.70744036,2164454.4207728608,2319322.7903150236,74.30130742673637,76.17728623389951,81.12209483838451,3881.1505239010908,3927.817479814317,3981.304374648268,105296.42427884483,106545.63654456787,108011.5831574722,74581.91271120986,75546.14180243727,76639.69785516695,126022.88540372603,128563.35720452039,131667.24308191138,672.4527666946709,680.4957814954338,689.5626657746699,487.5349889168931,495.578003717656,504.64488799689207,730200.4925420707,839675.5646606708,1278966.8909057798,1470482.4102081093,1781069.9157502742,3015348.319475753,185784.29855884163,226816.922886408,356577.964671623,25812.527925822524,31572.38218313472,46753.86989728351,60987.562717667155,72165.66954010612,104760.9426835528,60809.204625557526,71529.84914423325,117949.55787978355
179,7,511,511,511,2117887.3543346203,2174414.4121711846,2333451.81597803,74.6864429733287,76.58716424150711,81.72164110993423,3913.0677196155116,3958.0432246657383,4012.711650187366,106177.78799928955,107376.80446387197,108860.74024123473,75282.1788766051,76265.58167767597,77337.4012384311,127978.13396891691,130475.01127673274,133631.9115335656,678.29371703786,686.328959464755,695.4419265708357,493.3759392600822,501.4111816869772,510.52414879305786,751473.9346153426,886424.8197606493,1381470.4282771773,1505557.5423902757,1737397.262693879,3095507.252043487,187021.76700407726,230869.4268482642,465218.5610253641,26719.570716013022,32249.497555565868,45375.25037760741,59689.62587568045,70898.44083447427,124992.25137836371,59279.515749843275,69840.0392795013,109461.04481007397
180,7,511,511,511,2117282.027625619,2183347.889401283,2330581.64649532,74.73830819926927,76.88511391432573,81.71344234319231,3942.9220036748798,3987.8350107140323,4041.5290588770968,106995.44799782822,108224.95493376053,109687.6467347965,75980.16875866055,76962.31449866624,78054.80195374542,129882.12520834879,132428.42408732363,135574.17035389444,684.1292684161536,692.3242917584109,701.2561214313704,499.21149063837584,507.4065139806331,516.3383436535926,745446.6055405255,857099.789907624,1209881.3474133904,1527784.090066046,1833262.809791544,3932905.612006041,190788.8583086026,229235.85262504753,390210.753226385,26110.956148766818,31787.17659357759,47992.8051090978,60373.09073480549,72581.70423615933,119997.59727590007,60788.51663282222,72755.2215442669,110977.99826922428
